thoi_gian,gia,gia_mua,gia_ban,khoi_luong_24h
2025-05-26T09:05:30.590382,109717.3,109717.2,109717.3,
2025-05-26T09:05:30.890341,109717.3,109717.2,109717.3,
2025-05-26T09:05:31.199203,109716,109716,109716.1,
2025-05-26T09:05:31.495629,109716,109716,109716.1,
2025-05-26T09:05:31.797178,109716,109716,109716.1,
2025-05-26T09:05:32.115690,109716,109716,109716.1,
2025-05-26T09:05:32.413454,109716.1,109716,109716.1,
2025-05-26T09:05:32.873754,109716,109716,109716.1,
2025-05-26T09:05:33.076641,109716,109716,109716.1,
2025-05-26T09:05:33.460646,109716,109716,109716.1,
2025-05-26T09:05:33.755859,109716,109716,109716.1,
2025-05-26T09:05:34.109269,109716,109716,109716.1,
2025-05-26T09:05:34.378898,109716,109716,109716.1,
2025-05-26T09:05:34.713308,109716,109716,109716.1,
2025-05-26T09:05:35.088334,109716,109716,109716.1,
2025-05-26T09:05:35.405683,109716,109716,109716.1,
2025-05-26T09:05:35.806329,109716,109716,109716.1,
2025-05-26T09:05:36.770109,109708.3,109708.2,109708.3,
2025-05-26T09:05:37.136491,109708.2,109708.2,109708.3,
2025-05-26T09:05:37.433703,109708.2,109708.2,109708.3,
2025-05-26T09:05:38.472527,109706,109700.7,109700.8,
2025-05-26T09:05:38.805631,109700.7,109699.5,109699.6,
2025-05-26T09:05:39.082085,109699.5,109699.5,109699.6,
2025-05-26T09:05:39.390802,109699.5,109699.5,109699.6,
2025-05-26T09:05:39.698141,109699.5,109699.5,109699.6,
2025-05-26T09:05:40.046161,109699.5,109699.5,109699.6,
2025-05-26T09:05:40.349198,109699.6,109699.5,109699.6,
2025-05-26T09:05:40.718838,109699.5,109699.5,109699.6,
2025-05-26T09:05:41.024472,109699.5,109699.5,109699.6,
2025-05-26T09:05:41.331347,109699.5,109699.5,109699.6,
2025-05-26T09:05:42.250678,109699.5,109699.5,109699.6,
2025-05-26T09:05:42.556447,109699.5,109699.5,109699.6,
2025-05-26T09:05:42.896453,109699.5,109699.5,109699.6,
2025-05-26T09:05:43.221133,109699.5,109699.5,109699.6,
2025-05-26T09:05:43.529165,109699.5,109699.5,109699.6,
2025-05-26T09:05:43.890984,109699.5,109699.5,109699.6,
2025-05-26T09:05:44.197724,109699.5,109699.5,109699.6,
2025-05-26T09:05:44.493234,109699.5,109699.5,109699.6,
2025-05-26T09:05:44.807984,109699.5,109699.5,109699.6,
2025-05-26T09:05:45.210747,109697.9,109697.9,109698,
2025-05-26T09:05:45.646290,109697.9,109697.9,109698,
2025-05-26T09:05:46.686990,109697.9,109697.9,109698,
2025-05-26T09:05:46.967787,109697.9,109697.9,109698,
2025-05-26T09:05:47.283072,109697.9,109697.9,109698,
2025-05-26T09:05:47.809519,109697.9,109697.9,109698,
2025-05-26T09:05:48.110317,109698,109697.9,109698,
2025-05-26T09:05:48.385875,109697.9,109697.9,109698,
2025-05-26T09:05:48.734554,109698,109697.9,109698,
2025-05-26T09:05:49.130600,109698,109697.9,109698,
2025-05-26T09:05:49.418548,109698,109697.9,109698,
2025-05-26T09:05:49.739125,109698,109697.9,109698,
2025-05-26T09:05:50.669328,109673.6,109671.4,109671.5,
2025-05-26T09:05:51.003356,109671.5,109671.4,109671.5,
2025-05-26T09:05:51.351448,109671.5,109671.4,109671.5,
2025-05-26T09:05:51.676090,109671.4,109671.4,109671.5,
2025-05-26T09:05:52.122844,109671.5,109671.4,109671.5,
2025-05-26T09:05:52.811453,109671.5,109671.4,109671.5,
2025-05-26T09:05:52.811453,109671.5,109671.4,109671.5,
2025-05-26T09:05:53.106880,109671.4,109671.4,109671.5,
2025-05-26T09:05:53.429423,109671.5,109671.4,109671.5,
2025-05-26T09:05:53.673295,109671.5,109671.4,109671.5,
2025-05-26T09:05:53.978146,109671.5,109671.4,109671.5,
2025-05-26T09:05:54.336278,109671.4,109671.4,109671.5,
2025-05-26T09:05:54.642504,109671.4,109671.4,109671.5,
2025-05-26T09:05:54.949179,109671.4,109671.4,109671.5,
2025-05-26T09:05:55.246951,109671.4,109671.4,109671.5,
2025-05-26T09:05:55.652934,109671.4,109671.4,109671.5,
2025-05-26T09:05:55.974843,109671.4,109671.4,109671.5,
2025-05-26T09:05:56.269659,109671.4,109671.4,109671.5,
2025-05-26T09:05:56.588129,109671.4,109671.4,109671.5,
2025-05-26T09:05:57.295020,109671.4,109671.4,109671.5,
2025-05-26T09:05:57.602692,109671.4,109671.4,109671.5,
2025-05-26T09:05:57.932703,109671.4,109671.4,109671.5,
2025-05-26T09:05:58.241401,109671.4,109671.4,109671.5,
2025-05-26T09:05:58.542863,109671.4,109671.4,109671.5,
2025-05-26T09:05:58.944580,109671.5,109671.4,109671.5,
2025-05-26T09:05:59.195671,109671.4,109671.4,109671.5,
2025-05-26T09:05:59.492302,109671.4,109671.4,109671.5,
2025-05-26T09:05:59.786147,109671.4,109671.4,109671.5,
2025-05-26T09:06:00.169311,109671.4,109671.4,109671.5,
2025-05-26T09:06:00.576664,109671.4,109671.4,109671.5,
2025-05-26T09:06:00.892558,109671.4,109671.4,109671.5,
2025-05-26T09:06:01.142047,109671.3,109671.3,109671.4,
2025-05-26T09:06:01.535371,109671.3,109671.3,109671.4,
2025-05-26T09:06:01.825908,109671.3,109671.3,109671.4,
2025-05-26T09:06:02.164187,109671.3,109671.3,109671.4,
2025-05-26T09:06:02.476330,109671.3,109671.3,109671.4,
2025-05-26T09:06:02.839342,109671.3,109671.3,109671.4,
2025-05-26T09:06:03.144852,109671.3,109671.3,109671.4,
2025-05-26T09:06:03.442481,109671.3,109671.3,109671.4,
2025-05-26T09:06:03.870228,109671.3,109671.3,109671.4,
2025-05-26T09:06:04.165781,109671.4,109671.3,109671.4,
2025-05-26T09:06:04.485290,109671.4,109671.3,109671.4,
2025-05-26T09:06:04.775586,109671.4,109671.1,109671.3,
2025-05-26T09:06:05.130601,109667.2,109667.2,109667.3,
2025-05-26T09:06:05.498333,109667.3,109667.2,109667.3,
2025-05-26T09:06:05.825746,109667.2,109667.2,109667.3,
2025-05-26T09:06:06.227718,109667.2,109667.2,109667.3,
2025-05-26T09:06:07.129027,109667.2,109667.2,109667.3,
2025-05-26T09:06:07.450085,109667.2,109667.2,109667.3,
2025-05-26T09:06:07.843543,109667.2,109663,109664.1,
2025-05-26T09:06:08.166342,109664,109660,109661.2,
2025-05-26T09:06:08.469619,109664,109660,109660.1,
2025-05-26T09:06:09.630380,109664,109660,109660.1,
2025-05-26T09:06:10.032609,109660.1,109660,109660.1,
2025-05-26T09:06:10.410173,109660,109660,109660.1,
2025-05-26T09:06:10.667163,109660,109660,109660.1,
2025-05-26T09:06:10.967319,109660,109660,109660.1,
2025-05-26T09:06:11.951423,109650,109650,109655.4,
2025-05-26T09:06:12.258803,109638,109628,109630.3,
2025-05-26T09:06:12.598679,109628,109628,109628.1,
2025-05-26T09:06:12.910533,109628,109628,109628.1,
2025-05-26T09:06:13.231747,109628,109628,109628.1,
2025-05-26T09:06:13.592634,109623.8,109623.7,109623.8,
2025-05-26T09:06:14.002565,109614.3,109614.3,109614.4,
2025-05-26T09:06:15.216288,109611.3,109611.3,109611.4,
2025-05-26T09:06:15.536584,109611.3,109611.3,109611.4,
2025-05-26T09:06:15.841039,109611.4,109611.3,109611.4,
2025-05-26T09:06:16.190284,109611.4,109611.3,109611.4,
2025-05-26T09:06:16.767653,109611.4,109611.3,109611.4,
2025-05-26T09:06:17.062444,109611.3,109611.3,109611.4,
2025-05-26T09:06:17.392505,109611.3,109611.3,109611.4,
2025-05-26T09:06:17.706280,109611.3,109611.3,109611.4,
2025-05-26T09:06:18.024772,109611.4,109611.3,109611.4,
2025-05-26T09:06:18.343575,109611.3,109611.3,109611.4,
2025-05-26T09:06:18.717104,109611.3,109611.3,109611.4,
2025-05-26T09:06:19.006775,109611.3,109611.3,109611.4,
2025-05-26T09:06:19.320156,109611.3,109611.3,109611.4,
2025-05-26T09:06:19.733422,109611.3,109611.3,109611.4,
2025-05-26T09:06:19.953553,109611.3,109611.3,109611.4,
2025-05-26T09:06:21.064481,109604.2,109604.2,109604.3,
2025-05-26T09:06:21.987112,109604.2,109604.2,109604.3,
2025-05-26T09:06:22.295141,109604.2,109604.2,109604.3,
2025-05-26T09:06:22.702456,109604.2,109604.2,109604.3,
2025-05-26T09:06:23.329232,109601,109601,109601.1,
2025-05-26T09:06:23.783305,109601.1,109601,109601.1,
2025-05-26T09:06:24.051887,109601.1,109601,109601.1,
2025-05-26T09:06:24.367264,109590.1,109590.1,109590.2,
2025-05-26T09:06:24.870343,109590.1,109587.1,109587.9,
2025-05-26T09:06:25.982660,109580.6,109580.5,109580.6,
2025-05-26T09:06:26.911029,109580.2,109580.2,109580.3,
2025-05-26T09:06:27.354970,109580.3,109580.2,109580.3,
2025-05-26T09:06:27.664329,109580.3,109580.2,109580.3,
2025-05-26T09:06:28.148278,109580.2,109580.2,109580.3,
2025-05-26T09:06:28.694074,109580.2,109580.2,109580.3,
2025-05-26T09:06:29.869649,109580.2,109580.2,109580.3,
2025-05-26T09:06:30.215473,109580.2,109580.2,109580.3,
2025-05-26T09:06:30.916748,109580.2,109580.2,109580.3,
2025-05-26T09:06:31.213771,109580.2,109580.2,109580.3,
2025-05-26T09:06:31.538269,109580.2,109580.2,109580.3,
2025-05-26T09:06:31.838689,109580.2,109580.2,109580.3,
2025-05-26T09:06:32.424461,109580.2,109580.2,109580.3,
2025-05-26T09:06:32.684892,109580.3,109580.2,109580.3,
2025-05-26T09:06:32.993882,109580.2,109580.2,109580.3,
2025-05-26T09:06:33.659368,109580.3,109580.2,109580.3,
2025-05-26T09:06:33.966610,109580.3,109580.2,109580.3,
2025-05-26T09:06:34.285176,109580.2,109580.2,109580.3,
2025-05-26T09:06:34.703918,109580.2,109580.2,109580.3,
2025-05-26T09:06:34.998942,109580.2,109580.2,109580.3,
2025-05-26T09:06:35.599264,109580.2,109580.2,109580.3,
2025-05-26T09:06:36.624302,109580.2,109580.2,109580.3,
2025-05-26T09:06:36.932418,109580.2,109580.2,109580.3,
2025-05-26T09:06:37.256890,109580.3,109580.2,109580.3,
2025-05-26T09:06:37.658877,109580.3,109580.2,109580.3,
2025-05-26T09:06:37.957728,109580.2,109580.2,109580.3,
2025-05-26T09:06:38.269060,109580.2,109580.2,109580.3,
2025-05-26T09:06:38.594728,109580.3,109580.2,109580.3,
2025-05-26T09:06:38.918034,109580.3,109580.2,109580.3,
2025-05-26T09:06:39.216986,109580.3,109580.2,109580.3,
2025-05-26T09:06:39.602129,109580.2,109580.2,109580.3,
2025-05-26T09:06:39.906649,109580.2,109580.2,109580.3,
2025-05-26T09:06:40.213963,109580.3,109580.2,109580.3,
2025-05-26T09:06:40.548905,109580.3,109580.2,109580.3,
2025-05-26T09:06:40.950604,109580.3,109580.2,109580.3,
2025-05-26T09:06:41.257014,109580.3,109580.2,109580.3,
2025-05-26T09:06:41.549598,109580.3,109580.2,109580.3,
2025-05-26T09:06:41.948913,109580.2,109580.2,109580.3,
2025-05-26T09:06:42.207076,109580.2,109580.2,109580.3,
2025-05-26T09:06:42.507052,109580.2,109580.2,109580.3,
2025-05-26T09:06:42.815786,109580.2,109580.2,109580.3,
2025-05-26T09:06:43.181781,109580.2,109580.2,109580.3,
2025-05-26T09:06:43.490598,109580.2,109580.2,109580.3,
2025-05-26T09:06:43.798900,109580.2,109580.2,109580.3,
2025-05-26T09:06:44.415199,109580.2,109580.2,109580.3,
2025-05-26T09:06:44.715115,109580.2,109580.2,109580.3,
2025-05-26T09:06:45.026577,109580.2,109580.2,109580.3,
2025-05-26T09:06:45.365838,109580.2,109580.2,109580.3,
2025-05-26T09:06:45.674712,109580.3,109580.2,109580.3,
2025-05-26T09:06:45.981007,109580.3,109580.2,109580.3,
2025-05-26T09:06:46.363835,109566.7,109566.7,109566.8,
2025-05-26T09:06:46.665377,109566.7,109566.7,109566.8,
2025-05-26T09:06:46.973007,109566.7,109566.7,109566.8,
2025-05-26T09:06:47.271821,109566.7,109566.7,109566.8,
2025-05-26T09:06:47.801037,109566.8,109566.7,109566.8,
2025-05-26T09:06:48.861005,109549.1,109549.1,109549.2,
2025-05-26T09:06:50.090654,109542.4,109536.5,109536.6,
2025-05-26T09:06:50.397205,109542.4,109533.6,109533.8,
2025-05-26T09:06:50.695687,109542.4,109531.5,109531.6,
2025-05-26T09:06:51.374549,109531.6,109531.5,109531.6,
2025-05-26T09:06:51.681423,109528.9,109528,109528.1,
2025-05-26T09:06:52.029425,109522.2,109510.1,109510.6,
2025-05-26T09:06:52.401747,109510.1,109510.1,109510.2,
2025-05-26T09:06:52.707145,109510.1,109510.1,109510.2,
2025-05-26T09:06:52.957783,109500.9,109500,109500.1,
2025-05-26T09:06:53.322392,109500.9,109500,109500.1,
2025-05-26T09:06:53.630260,109500.1,109500,109500.1,
2025-05-26T09:06:53.937642,109500.1,109500,109500.1,
2025-05-26T09:06:54.238915,109487.6,109487.8,109487.9,
2025-05-26T09:06:54.564526,109487.7,109486.2,109486.3,
2025-05-26T09:06:55.165436,109487.7,109486.2,109486.3,
2025-05-26T09:06:55.488911,109465.4,109465.4,109465.5,
2025-05-26T09:06:55.816035,109465.4,109461.5,109461.6,
2025-05-26T09:06:56.130504,109460.1,109460.1,109460.2,
2025-05-26T09:06:56.513686,109478.3,109478.3,109479.8,
2025-05-26T09:06:56.823739,109485,109487.8,109492.4,
2025-05-26T09:06:57.848321,109503.9,109503.9,109504,
2025-05-26T09:06:58.148454,109503.9,109503.9,109504,
2025-05-26T09:06:58.455118,109503.9,109503.9,109504,
2025-05-26T09:06:58.786186,109511.6,109518.6,109520.9,
2025-05-26T09:06:59.199983,109518.6,109518.6,109518.7,
2025-05-26T09:06:59.507205,109518.6,109518.6,109518.7,
2025-05-26T09:06:59.814521,109518.7,109518.6,109518.7,
2025-05-26T09:07:00.127817,109518.6,109518.6,109518.7,
2025-05-26T09:07:00.706278,109518.6,109518.6,109518.7,
2025-05-26T09:07:01.010150,109518.6,109518.6,109518.7,
2025-05-26T09:07:01.335926,109518.6,109531.7,109531.8,
2025-05-26T09:07:01.719286,109531.8,109531.8,109531.9,
2025-05-26T09:07:02.022127,109531.8,109531.8,109531.9,
2025-05-26T09:07:02.337134,109531.8,109531.8,109531.9,
2025-05-26T09:07:02.778115,109531.8,109531.8,109531.9,
2025-05-26T09:07:02.947316,109531.8,109531.8,109531.9,
2025-05-26T09:07:03.256028,109531.8,109531.8,109531.9,
2025-05-26T09:07:03.609784,109531.8,109535.1,109535.2,
2025-05-26T09:07:03.971862,109535.1,109535.1,109535.2,
2025-05-26T09:07:04.280350,109535.1,109535.1,109535.2,
2025-05-26T09:07:04.621973,109535.1,109535.1,109535.2,
2025-05-26T09:07:04.930488,109535.2,109535.1,109535.2,
2025-05-26T09:07:05.300963,109535.1,109535.1,109535.2,
2025-05-26T09:07:05.714282,109535.1,109535.1,109535.2,
2025-05-26T09:07:06.122285,109535.1,109535.1,109535.2,
2025-05-26T09:07:06.418151,109535.1,109535.1,109535.2,
2025-05-26T09:07:06.773656,109535.1,109535.1,109535.2,
2025-05-26T09:07:07.068797,109535.1,109535.1,109535.2,
2025-05-26T09:07:07.392605,109535.2,109535.1,109535.2,
2025-05-26T09:07:07.752004,109535.2,109535.1,109535.2,
2025-05-26T09:07:08.070824,109535.2,109535.1,109535.2,
2025-05-26T09:07:08.379626,109535.2,109535.1,109535.2,
2025-05-26T09:07:08.696502,109535.2,109535.1,109535.2,
2025-05-26T09:07:09.043817,109528.4,109516.9,109517,
2025-05-26T09:07:09.347765,109528.4,109516.9,109517,
2025-05-26T09:07:09.704605,109517,109516.9,109517,
2025-05-26T09:07:10.012218,109517,109516.9,109517,
2025-05-26T09:07:10.353514,109503.9,109503.9,109504,
2025-05-26T09:07:10.673442,109503.9,109503.9,109504,
2025-05-26T09:07:10.971503,109503.9,109503.9,109504,
2025-05-26T09:07:11.345445,109503.9,109503.9,109504,
2025-05-26T09:07:12.263800,109497.6,109497.6,109497.7,
2025-05-26T09:07:12.567867,109497.6,109497.6,109497.7,
2025-05-26T09:07:12.974980,109497.7,109497.6,109497.7,
2025-05-26T09:07:13.290494,109497.7,109497.6,109497.7,
2025-05-26T09:07:13.597473,109497.7,109497.6,109497.7,
2025-05-26T09:07:13.903225,109497.6,109497.6,109497.7,
2025-05-26T09:07:14.219809,109497.6,109497.6,109497.7,
2025-05-26T09:07:14.534330,109497.6,109497.6,109497.7,
2025-05-26T09:07:14.823541,109497.6,109497.5,109497.6,
2025-05-26T09:07:15.136431,109493.7,109492.7,109492.8,
2025-05-26T09:07:16.092218,109492.7,109492.7,109492.8,
2025-05-26T09:07:16.468303,109489,109487.9,109488,
2025-05-26T09:07:17.081329,109489,109487.9,109488,
2025-05-26T09:07:17.392220,109489,109487.9,109488,
2025-05-26T09:07:17.684786,109488,109487.9,109488,
2025-05-26T09:07:18.030187,109487.9,109487.9,109488,
2025-05-26T09:07:18.346231,109488,109487.9,109488,
2025-05-26T09:07:18.662373,109488,109484.4,109484.5,
2025-05-26T09:07:19.130593,109484.5,109484.4,109484.5,
2025-05-26T09:07:20.302935,109484.5,109484.4,109484.5,
2025-05-26T09:07:20.664767,109484.5,109484.4,109484.5,
2025-05-26T09:07:20.971171,109484.5,109484.4,109484.5,
2025-05-26T09:07:21.282599,109484.4,109484.4,109484.5,
2025-05-26T09:07:21.602373,109484.4,109484.4,109484.5,
2025-05-26T09:07:21.992554,109484.4,109484.4,109484.5,
2025-05-26T09:07:22.198723,109484.5,109484.4,109484.5,
2025-05-26T09:07:22.633138,109484.5,109484.4,109484.5,
2025-05-26T09:07:23.775605,109484.4,109484.4,109484.5,
2025-05-26T09:07:24.963013,109484.5,109484.4,109484.5,
2025-05-26T09:07:25.258495,109484.5,109484.4,109484.5,
2025-05-26T09:07:25.569141,109484.4,109484.4,109484.5,
2025-05-26T09:07:26.083334,109484.4,109484.4,109484.5,
2025-05-26T09:07:26.412534,109484.4,109484.4,109484.5,
2025-05-26T09:07:26.693640,109484.4,109484.4,109484.5,
2025-05-26T09:07:27.015203,109484.4,109484.4,109484.5,
2025-05-26T09:07:27.422138,109484.4,109484.4,109484.5,
2025-05-26T09:07:27.669625,109484.5,109484.4,109484.5,
2025-05-26T09:07:27.977835,109466.6,109461.1,109463.4,
2025-05-26T09:07:28.370574,109459.7,109459.6,109459.7,
2025-05-26T09:07:28.693453,109459.7,109459.6,109459.7,
2025-05-26T09:07:29.053940,109459.7,109459.6,109459.7,
2025-05-26T09:07:29.471467,109459.7,109459.6,109459.7,
2025-05-26T09:07:30.086107,109459.7,109459.6,109459.7,
2025-05-26T09:07:30.341942,109459.7,109459.6,109459.7,
2025-05-26T09:07:30.693268,109459.7,109459.6,109459.7,
2025-05-26T09:07:31.015883,109459.7,109459.6,109459.7,
2025-05-26T09:07:31.309987,109459.6,109459.6,109459.7,
2025-05-26T09:07:31.619412,109454.6,109454.6,109454.7,
2025-05-26T09:07:32.035934,109454.6,109454.6,109454.7,
2025-05-26T09:07:32.333973,109454.6,109454.6,109454.7,
2025-05-26T09:07:32.687161,109454.6,109454.6,109454.7,
2025-05-26T09:07:33.583345,109454.7,109454.6,109454.7,
2025-05-26T09:07:33.876199,109454.6,109454.6,109454.7,
2025-05-26T09:07:34.275584,109454.6,109454.6,109454.7,
2025-05-26T09:07:34.628493,109454.6,109454.6,109454.7,
2025-05-26T09:07:34.941160,109454.6,109454.6,109454.7,
2025-05-26T09:07:35.316407,109454.6,109454.6,109454.7,
2025-05-26T09:07:35.809431,109454.6,109454.7,109454.8,
2025-05-26T09:07:37.049407,109470.6,109470.6,109470.7,
2025-05-26T09:07:37.292527,109459.9,109459.9,109461.2,
2025-05-26T09:07:37.668766,109460,109459.9,109460,
2025-05-26T09:07:37.965528,109461.1,109473.9,109474,
2025-05-26T09:07:38.285014,109461.1,109473.9,109474,
2025-05-26T09:07:39.192627,109490.2,109492,109492.4,
2025-05-26T09:07:39.634684,109490.2,109493.6,109493.7,
2025-05-26T09:07:39.934290,109490.2,109493.6,109493.7,
2025-05-26T09:07:40.237587,109516,109517.9,109521.3,
2025-05-26T09:07:40.843327,109516,109521.5,109521.6,
2025-05-26T09:07:41.266071,109521.6,109521.5,109521.6,
2025-05-26T09:07:41.567672,109513.9,109513.9,109514,
2025-05-26T09:07:41.876054,109514,109513.9,109514,
2025-05-26T09:07:42.171686,109513.9,109513.9,109514,
2025-05-26T09:07:42.480737,109513.9,109513.9,109514,
2025-05-26T09:07:42.834798,109513.9,109513.9,109514,
2025-05-26T09:07:43.189505,109513.9,109513.9,109514,
2025-05-26T09:07:43.516106,109514,109513.9,109514,
