thoi_gian,start_time,open_price,high_price,low_price,close_price,base_volume,quote_volume,usdt_volume,instId,timeframe,action,timestamp_api
2025-06-04T16:46:20.743113,2025-06-04T08:27:00,156.75,156.83,156.63,156.66,752.1828,117895.499554,117895.499554,SOLUSDT,candle1m,snapshot,1749030380136
2025-06-04T16:46:20.823781,2025-06-02T23:10:00,152.84,152.88,152.48,152.52,4112.0855,627756.712865,627756.712865,SOLUSDT,candle5m,snapshot,1749030380137
2025-06-04T16:46:20.854888,2025-05-30T12:00:00,165.35,165.82,165.34,165.57,8670.5594,1436499.41435,1436499.41435,SOLUSDT,candle15m,snapshot,1749030380138
2025-06-04T16:46:20.902383,2025-05-14T21:00:00,178.96,178.96,176.54,177.02,85150.4367,15100214.285224,15100214.285224,SOLUSDT,candle1H,snapshot,1749030380140
2025-06-04T16:46:20.916981,2025-06-04T08:27:00,105700.84,105700.84,105678.91,105678.92,14.332681,1514758.0404058,1514758.0404058,BTCUSDT,candle1m,snapshot,1749030380141
2025-06-04T16:46:20.940922,2025-06-02T23:10:00,104308.99,104309.02,104204,104204.01,20.399581,2126760.79188214,2126760.79188214,BTCUSDT,candle5m,snapshot,1749030380143
2025-06-04T16:46:20.960815,2025-05-30T12:00:00,106100,106193.86,106100,106108,55.473431,5888191.33465863,5888191.33465863,BTCUSDT,candle15m,snapshot,1749030380145
2025-06-04T16:46:20.973803,2025-05-14T21:00:00,103939.39,103948.91,102921.05,103270,982.872692,101588798.32405509,101588798.32405509,BTCUSDT,candle1H,snapshot,1749030380147
2025-06-04T16:46:20.986391,2025-06-04T08:27:00,2618.11,2618.49,2615.48,2615.85,48.6246,127243.227444,127243.227444,ETHUSDT,candle1m,snapshot,1749030380148
2025-06-04T16:46:20.995058,2025-06-02T23:10:00,2541.88,2543.07,2537.53,2538.29,315.5192,801372.04731,801372.04731,ETHUSDT,candle5m,snapshot,1749030380150
2025-06-04T16:46:21.010029,2025-05-30T12:00:00,2635.19,2639.52,2632.83,2633.11,616.0793,1624370.782902,1624370.782902,ETHUSDT,candle15m,snapshot,1749030380151
2025-06-04T16:46:21.026436,2025-05-14T21:00:00,2606.58,2606.82,2560,2584.3,17260.5676,44503960.672146,44503960.672146,ETHUSDT,candle1H,snapshot,1749030380153
2025-06-04T16:46:21.026998,2025-06-04T16:45:00,156.99,157.18,156.99,157.18,494.073,77596.120606,77596.120606,SOLUSDT,candle15m,update,1749030380173
2025-06-04T16:46:21.026998,2025-06-04T16:45:00,156.99,157.18,156.99,157.18,494.073,77596.120606,77596.120606,SOLUSDT,candle5m,update,1749030380178
2025-06-04T16:46:21.028025,2025-06-04T16:46:00,157.09,157.18,157.08,157.18,96.1958,15116.789628,15116.789628,SOLUSDT,candle1m,update,1749030380180
2025-06-04T16:46:21.028025,2025-06-04T16:00:00,156.69,157.18,156.3,157.18,13603.8519,2131290.532688,2131290.532688,SOLUSDT,candle1H,update,1749030380184
2025-06-04T16:46:21.028025,2025-06-04T16:46:00,2642.31,2643.4,2642.31,2643.4,16.8798,44612.805878,44612.805878,ETHUSDT,candle1m,update,1749030380338
2025-06-04T16:46:21.180483,2025-06-04T16:45:00,2638.8,2643.4,2638.79,2643.4,78.6395,207672.06193,207672.06193,ETHUSDT,candle15m,update,1749030380727
2025-06-04T16:46:21.188548,2025-06-04T16:45:00,2638.8,2643.4,2638.79,2643.4,78.6395,207672.06193,207672.06193,ETHUSDT,candle5m,update,1749030380731
2025-06-04T16:46:21.193655,2025-06-04T16:00:00,2641.13,2644,2631.82,2643.4,3572.477,9417538.780123,9417538.780123,ETHUSDT,candle1H,update,1749030380734
2025-06-04T16:46:21.568495,2025-06-04T16:45:00,105636.23,105707,105636.23,105706.99,11.088119,1171953.28373439,1171953.28373439,BTCUSDT,candle15m,update,1749030381117
2025-06-04T16:46:21.584658,2025-06-04T16:45:00,105636.23,105707,105636.23,105706.99,11.088119,1171953.28373439,1171953.28373439,BTCUSDT,candle5m,update,1749030381126
2025-06-04T16:46:21.585666,2025-06-04T16:46:00,105706.99,105707,105706.99,105706.99,5.28219,558364.42903208,558364.42903208,BTCUSDT,candle1m,update,1749030381128
2025-06-04T16:46:21.585666,2025-06-04T16:00:00,105434.92,105707,105329,105706.99,111.399704,11746273.35803568,11746273.35803568,BTCUSDT,candle1H,update,1749030381131
2025-06-04T16:46:21.910112,2025-06-04T16:46:00,2642.31,2643.4,2642.31,2643.4,17.5757,46452.343607,46452.343607,ETHUSDT,candle1m,update,1749030381453
2025-06-04T16:46:22.218374,2025-06-04T16:45:00,2638.8,2643.4,2638.79,2643.39,79.2072,209172.716293,209172.716293,ETHUSDT,candle15m,update,1749030381765
2025-06-04T16:46:22.218374,2025-06-04T16:45:00,2638.8,2643.4,2638.79,2643.39,79.2072,209172.716293,209172.716293,ETHUSDT,candle5m,update,1749030381767
2025-06-04T16:46:22.228290,2025-06-04T16:00:00,2641.13,2644,2631.82,2643.39,3573.0447,9419039.434486,9419039.434486,ETHUSDT,candle1H,update,1749030381773
2025-06-04T16:46:22.819008,2025-06-04T16:45:00,105636.23,105707,105636.23,105706.99,11.3528,1199931.91618632,1199931.91618632,BTCUSDT,candle15m,update,1749030382363
2025-06-04T16:46:22.820408,2025-06-04T16:45:00,105636.23,105707,105636.23,105706.99,11.3528,1199931.91618632,1199931.91618632,BTCUSDT,candle5m,update,1749030382366
2025-06-04T16:46:22.821422,2025-06-04T16:46:00,105706.99,105707,105706.99,105706.99,5.546871,586343.06148401,586343.06148401,BTCUSDT,candle1m,update,1749030382367
2025-06-04T16:46:22.826689,2025-06-04T16:00:00,105434.92,105707,105329,105706.99,111.664385,11774251.99048761,11774251.99048761,BTCUSDT,candle1H,update,1749030382371
2025-06-04T16:46:22.943428,2025-06-04T16:46:00,2642.31,2643.4,2642.31,2643.4,18.1437,47953.791832,47953.791832,ETHUSDT,candle1m,update,1749030382490
2025-06-04T16:46:23.346291,2025-06-04T16:45:00,2638.8,2643.4,2638.79,2643.4,79.8249,210805.542032,210805.542032,ETHUSDT,candle15m,update,1749030382877
2025-06-04T16:46:23.346291,2025-06-04T16:45:00,2638.8,2643.4,2638.79,2643.4,79.8249,210805.542032,210805.542032,ETHUSDT,candle5m,update,1749030382881
2025-06-04T16:46:23.346291,2025-06-04T16:00:00,2641.13,2644,2631.82,2643.4,3573.6624,9420672.260225,9420672.260225,ETHUSDT,candle1H,update,1749030382887
2025-06-04T16:46:23.593251,2025-06-04T16:45:00,156.99,157.18,156.99,157.18,494.3161,77634.328697,77634.328697,SOLUSDT,candle15m,update,1749030383145
2025-06-04T16:46:23.610251,2025-06-04T16:45:00,156.99,157.18,156.99,157.18,494.3161,77634.328697,77634.328697,SOLUSDT,candle5m,update,1749030383151
2025-06-04T16:46:23.610251,2025-06-04T16:46:00,157.09,157.18,157.08,157.18,96.4389,15154.997719,15154.997719,SOLUSDT,candle1m,update,1749030383156
2025-06-04T16:46:23.612435,2025-06-04T16:00:00,156.69,157.18,156.3,157.18,13604.095,2131328.740779,2131328.740779,SOLUSDT,candle1H,update,1749030383159
2025-06-04T16:46:23.826739,2025-06-04T16:45:00,105636.23,105707,105636.23,105707,11.68325,1234862.79229433,1234862.79229433,BTCUSDT,candle15m,update,1749030383375
2025-06-04T16:46:23.834996,2025-06-04T16:45:00,105636.23,105707,105636.23,105707,11.68325,1234862.79229433,1234862.79229433,BTCUSDT,candle5m,update,1749030383383
2025-06-04T16:46:23.834996,2025-06-04T16:46:00,105706.99,105707,105706.99,105707,5.877321,621273.93759202,621273.93759202,BTCUSDT,candle1m,update,1749030383386
2025-06-04T16:46:23.843198,2025-06-04T16:00:00,105434.92,105707,105329,105707,111.994835,11809182.86659562,11809182.86659562,BTCUSDT,candle1H,update,1749030383388
2025-06-04T16:46:24.002547,2025-06-04T16:46:00,2642.31,2643.4,2642.31,2643.39,18.652,49297.429064,49297.429064,ETHUSDT,candle1m,update,1749030383554
2025-06-04T16:46:24.486627,2025-06-04T16:45:00,2638.8,2643.8,2638.79,2643.8,92.1813,243469.960178,243469.960178,ETHUSDT,candle15m,update,1749030384035
2025-06-04T16:46:24.509851,2025-06-04T16:45:00,2638.8,2643.8,2638.79,2643.8,92.1813,243469.960178,243469.960178,ETHUSDT,candle5m,update,1749030384041
2025-06-04T16:46:24.509851,2025-06-04T16:00:00,2641.13,2644,2631.82,2643.8,3586.0188,9453336.678371,9453336.678371,ETHUSDT,candle1H,update,1749030384046
2025-06-04T16:46:25.009952,2025-06-04T16:45:00,105636.23,105707,105636.23,105707,11.981361,1266375.21081587,1266375.21081587,BTCUSDT,candle15m,update,1749030384557
2025-06-04T16:46:25.018190,2025-06-04T16:45:00,105636.23,105707,105636.23,105707,11.981361,1266375.21081587,1266375.21081587,BTCUSDT,candle5m,update,1749030384561
2025-06-04T16:46:25.018190,2025-06-04T16:46:00,105706.99,105707,105706.99,105707,6.175432,652786.35611356,652786.35611356,BTCUSDT,candle1m,update,1749030384561
2025-06-04T16:46:25.018190,2025-06-04T16:00:00,105434.92,105707,105329,105707,112.292946,11840695.28511716,11840695.28511716,BTCUSDT,candle1H,update,1749030384565
2025-06-04T16:46:25.127340,2025-06-04T16:46:00,2642.31,2643.8,2642.31,2643.79,31.151,82338.98604,82338.98604,ETHUSDT,candle1m,update,1749030384675
2025-06-04T16:46:25.153601,2025-06-04T16:45:00,156.99,157.25,156.99,157.25,914.2348,143656.844259,143656.844259,SOLUSDT,candle15m,update,1749030384697
2025-06-04T16:46:25.168209,2025-06-04T16:45:00,156.99,157.25,156.99,157.25,914.2348,143656.844259,143656.844259,SOLUSDT,candle5m,update,1749030384705
2025-06-04T16:46:25.168209,2025-06-04T16:46:00,157.09,157.25,157.08,157.25,516.3576,81177.513281,81177.513281,SOLUSDT,candle1m,update,1749030384705
2025-06-04T16:46:25.168209,2025-06-04T16:00:00,156.69,157.25,156.3,157.25,14024.0137,2197351.256341,2197351.256341,SOLUSDT,candle1H,update,1749030384709
2025-06-04T16:46:25.548222,2025-06-04T16:45:00,2638.8,2643.8,2638.79,2643.8,92.7256,244908.975706,244908.975706,ETHUSDT,candle15m,update,1749030385081
2025-06-04T16:46:25.549231,2025-06-04T16:45:00,2638.8,2643.8,2638.79,2643.8,92.7256,244908.975706,244908.975706,ETHUSDT,candle5m,update,1749030385088
2025-06-04T16:46:25.568209,2025-06-04T16:00:00,2641.13,2644,2631.82,2643.8,3586.5631,9454775.693899,9454775.693899,ETHUSDT,candle1H,update,1749030385097
2025-06-04T16:46:26.209648,2025-06-04T16:45:00,156.99,157.28,156.99,157.28,1019.9472,160281.955219,160281.955219,SOLUSDT,candle15m,update,1749030385762
2025-06-04T16:46:26.217961,2025-06-04T16:45:00,156.99,157.28,156.99,157.28,1019.9472,160281.955219,160281.955219,SOLUSDT,candle5m,update,1749030385765
2025-06-04T16:46:26.217961,2025-06-04T16:46:00,157.09,157.28,157.08,157.28,622.07,97802.624241,97802.624241,SOLUSDT,candle1m,update,1749030385765
2025-06-04T16:46:26.217961,2025-06-04T16:00:00,156.69,157.28,156.3,157.28,14129.7261,2213976.367301,2213976.367301,SOLUSDT,candle1H,update,1749030385770
2025-06-04T16:46:26.301305,2025-06-04T16:45:00,105636.23,105707,105636.23,105707,12.349581,1305298.641713,1305298.641713,BTCUSDT,candle15m,update,1749030385852
2025-06-04T16:46:26.317998,2025-06-04T16:45:00,105636.23,105707,105636.23,105707,12.349581,1305298.641713,1305298.641713,BTCUSDT,candle5m,update,1749030385862
2025-06-04T16:46:26.317998,2025-06-04T16:00:00,105434.92,105707,105329,105707,112.661166,11879618.71601429,11879618.71601429,BTCUSDT,candle1H,update,1749030385864
2025-06-04T16:46:26.317998,2025-06-04T16:46:00,105706.99,105707,105706.99,105707,6.543652,691709.78701069,691709.78701069,BTCUSDT,candle1m,update,1749030385866
2025-06-04T16:46:26.351389,2025-06-04T16:46:00,2642.31,2643.81,2642.31,2643.81,31.7886,84024.672615,84024.672615,ETHUSDT,candle1m,update,1749030385883
2025-06-04T16:46:26.576338,2025-06-04T16:45:00,2638.8,2644.44,2638.79,2644.44,94.6325,249950.701585,249950.701585,ETHUSDT,candle15m,update,1749030386121
2025-06-04T16:46:26.584779,2025-06-04T16:45:00,2638.8,2644.44,2638.79,2644.44,94.6325,249950.701585,249950.701585,ETHUSDT,candle5m,update,1749030386127
2025-06-04T16:46:26.584779,2025-06-04T16:00:00,2641.13,2644.44,2631.82,2644.44,3588.47,9459817.419778,9459817.419778,ETHUSDT,candle1H,update,1749030386131
2025-06-04T16:46:27.386378,2025-06-04T16:45:00,156.99,157.31,156.99,157.31,1074.0374,168790.244258,168790.244258,SOLUSDT,candle15m,update,1749030386923
2025-06-04T16:46:27.386378,2025-06-04T16:45:00,156.99,157.31,156.99,157.31,1074.0374,168790.244258,168790.244258,SOLUSDT,candle5m,update,1749030386931
2025-06-04T16:46:27.402690,2025-06-04T16:46:00,157.09,157.31,157.08,157.31,676.1602,106310.91328,106310.91328,SOLUSDT,candle1m,update,1749030386933
2025-06-04T16:46:27.402690,2025-06-04T16:00:00,156.69,157.31,156.3,157.31,14183.8163,2222484.65634,2222484.65634,SOLUSDT,candle1H,update,1749030386937
2025-06-04T16:46:27.426273,2025-06-04T16:46:00,2642.31,2644.45,2642.31,2644.15,33.6261,88883.170804,88883.170804,ETHUSDT,candle1m,update,1749030386973
2025-06-04T16:46:27.442448,2025-06-04T16:45:00,105636.23,105707.01,105636.23,105707,12.701432,1342491.75695493,1342491.75695493,BTCUSDT,candle15m,update,1749030386988
2025-06-04T16:46:27.444680,2025-06-04T16:45:00,105636.23,105707.01,105636.23,105707,12.701432,1342491.75695493,1342491.75695493,BTCUSDT,candle5m,update,1749030386992
2025-06-04T16:46:27.451353,2025-06-04T16:46:00,105706.99,105707.01,105706.99,105707,6.895503,728902.90225262,728902.90225262,BTCUSDT,candle1m,update,1749030386996
2025-06-04T16:46:27.451353,2025-06-04T16:00:00,105434.92,105707.01,105329,105707,113.013017,11916811.83125622,11916811.83125622,BTCUSDT,candle1H,update,1749030386999
2025-06-04T16:46:27.657218,2025-06-04T16:45:00,2638.8,2644.45,2638.79,2644.15,95.2371,251549.429615,251549.429615,ETHUSDT,candle15m,update,1749030387199
2025-06-04T16:46:27.658811,2025-06-04T16:45:00,2638.8,2644.45,2638.79,2644.15,95.2371,251549.429615,251549.429615,ETHUSDT,candle5m,update,1749030387201
2025-06-04T16:46:27.662336,2025-06-04T16:00:00,2641.13,2644.45,2631.82,2644.15,3589.0746,9461416.147808,9461416.147808,ETHUSDT,candle1H,update,1749030387208
2025-06-04T16:46:28.583968,2025-06-04T16:46:00,2642.31,2644.45,2642.31,2644.14,34.167,90313.388788,90313.388788,ETHUSDT,candle1m,update,1749030388129
2025-06-04T16:46:28.707058,2025-06-04T16:45:00,105636.23,105707.01,105636.23,105707,12.95532,1369329.49690911,1369329.49690911,BTCUSDT,candle15m,update,1749030388242
2025-06-04T16:46:28.708984,2025-06-04T16:45:00,105636.23,105707.01,105636.23,105707,12.95532,1369329.49690911,1369329.49690911,BTCUSDT,candle5m,update,1749030388250
2025-06-04T16:46:28.711017,2025-06-04T16:46:00,105706.99,105707.01,105706.99,105707,7.149391,755740.6422068,755740.6422068,BTCUSDT,candle1m,update,1749030388253
2025-06-04T16:46:28.713018,2025-06-04T16:00:00,105434.92,105707.01,105329,105707,113.266905,11943649.5712104,11943649.5712104,BTCUSDT,candle1H,update,1749030388260
2025-06-04T16:46:28.917237,2025-06-04T16:45:00,2638.8,2644.45,2638.79,2644.26,95.7971,253030.16391,253030.16391,ETHUSDT,candle15m,update,1749030388464
2025-06-04T16:46:28.926614,2025-06-04T16:45:00,2638.8,2644.45,2638.79,2644.26,95.7971,253030.16391,253030.16391,ETHUSDT,candle5m,update,1749030388467
2025-06-04T16:46:28.927626,2025-06-04T16:00:00,2641.13,2644.45,2631.82,2644.26,3589.6346,9462896.882103,9462896.882103,ETHUSDT,candle1H,update,1749030388472
2025-06-04T16:46:29.251360,2025-06-04T16:45:00,156.99,157.31,156.99,157.31,1132.7126,178020.43997,178020.43997,SOLUSDT,candle15m,update,1749030388798
2025-06-04T16:46:29.251360,2025-06-04T16:45:00,156.99,157.31,156.99,157.31,1132.7126,178020.43997,178020.43997,SOLUSDT,candle5m,update,1749030388798
2025-06-04T16:46:29.251360,2025-06-04T16:46:00,157.09,157.31,157.08,157.31,734.8354,115541.108992,115541.108992,SOLUSDT,candle1m,update,1749030388798
2025-06-04T16:46:29.251360,2025-06-04T16:00:00,156.69,157.31,156.3,157.31,14242.4915,2231714.852052,2231714.852052,SOLUSDT,candle1H,update,1749030388800
2025-06-04T16:46:29.590779,2025-06-04T16:46:00,2642.31,2644.45,2642.31,2644.27,34.7882,91956.007366,91956.007366,ETHUSDT,candle1m,update,1749030389134
2025-06-04T16:46:29.797088,2025-06-04T16:45:00,105636.23,105707.01,105636.23,105707.01,13.254373,1400941.49368885,1400941.49368885,BTCUSDT,candle15m,update,1749030389337
2025-06-04T16:46:29.798094,2025-06-04T16:45:00,105636.23,105707.01,105636.23,105707.01,13.254373,1400941.49368885,1400941.49368885,BTCUSDT,candle5m,update,1749030389340
2025-06-04T16:46:29.799234,2025-06-04T16:46:00,105706.99,105707.01,105706.99,105707.01,7.448444,787352.63898654,787352.63898654,BTCUSDT,candle1m,update,1749030389342
2025-06-04T16:46:29.799234,2025-06-04T16:00:00,105434.92,105707.01,105329,105707.01,113.565958,11975261.56799014,11975261.56799014,BTCUSDT,candle1H,update,1749030389343
2025-06-04T16:46:29.937362,2025-06-04T16:45:00,2638.8,2644.45,2638.79,2644.27,96.7149,255457.072311,255457.072311,ETHUSDT,candle15m,update,1749030389476
2025-06-04T16:46:29.937362,2025-06-04T16:45:00,2638.8,2644.45,2638.79,2644.27,96.7149,255457.072311,255457.072311,ETHUSDT,candle5m,update,1749030389480
2025-06-04T16:46:29.937362,2025-06-04T16:00:00,2641.13,2644.45,2631.82,2644.27,3590.5524,9465323.790504,9465323.790504,ETHUSDT,candle1H,update,1749030389483
2025-06-04T16:46:30.477491,2025-06-04T16:45:00,156.99,157.31,156.99,157.31,1132.747,178025.851434,178025.851434,SOLUSDT,candle15m,update,1749030390024
2025-06-04T16:46:30.484073,2025-06-04T16:45:00,156.99,157.31,156.99,157.31,1132.747,178025.851434,178025.851434,SOLUSDT,candle5m,update,1749030390031
2025-06-04T16:46:30.484073,2025-06-04T16:46:00,157.09,157.31,157.08,157.31,734.8698,115546.520456,115546.520456,SOLUSDT,candle1m,update,1749030390033
2025-06-04T16:46:30.484073,2025-06-04T16:00:00,156.69,157.31,156.3,157.31,14242.5259,2231720.263516,2231720.263516,SOLUSDT,candle1H,update,1749030390037
2025-06-04T16:46:30.776646,2025-06-04T16:46:00,2642.31,2644.52,2642.31,2644.52,35.6845,94326.164928,94326.164928,ETHUSDT,candle1m,update,1749030390318
2025-06-04T16:46:31.002369,2025-06-04T16:45:00,2638.8,2644.52,2638.79,2644.51,97.3614,257166.732768,257166.732768,ETHUSDT,candle15m,update,1749030390549
2025-06-04T16:46:31.002369,2025-06-04T16:45:00,2638.8,2644.52,2638.79,2644.51,97.3614,257166.732768,257166.732768,ETHUSDT,candle5m,update,1749030390555
2025-06-04T16:46:31.018685,2025-06-04T16:45:00,105636.23,105707.01,105636.23,105707.01,13.619666,1439555.52238328,1439555.52238328,BTCUSDT,candle15m,update,1749030390561
2025-06-04T16:46:31.018685,2025-06-04T16:00:00,2641.13,2644.52,2631.82,2644.51,3591.1989,9467033.450961,9467033.450961,ETHUSDT,candle1H,update,1749030390563
2025-06-04T16:46:31.018685,2025-06-04T16:45:00,105636.23,105707.01,105636.23,105707.01,13.619666,1439555.52238328,1439555.52238328,BTCUSDT,candle5m,update,1749030390566
2025-06-04T16:46:31.026433,2025-06-04T16:46:00,105706.99,105707.01,105706.99,105707.01,7.813737,825966.66768097,825966.66768097,BTCUSDT,candle1m,update,1749030390572
2025-06-04T16:46:31.027477,2025-06-04T16:00:00,105434.92,105707.01,105329,105707.01,113.931251,12013875.59668457,12013875.59668457,BTCUSDT,candle1H,update,1749030390574
2025-06-04T16:46:31.863424,2025-06-04T16:46:00,2642.31,2644.52,2642.31,2644.51,36.4923,96462.402607,96462.402607,ETHUSDT,candle1m,update,1749030391410
2025-06-04T16:46:32.061969,2025-06-04T16:45:00,105636.23,105707.01,105636.23,105707,14.064494,1486576.95721971,1486576.95721971,BTCUSDT,candle15m,update,1749030391606
2025-06-04T16:46:32.065969,2025-06-04T16:45:00,105636.23,105707.01,105636.23,105707,14.064494,1486576.95721971,1486576.95721971,BTCUSDT,candle5m,update,1749030391611
2025-06-04T16:46:32.066950,2025-06-04T16:46:00,105706.99,105707.01,105706.99,105707,8.258565,872988.1025174,872988.1025174,BTCUSDT,candle1m,update,1749030391612
2025-06-04T16:46:32.075977,2025-06-04T16:00:00,105434.92,105707.01,105329,105707,114.376079,12060897.031521,12060897.031521,BTCUSDT,candle1H,update,1749030391616
2025-06-04T16:46:32.088832,2025-06-04T16:45:00,156.99,157.31,156.99,157.31,1157.0398,181847.351802,181847.351802,SOLUSDT,candle15m,update,1749030391630
2025-06-04T16:46:32.089837,2025-06-04T16:45:00,156.99,157.31,156.99,157.31,1157.0398,181847.351802,181847.351802,SOLUSDT,candle5m,update,1749030391636
2025-06-04T16:46:32.101110,2025-06-04T16:46:00,157.09,157.31,157.08,157.31,759.1626,119368.020824,119368.020824,SOLUSDT,candle1m,update,1749030391640
2025-06-04T16:46:32.101110,2025-06-04T16:00:00,156.69,157.31,156.3,157.31,14266.8187,2235541.763884,2235541.763884,SOLUSDT,candle1H,update,1749030391645
2025-06-04T16:46:32.184126,2025-06-04T16:45:00,2638.8,2644.52,2638.79,2644.51,98.1391,259223.370696,259223.370696,ETHUSDT,candle15m,update,1749030391744
2025-06-04T16:46:32.199377,2025-06-04T16:45:00,2638.8,2644.52,2638.79,2644.51,98.1391,259223.370696,259223.370696,ETHUSDT,candle5m,update,1749030391749
2025-06-04T16:46:32.199377,2025-06-04T16:00:00,2641.13,2644.52,2631.82,2644.51,3591.9766,9469090.088889,9469090.088889,ETHUSDT,candle1H,update,1749030391756
2025-06-04T16:46:32.864099,2025-06-04T16:46:00,2642.31,2644.65,2642.31,2644.65,37.0144,97843.113146,97843.113146,ETHUSDT,candle1m,update,1749030392418
2025-06-04T16:46:33.115656,2025-06-04T16:45:00,105636.23,105707.01,105636.23,105707,14.398701,1521904.97748833,1521904.97748833,BTCUSDT,candle15m,update,1749030392660
2025-06-04T16:46:33.126124,2025-06-04T16:45:00,105636.23,105707.01,105636.23,105707,14.398701,1521904.97748833,1521904.97748833,BTCUSDT,candle5m,update,1749030392664
2025-06-04T16:46:33.126124,2025-06-04T16:46:00,105706.99,105707.01,105706.99,105707,8.592772,908316.12278602,908316.12278602,BTCUSDT,candle1m,update,1749030392666
2025-06-04T16:46:33.127174,2025-06-04T16:00:00,105434.92,105707.01,105329,105707,114.710286,12096225.05178962,12096225.05178962,BTCUSDT,candle1H,update,1749030392668
2025-06-04T16:46:33.303261,2025-06-04T16:45:00,2638.8,2644.65,2638.79,2644.65,98.8702,261156.830944,261156.830944,ETHUSDT,candle15m,update,1749030392851
2025-06-04T16:46:33.318550,2025-06-04T16:45:00,2638.8,2644.65,2638.79,2644.65,98.8702,261156.830944,261156.830944,ETHUSDT,candle5m,update,1749030392858
2025-06-04T16:46:33.318550,2025-06-04T16:00:00,2641.13,2644.65,2631.82,2644.65,3592.7077,9471023.549137,9471023.549137,ETHUSDT,candle1H,update,1749030392861
2025-06-04T16:46:34.053487,2025-06-04T16:46:00,2642.31,2644.65,2642.31,2644.65,37.9155,100226.205071,100226.205071,ETHUSDT,candle1m,update,1749030393596
2025-06-04T16:46:34.381150,2025-06-04T16:45:00,105636.23,105707.01,105636.23,105707,14.725246,1556423.07078017,1556423.07078017,BTCUSDT,candle15m,update,1749030393927
2025-06-04T16:46:34.384022,2025-06-04T16:45:00,105636.23,105707.01,105636.23,105707,14.725246,1556423.07078017,1556423.07078017,BTCUSDT,candle5m,update,1749030393931
2025-06-04T16:46:34.388813,2025-06-04T16:46:00,105706.99,105707.01,105706.99,105707,8.919317,942834.21607786,942834.21607786,BTCUSDT,candle1m,update,1749030393936
2025-06-04T16:46:34.393121,2025-06-04T16:00:00,105434.92,105707.01,105329,105707,115.036831,12130743.14508146,12130743.14508146,BTCUSDT,candle1H,update,1749030393938
2025-06-04T16:46:34.405497,2025-06-04T16:45:00,156.99,157.31,156.99,157.31,1157.1112,181858.583736,181858.583736,SOLUSDT,candle15m,update,1749030393943
2025-06-04T16:46:34.406501,2025-06-04T16:45:00,156.99,157.31,156.99,157.31,1157.1112,181858.583736,181858.583736,SOLUSDT,candle5m,update,1749030393950
2025-06-04T16:46:34.413619,2025-06-04T16:46:00,157.09,157.31,157.08,157.31,759.234,119379.252758,119379.252758,SOLUSDT,candle1m,update,1749030393953
2025-06-04T16:46:34.414620,2025-06-04T16:00:00,156.69,157.31,156.3,157.31,14266.8901,2235552.995818,2235552.995818,SOLUSDT,candle1H,update,1749030393955
2025-06-04T16:46:34.414620,2025-06-04T16:45:00,2638.8,2644.65,2638.79,2644.65,99.6491,263216.746359,263216.746359,ETHUSDT,candle15m,update,1749030393955
2025-06-04T16:46:34.414620,2025-06-04T16:45:00,2638.8,2644.65,2638.79,2644.65,99.6491,263216.746359,263216.746359,ETHUSDT,candle5m,update,1749030393959
2025-06-04T16:46:34.418166,2025-06-04T16:00:00,2641.13,2644.65,2631.82,2644.65,3593.4866,9473083.464552,9473083.464552,ETHUSDT,candle1H,update,1749030393965
2025-06-04T16:46:35.066644,2025-06-04T16:46:00,2642.31,2644.86,2642.31,2644.85,41.2487,109041.505608,109041.505608,ETHUSDT,candle1m,update,1749030394612
2025-06-04T16:46:35.432846,2025-06-04T16:45:00,105636.23,105707.01,105636.23,105707,15.014516,1587000.93557694,1587000.93557694,BTCUSDT,candle15m,update,1749030394986
2025-06-04T16:46:35.441887,2025-06-04T16:45:00,105636.23,105707.01,105636.23,105707,15.014516,1587000.93557694,1587000.93557694,BTCUSDT,candle5m,update,1749030394991
2025-06-04T16:46:35.441887,2025-06-04T16:46:00,105706.99,105707.01,105706.99,105707,9.208587,973412.08087463,973412.08087463,BTCUSDT,candle1m,update,1749030394992
2025-06-04T16:46:35.448786,2025-06-04T16:00:00,105434.92,105707.01,105329,105707,115.326101,12161321.00987823,12161321.00987823,BTCUSDT,candle1H,update,1749030394995
2025-06-04T16:46:35.540757,2025-06-04T16:45:00,2638.8,2644.86,2638.79,2644.86,103.1026,272350.26984,272350.26984,ETHUSDT,candle15m,update,1749030395068
2025-06-04T16:46:35.540757,2025-06-04T16:45:00,2638.8,2644.86,2638.79,2644.86,103.1026,272350.26984,272350.26984,ETHUSDT,candle5m,update,1749030395075
2025-06-04T16:46:35.540757,2025-06-04T16:00:00,2641.13,2644.86,2631.82,2644.86,3596.9401,9482216.988033,9482216.988033,ETHUSDT,candle1H,update,1749030395078
2025-06-04T16:46:36.081278,2025-06-04T16:46:00,2642.31,2644.86,2642.31,2644.77,63.0333,166656.802904,166656.802904,ETHUSDT,candle1m,update,1749030395619
2025-06-04T16:46:36.575892,2025-06-04T16:45:00,105636.23,105707.01,105636.23,105707,15.30342,1617540.111364,1617540.111364,BTCUSDT,candle15m,update,1749030396122
2025-06-04T16:46:36.581981,2025-06-04T16:45:00,105636.23,105707.01,105636.23,105707,15.30342,1617540.111364,1617540.111364,BTCUSDT,candle5m,update,1749030396129
2025-06-04T16:46:36.583849,2025-06-04T16:46:00,105706.99,105707.01,105706.99,105707,9.497491,1003951.25666169,1003951.25666169,BTCUSDT,candle1m,update,1749030396131
2025-06-04T16:46:36.583849,2025-06-04T16:00:00,105434.92,105707.01,105329,105707,115.615005,12191860.18566529,12191860.18566529,BTCUSDT,candle1H,update,1749030396133
2025-06-04T16:46:36.602788,2025-06-04T16:45:00,2638.8,2644.86,2638.79,2644.77,124.8689,329917.138747,329917.138747,ETHUSDT,candle15m,update,1749030396149
2025-06-04T16:46:36.613763,2025-06-04T16:45:00,2638.8,2644.86,2638.79,2644.77,124.8689,329917.138747,329917.138747,ETHUSDT,candle5m,update,1749030396153
2025-06-04T16:46:36.613763,2025-06-04T16:00:00,2641.13,2644.86,2631.82,2644.77,3618.7064,9539783.85694,9539783.85694,ETHUSDT,candle1H,update,1749030396156
2025-06-04T16:46:37.236405,2025-06-04T16:46:00,2642.31,2644.86,2642.31,2644.77,63.7266,168490.424308,168490.424308,ETHUSDT,candle1m,update,1749030396776
2025-06-04T16:46:37.571517,2025-06-04T16:45:00,105636.23,105707.01,105636.23,105707,15.505821,1638935.3152889,1638935.3152889,BTCUSDT,candle15m,update,1749030397124
2025-06-04T16:46:37.588301,2025-06-04T16:45:00,105636.23,105707.01,105636.23,105707,15.505821,1638935.3152889,1638935.3152889,BTCUSDT,candle5m,update,1749030397130
2025-06-04T16:46:37.589276,2025-06-04T16:46:00,105706.99,105707.01,105706.99,105707,9.699892,1025346.46058659,1025346.46058659,BTCUSDT,candle1m,update,1749030397133
2025-06-04T16:46:37.592512,2025-06-04T16:00:00,105434.92,105707.01,105329,105707,115.817406,12213255.38959019,12213255.38959019,BTCUSDT,candle1H,update,1749030397139
2025-06-04T16:46:37.751376,2025-06-04T16:45:00,2638.8,2644.86,2638.79,2644.77,125.578,331792.548664,331792.548664,ETHUSDT,candle15m,update,1749030397296
2025-06-04T16:46:37.751376,2025-06-04T16:45:00,2638.8,2644.86,2638.79,2644.77,125.578,331792.548664,331792.548664,ETHUSDT,candle5m,update,1749030397303
2025-06-04T16:46:37.751376,2025-06-04T16:00:00,2641.13,2644.86,2631.82,2644.77,3619.4155,9541659.266857,9541659.266857,ETHUSDT,candle1H,update,1749030397309
2025-06-04T16:46:38.334271,2025-06-04T16:46:00,2642.31,2644.86,2642.31,2644.77,64.4552,170417.404877,170417.404877,ETHUSDT,candle1m,update,1749030397874
2025-06-04T16:46:38.642030,2025-06-04T16:45:00,105636.23,105707.01,105636.23,105707.01,15.80039,1670073.32351759,1670073.32351759,BTCUSDT,candle15m,update,1749030398179
2025-06-04T16:46:38.642517,2025-06-04T16:45:00,105636.23,105707.01,105636.23,105707.01,15.80039,1670073.32351759,1670073.32351759,BTCUSDT,candle5m,update,1749030398185
2025-06-04T16:46:38.643550,2025-06-04T16:46:00,105706.99,105707.01,105706.99,105707.01,9.994461,1056484.46881528,1056484.46881528,BTCUSDT,candle1m,update,1749030398186
2025-06-04T16:46:38.644895,2025-06-04T16:00:00,105434.92,105707.01,105329,105707.01,116.111975,12244393.39781888,12244393.39781888,BTCUSDT,candle1H,update,1749030398191
2025-06-04T16:46:38.816248,2025-06-04T16:45:00,2638.8,2644.86,2638.79,2644.78,126.2916,333679.859217,333679.859217,ETHUSDT,candle15m,update,1749030398363
2025-06-04T16:46:38.816248,2025-06-04T16:45:00,2638.8,2644.86,2638.79,2644.78,126.2916,333679.859217,333679.859217,ETHUSDT,candle5m,update,1749030398367
2025-06-04T16:46:38.816248,2025-06-04T16:00:00,2641.13,2644.86,2631.82,2644.78,3620.1291,9543546.57741,9543546.57741,ETHUSDT,candle1H,update,1749030398371
2025-06-04T16:46:39.449456,2025-06-04T16:46:00,2642.31,2644.86,2642.31,2644.78,65.0207,171913.02612,171913.02612,ETHUSDT,candle1m,update,1749030398991
2025-06-04T16:46:39.767916,2025-06-04T16:45:00,105636.23,105707.01,105636.23,105707.01,16.097287,1701457.41766556,1701457.41766556,BTCUSDT,candle15m,update,1749030399310
2025-06-04T16:46:39.775996,2025-06-04T16:45:00,105636.23,105707.01,105636.23,105707.01,16.097287,1701457.41766556,1701457.41766556,BTCUSDT,candle5m,update,1749030399315
2025-06-04T16:46:39.775996,2025-06-04T16:46:00,105706.99,105707.01,105706.99,105707.01,10.291358,1087868.56296325,1087868.56296325,BTCUSDT,candle1m,update,1749030399316
2025-06-04T16:46:39.776999,2025-06-04T16:00:00,105434.92,105707.01,105329,105707.01,116.408872,12275777.49196685,12275777.49196685,BTCUSDT,candle1H,update,1749030399320
2025-06-04T16:46:39.954922,2025-06-04T16:45:00,2638.8,2644.86,2638.79,2644.78,126.8307,335105.658836,335105.658836,ETHUSDT,candle15m,update,1749030399500
2025-06-04T16:46:39.957844,2025-06-04T16:45:00,2638.8,2644.86,2638.79,2644.78,126.8307,335105.658836,335105.658836,ETHUSDT,candle5m,update,1749030399504
2025-06-04T16:46:39.975384,2025-06-04T16:00:00,2641.13,2644.86,2631.82,2644.78,3620.6682,9544972.377029,9544972.377029,ETHUSDT,candle1H,update,1749030399509
2025-06-04T16:46:40.117413,2025-06-04T16:45:00,156.99,157.31,156.99,157.31,1170.2349,183923.072983,183923.072983,SOLUSDT,candle15m,update,1749030399654
2025-06-04T16:46:40.129478,2025-06-04T16:45:00,156.99,157.31,156.99,157.31,1170.2349,183923.072983,183923.072983,SOLUSDT,candle5m,update,1749030399661
2025-06-04T16:46:40.130477,2025-06-04T16:46:00,157.09,157.31,157.08,157.31,772.3577,121443.742005,121443.742005,SOLUSDT,candle1m,update,1749030399661
2025-06-04T16:46:40.133898,2025-06-04T16:00:00,156.69,157.31,156.3,157.31,14280.0138,2237617.485065,2237617.485065,SOLUSDT,candle1H,update,1749030399667
2025-06-04T16:46:40.589837,2025-06-04T16:46:00,2642.31,2644.86,2642.31,2644.78,65.6758,173645.620794,173645.620794,ETHUSDT,candle1m,update,1749030400136
2025-06-04T16:46:40.826683,2025-06-04T16:45:00,105636.23,105707.01,105636.23,105707.01,16.324346,1725459.14564915,1725459.14564915,BTCUSDT,candle15m,update,1749030400371
2025-06-04T16:46:40.829682,2025-06-04T16:45:00,105636.23,105707.01,105636.23,105707.01,16.324346,1725459.14564915,1725459.14564915,BTCUSDT,candle5m,update,1749030400375
2025-06-04T16:46:40.830685,2025-06-04T16:46:00,105706.99,105707.01,105706.99,105707.01,10.518417,1111870.29094684,1111870.29094684,BTCUSDT,candle1m,update,1749030400377
2025-06-04T16:46:40.832806,2025-06-04T16:00:00,105434.92,105707.01,105329,105707.01,116.635931,12299779.21995044,12299779.21995044,BTCUSDT,candle1H,update,1749030400379
2025-06-04T16:46:41.291333,2025-06-04T16:45:00,2638.8,2644.86,2638.79,2644.77,127.5641,337045.336016,337045.336016,ETHUSDT,candle15m,update,1749030400848
2025-06-04T16:46:41.291333,2025-06-04T16:45:00,2638.8,2644.86,2638.79,2644.77,127.5641,337045.336016,337045.336016,ETHUSDT,candle5m,update,1749030400849
2025-06-04T16:46:41.307222,2025-06-04T16:00:00,2641.13,2644.86,2631.82,2644.77,3621.4016,9546912.054209,9546912.054209,ETHUSDT,candle1H,update,1749030400853
2025-06-04T16:46:41.649422,2025-06-04T16:46:00,2642.31,2644.86,2642.31,2644.77,66.3563,175445.386779,175445.386779,ETHUSDT,candle1m,update,1749030401184
2025-06-04T16:46:41.956913,2025-06-04T16:45:00,105636.23,105707.01,105636.23,105707,16.609367,1755587.86134278,1755587.86134278,BTCUSDT,candle15m,update,1749030401510
2025-06-04T16:46:41.956913,2025-06-04T16:45:00,105636.23,105707.01,105636.23,105707,16.609367,1755587.86134278,1755587.86134278,BTCUSDT,candle5m,update,1749030401513
2025-06-04T16:46:41.956913,2025-06-04T16:46:00,105706.99,105707.01,105706.99,105707,10.803438,1141999.00664047,1141999.00664047,BTCUSDT,candle1m,update,1749030401514
2025-06-04T16:46:41.973725,2025-06-04T16:00:00,105434.92,105707.01,105329,105707,116.920952,12329907.93564407,12329907.93564407,BTCUSDT,candle1H,update,1749030401520
2025-06-04T16:46:41.973725,2025-06-04T16:45:00,156.99,157.32,156.99,157.32,1190.2898,187078.109102,187078.109102,SOLUSDT,candle15m,update,1749030401532
2025-06-04T16:46:41.997474,2025-06-04T16:45:00,156.99,157.32,156.99,157.32,1190.2898,187078.109102,187078.109102,SOLUSDT,candle5m,update,1749030401537
2025-06-04T16:46:41.997474,2025-06-04T16:46:00,157.09,157.32,157.08,157.32,792.4126,124598.778124,124598.778124,SOLUSDT,candle1m,update,1749030401538
2025-06-04T16:46:42.000359,2025-06-04T16:00:00,156.69,157.32,156.3,157.32,14300.0687,2240772.521184,2240772.521184,SOLUSDT,candle1H,update,1749030401540
2025-06-04T16:46:42.382669,2025-06-04T16:45:00,2638.8,2644.86,2638.79,2644.18,137.0352,362094.135759,362094.135759,ETHUSDT,candle15m,update,1749030401934
2025-06-04T16:46:42.382669,2025-06-04T16:45:00,2638.8,2644.86,2638.79,2644.18,137.0352,362094.135759,362094.135759,ETHUSDT,candle5m,update,1749030401939
2025-06-04T16:46:42.399948,2025-06-04T16:00:00,2641.13,2644.86,2631.82,2644.18,3630.8727,9571960.853952,9571960.853952,ETHUSDT,candle1H,update,1749030401946
2025-06-04T16:46:42.641499,2025-06-04T16:46:00,2642.31,2644.86,2642.31,2644.1,75.6393,199996.627833,199996.627833,ETHUSDT,candle1m,update,1749030402183
2025-06-04T16:46:43.051475,2025-06-04T16:45:00,105636.23,105707.01,105636.23,105702,16.95832,1792473.63261983,1792473.63261983,BTCUSDT,candle15m,update,1749030402596
2025-06-04T16:46:43.055486,2025-06-04T16:45:00,105636.23,105707.01,105636.23,105702,16.95832,1792473.63261983,1792473.63261983,BTCUSDT,candle5m,update,1749030402602
2025-06-04T16:46:43.056488,2025-06-04T16:46:00,105706.99,105707.01,105702,105702,11.152391,1178884.77791752,1178884.77791752,BTCUSDT,candle1m,update,1749030402602
2025-06-04T16:46:43.059668,2025-06-04T16:00:00,105434.92,105707.01,105329,105702,117.269905,12366793.70692112,12366793.70692112,BTCUSDT,candle1H,update,1749030402606
2025-06-04T16:46:43.495462,2025-06-04T16:45:00,2638.8,2644.86,2638.79,2644.34,137.9106,364408.847295,364408.847295,ETHUSDT,candle15m,update,1749030403035
2025-06-04T16:46:43.495462,2025-06-04T16:45:00,2638.8,2644.86,2638.79,2644.34,137.9106,364408.847295,364408.847295,ETHUSDT,candle5m,update,1749030403041
2025-06-04T16:46:43.498286,2025-06-04T16:00:00,2641.13,2644.86,2631.82,2644.34,3631.7481,9574275.565488,9574275.565488,ETHUSDT,candle1H,update,1749030403043
2025-06-04T16:46:43.784630,2025-06-04T16:46:00,2642.31,2644.86,2642.31,2644.35,76.5051,202285.982509,202285.982509,ETHUSDT,candle1m,update,1749030403330
2025-06-04T16:46:44.483180,2025-06-04T16:45:00,2638.8,2644.86,2638.79,2643.85,138.4558,365850.461731,365850.461731,ETHUSDT,candle15m,update,1749030404041
2025-06-04T16:46:44.502388,2025-06-04T16:45:00,2638.8,2644.86,2638.79,2643.85,138.4558,365850.461731,365850.461731,ETHUSDT,candle5m,update,1749030404046
2025-06-04T16:46:44.504602,2025-06-04T16:00:00,2641.13,2644.86,2631.82,2643.85,3632.2933,9575717.179924,9575717.179924,ETHUSDT,candle1H,update,1749030404050
2025-06-04T16:46:44.541699,2025-06-04T16:45:00,105636.23,105707.01,105636.23,105700,17.199402,1817956.19740908,1817956.19740908,BTCUSDT,candle15m,update,1749030404099
2025-06-04T16:46:44.541699,2025-06-04T16:45:00,105636.23,105707.01,105636.23,105700,17.199402,1817956.19740908,1817956.19740908,BTCUSDT,candle5m,update,1749030404100
2025-06-04T16:46:44.556283,2025-06-04T16:46:00,105706.99,105707.01,105700,105700,11.393473,1204367.34270677,1204367.34270677,BTCUSDT,candle1m,update,1749030404104
2025-06-04T16:46:44.573482,2025-06-04T16:00:00,105434.92,105707.01,105329,105700,117.510987,12392276.27171037,12392276.27171037,BTCUSDT,candle1H,update,1749030404109
2025-06-04T16:46:44.648871,2025-06-04T16:45:00,156.99,157.32,156.99,157.3,1191.5648,187278.67507,187278.67507,SOLUSDT,candle15m,update,1749030404197
2025-06-04T16:46:44.648871,2025-06-04T16:45:00,156.99,157.32,156.99,157.3,1191.5648,187278.67507,187278.67507,SOLUSDT,candle5m,update,1749030404202
2025-06-04T16:46:44.657411,2025-06-04T16:46:00,157.09,157.32,157.08,157.3,793.6876,124799.344092,124799.344092,SOLUSDT,candle1m,update,1749030404203
2025-06-04T16:46:44.664443,2025-06-04T16:00:00,156.69,157.32,156.3,157.3,14301.3437,2240973.087152,2240973.087152,SOLUSDT,candle1H,update,1749030404209
2025-06-04T16:46:45.059838,2025-06-04T16:46:00,2642.31,2644.86,2642.31,2643.85,77.3926,204632.535391,204632.535391,ETHUSDT,candle1m,update,1749030404606
2025-06-04T16:46:45.657428,2025-06-04T16:45:00,2638.8,2644.86,2638.79,2643.85,139.2599,367976.385612,367976.385612,ETHUSDT,candle15m,update,1749030405201
2025-06-04T16:46:45.657428,2025-06-04T16:45:00,2638.8,2644.86,2638.79,2643.85,139.2599,367976.385612,367976.385612,ETHUSDT,candle5m,update,1749030405206
2025-06-04T16:46:45.673210,2025-06-04T16:00:00,2641.13,2644.86,2631.82,2643.85,3633.0974,9577843.103805,9577843.103805,ETHUSDT,candle1H,update,1749030405215
2025-06-04T16:46:45.772478,2025-06-04T16:45:00,105636.23,105707.01,105636.23,105698.93,17.856117,1887370.76413125,1887370.76413125,BTCUSDT,candle15m,update,1749030405310
2025-06-04T16:46:45.772478,2025-06-04T16:45:00,105636.23,105707.01,105636.23,105698.93,17.856117,1887370.76413125,1887370.76413125,BTCUSDT,candle5m,update,1749030405314
2025-06-04T16:46:45.773848,2025-06-04T16:46:00,105706.99,105707.01,105698.93,105698.93,12.050188,1273781.90942894,1273781.90942894,BTCUSDT,candle1m,update,1749030405316
2025-06-04T16:46:45.775213,2025-06-04T16:00:00,105434.92,105707.01,105329,105698.93,118.167702,12461690.83843254,12461690.83843254,BTCUSDT,candle1H,update,1749030405321
2025-06-04T16:46:46.254509,2025-06-04T16:46:00,2642.31,2644.86,2642.31,2643.85,78.0526,206377.479506,206377.479506,ETHUSDT,candle1m,update,1749030405800
2025-06-04T16:46:46.694207,2025-06-04T16:45:00,2638.8,2644.86,2638.79,2643.86,139.9037,369678.499711,369678.499711,ETHUSDT,candle15m,update,1749030406230
2025-06-04T16:46:46.695209,2025-06-04T16:45:00,2638.8,2644.86,2638.79,2643.86,139.9037,369678.499711,369678.499711,ETHUSDT,candle5m,update,1749030406233
2025-06-04T16:46:46.696209,2025-06-04T16:00:00,2641.13,2644.86,2631.82,2643.86,3633.7412,9579545.217904,9579545.217904,ETHUSDT,candle1H,update,1749030406237
2025-06-04T16:46:47.103966,2025-06-04T16:45:00,105636.23,105707.01,105636.23,105693.21,18.379589,1942700.68017467,1942700.68017467,BTCUSDT,candle15m,update,1749030406646
2025-06-04T16:46:47.104966,2025-06-04T16:45:00,105636.23,105707.01,105636.23,105693.21,18.379589,1942700.68017467,1942700.68017467,BTCUSDT,candle5m,update,1749030406650
2025-06-04T16:46:47.107967,2025-06-04T16:46:00,105706.99,105707.01,105693.21,105693.21,12.57366,1329111.82547236,1329111.82547236,BTCUSDT,candle1m,update,1749030406651
2025-06-04T16:46:47.111966,2025-06-04T16:00:00,105434.92,105707.01,105329,105693.21,118.691174,12517020.75447596,12517020.75447596,BTCUSDT,candle1H,update,1749030406654
2025-06-04T16:46:47.433692,2025-06-04T16:46:00,2642.31,2644.86,2642.31,2644.14,78.9865,208846.699258,208846.699258,ETHUSDT,candle1m,update,1749030406885
2025-06-04T16:46:47.948593,2025-06-04T16:45:00,2638.8,2644.86,2638.79,2644.13,140.8412,372157.331932,372157.331932,ETHUSDT,candle15m,update,1749030407267
2025-06-04T16:46:47.949604,2025-06-04T16:45:00,2638.8,2644.86,2638.79,2644.13,140.8412,372157.331932,372157.331932,ETHUSDT,candle5m,update,1749030407272
2025-06-04T16:46:47.950608,2025-06-04T16:00:00,2641.13,2644.86,2631.82,2644.13,3634.6787,9582024.050125,9582024.050125,ETHUSDT,candle1H,update,1749030407280
2025-06-04T16:46:48.282000,2025-06-04T16:45:00,105636.23,105707.01,105636.23,105693.2,18.701152,1976687.70359794,1976687.70359794,BTCUSDT,candle15m,update,1749030407805
2025-06-04T16:46:48.283082,2025-06-04T16:45:00,105636.23,105707.01,105636.23,105693.2,18.701152,1976687.70359794,1976687.70359794,BTCUSDT,candle5m,update,1749030407813
2025-06-04T16:46:48.283082,2025-06-04T16:46:00,105706.99,105707.01,105693.2,105693.2,12.895223,1363098.84889563,1363098.84889563,BTCUSDT,candle1m,update,1749030407814
2025-06-04T16:46:48.284114,2025-06-04T16:00:00,105434.92,105707.01,105329,105693.2,119.012737,12551007.77789923,12551007.77789923,BTCUSDT,candle1H,update,1749030407818
2025-06-04T16:46:48.626988,2025-06-04T16:46:00,2642.31,2644.86,2642.31,2644.14,79.8223,211056.669011,211056.669011,ETHUSDT,candle1m,update,1749030408160
2025-06-04T16:46:49.348867,2025-06-04T16:45:00,2638.8,2644.86,2638.79,2644.13,141.4549,373780.03904,373780.03904,ETHUSDT,candle15m,update,1749030408374
2025-06-04T16:46:49.349867,2025-06-04T16:45:00,2638.8,2644.86,2638.79,2644.13,141.4549,373780.03904,373780.03904,ETHUSDT,candle5m,update,1749030408379
2025-06-04T16:46:49.349867,2025-06-04T16:00:00,2641.13,2644.86,2631.82,2644.13,3635.2924,9583646.757233,9583646.757233,ETHUSDT,candle1H,update,1749030408384
2025-06-04T16:46:49.938317,2025-06-04T16:45:00,156.99,157.32,156.99,157.29,1223.0061,192224.264147,192224.264147,SOLUSDT,candle15m,update,1749030408865
2025-06-04T16:46:49.939316,2025-06-04T16:45:00,156.99,157.32,156.99,157.29,1223.0061,192224.264147,192224.264147,SOLUSDT,candle5m,update,1749030408867
2025-06-04T16:46:49.940221,2025-06-04T16:46:00,157.09,157.32,157.08,157.29,825.1289,129744.933169,129744.933169,SOLUSDT,candle1m,update,1749030408871
2025-06-04T16:46:49.940221,2025-06-04T16:00:00,156.69,157.32,156.3,157.29,14332.785,2245918.676229,2245918.676229,SOLUSDT,candle1H,update,1749030408875
2025-06-04T16:46:49.941682,2025-06-04T16:45:00,105636.23,105707.01,105636.23,105693.21,19.115188,2020448.4968311,2020448.4968311,BTCUSDT,candle15m,update,1749030408996
2025-06-04T16:46:49.942694,2025-06-04T16:45:00,105636.23,105707.01,105636.23,105693.21,19.115188,2020448.4968311,2020448.4968311,BTCUSDT,candle5m,update,1749030409002
2025-06-04T16:46:49.942694,2025-06-04T16:46:00,105706.99,105707.01,105693.2,105693.21,13.309259,1406859.64212879,1406859.64212879,BTCUSDT,candle1m,update,1749030409005
2025-06-04T16:46:49.943692,2025-06-04T16:00:00,105434.92,105707.01,105329,105693.21,119.426773,12594768.57113239,12594768.57113239,BTCUSDT,candle1H,update,1749030409008
2025-06-04T16:46:49.944698,2025-06-04T16:45:00,2638.8,2644.86,2638.79,2644.3,141.7844,374651.300818,374651.300818,ETHUSDT,candle15m,update,1749030409432
2025-06-04T16:46:49.944698,2025-06-04T16:45:00,2638.8,2644.86,2638.79,2644.3,141.7844,374651.300818,374651.300818,ETHUSDT,candle5m,update,1749030409434
2025-06-04T16:46:49.946076,2025-06-04T16:46:00,2642.31,2644.86,2642.31,2644.3,80.2729,212248.134932,212248.134932,ETHUSDT,candle1m,update,1749030409439
2025-06-04T16:46:49.946076,2025-06-04T16:00:00,2641.13,2644.86,2631.82,2644.3,3635.6219,9584518.019011,9584518.019011,ETHUSDT,candle1H,update,1749030409445
2025-06-04T16:46:50.493626,2025-06-04T16:45:00,105636.23,105707.01,105636.23,105693.2,19.485143,2059550.22659433,2059550.22659433,BTCUSDT,candle15m,update,1749030410014
2025-06-04T16:46:50.494627,2025-06-04T16:45:00,105636.23,105707.01,105636.23,105693.2,19.485143,2059550.22659433,2059550.22659433,BTCUSDT,candle5m,update,1749030410019
2025-06-04T16:46:50.494627,2025-06-04T16:46:00,105706.99,105707.01,105693.2,105693.2,13.679214,1445961.37189202,1445961.37189202,BTCUSDT,candle1m,update,1749030410022
2025-06-04T16:46:50.495626,2025-06-04T16:00:00,105434.92,105707.01,105329,105693.2,119.796728,12633870.30089562,12633870.30089562,BTCUSDT,candle1H,update,1749030410025
2025-06-04T16:46:51.078438,2025-06-04T16:45:00,2638.8,2644.86,2638.79,2644.3,142.6438,376923.816807,376923.816807,ETHUSDT,candle15m,update,1749030410611
2025-06-04T16:46:51.086483,2025-06-04T16:45:00,2638.8,2644.86,2638.79,2644.3,142.6438,376923.816807,376923.816807,ETHUSDT,candle5m,update,1749030410616
2025-06-04T16:46:51.086483,2025-06-04T16:46:00,2642.31,2644.86,2642.31,2644.3,81.1323,214520.650921,214520.650921,ETHUSDT,candle1m,update,1749030410617
2025-06-04T16:46:51.086483,2025-06-04T16:00:00,2641.13,2644.86,2631.82,2644.3,3636.4813,9586790.535,9586790.535,ETHUSDT,candle1H,update,1749030410618
2025-06-04T16:46:51.185910,2025-06-04T16:45:00,156.99,157.32,156.99,157.3,1223.0759,192235.243687,192235.243687,SOLUSDT,candle15m,update,1749030410731
2025-06-04T16:46:51.193941,2025-06-04T16:45:00,156.99,157.32,156.99,157.3,1223.0759,192235.243687,192235.243687,SOLUSDT,candle5m,update,1749030410738
2025-06-04T16:46:51.200207,2025-06-04T16:46:00,157.09,157.32,157.08,157.3,825.1987,129755.912709,129755.912709,SOLUSDT,candle1m,update,1749030410738
2025-06-04T16:46:51.200207,2025-06-04T16:00:00,156.69,157.32,156.3,157.3,14332.8548,2245929.655769,2245929.655769,SOLUSDT,candle1H,update,1749030410743
2025-06-04T16:46:51.988168,2025-06-04T16:45:00,105636.23,105707.01,105636.23,105693.2,19.751524,2087704.88690353,2087704.88690353,BTCUSDT,candle15m,update,1749030411468
2025-06-04T16:46:51.989216,2025-06-04T16:45:00,105636.23,105707.01,105636.23,105693.2,19.751524,2087704.88690353,2087704.88690353,BTCUSDT,candle5m,update,1749030411473
2025-06-04T16:46:51.989216,2025-06-04T16:46:00,105706.99,105707.01,105693.2,105693.2,13.945595,1474116.03220122,1474116.03220122,BTCUSDT,candle1m,update,1749030411475
2025-06-04T16:46:51.989216,2025-06-04T16:00:00,105434.92,105707.01,105329,105693.2,120.063109,12662024.96120482,12662024.96120482,BTCUSDT,candle1H,update,1749030411481
2025-06-04T16:46:52.741076,2025-06-04T16:45:00,2638.8,2644.86,2638.79,2644.3,143.5173,379233.616848,379233.616848,ETHUSDT,candle15m,update,1749030411865
2025-06-04T16:46:52.742091,2025-06-04T16:45:00,2638.8,2644.86,2638.79,2644.3,143.5173,379233.616848,379233.616848,ETHUSDT,candle5m,update,1749030411869
2025-06-04T16:46:52.742091,2025-06-04T16:46:00,2642.31,2644.86,2642.31,2644.3,82.0058,216830.450962,216830.450962,ETHUSDT,candle1m,update,1749030411871
2025-06-04T16:46:52.743088,2025-06-04T16:00:00,2641.13,2644.86,2631.82,2644.3,3637.3548,9589100.335041,9589100.335041,ETHUSDT,candle1H,update,1749030411872
2025-06-04T16:46:53.316117,2025-06-04T16:45:00,105636.23,105707.01,105636.23,105693.21,19.97165,2110970.70928578,2110970.70928578,BTCUSDT,candle15m,update,1749030412506
2025-06-04T16:46:53.317134,2025-06-04T16:45:00,105636.23,105707.01,105636.23,105693.21,19.97165,2110970.70928578,2110970.70928578,BTCUSDT,candle5m,update,1749030412510
2025-06-04T16:46:53.317134,2025-06-04T16:46:00,105706.99,105707.01,105693.2,105693.21,14.165721,1497381.85458347,1497381.85458347,BTCUSDT,candle1m,update,1749030412513
2025-06-04T16:46:53.317134,2025-06-04T16:00:00,105434.92,105707.01,105329,105693.21,120.283235,12685290.78358707,12685290.78358707,BTCUSDT,candle1H,update,1749030412516
2025-06-04T16:46:53.680273,2025-06-04T16:45:00,2638.8,2644.86,2638.79,2644.3,144.2593,381195.688526,381195.688526,ETHUSDT,candle15m,update,1749030412952
2025-06-04T16:46:53.680273,2025-06-04T16:45:00,2638.8,2644.86,2638.79,2644.3,144.2593,381195.688526,381195.688526,ETHUSDT,candle5m,update,1749030412957
2025-06-04T16:46:53.681542,2025-06-04T16:46:00,2642.31,2644.86,2642.31,2644.3,82.7478,218792.52264,218792.52264,ETHUSDT,candle1m,update,1749030412957
2025-06-04T16:46:53.681542,2025-06-04T16:00:00,2641.13,2644.86,2631.82,2644.3,3638.0968,9591062.406719,9591062.406719,ETHUSDT,candle1H,update,1749030412961
2025-06-04T16:46:53.683555,2025-06-04T16:45:00,156.99,157.32,156.99,157.29,1238.0859,194596.166587,194596.166587,SOLUSDT,candle15m,update,1749030413194
2025-06-04T16:46:53.683555,2025-06-04T16:45:00,156.99,157.32,156.99,157.29,1238.0859,194596.166587,194596.166587,SOLUSDT,candle5m,update,1749030413197
2025-06-04T16:46:53.684551,2025-06-04T16:46:00,157.09,157.32,157.08,157.29,840.2087,132116.835609,132116.835609,SOLUSDT,candle1m,update,1749030413201
2025-06-04T16:46:53.684551,2025-06-04T16:00:00,156.69,157.32,156.3,157.29,14347.8648,2248290.578669,2248290.578669,SOLUSDT,candle1H,update,1749030413208
2025-06-04T16:46:54.133622,2025-06-04T16:45:00,105636.23,105707.01,105636.23,105693.2,20.172256,2132173.39992034,2132173.39992034,BTCUSDT,candle15m,update,1749030413620
2025-06-04T16:46:54.135750,2025-06-04T16:45:00,105636.23,105707.01,105636.23,105693.2,20.172256,2132173.39992034,2132173.39992034,BTCUSDT,candle5m,update,1749030413626
2025-06-04T16:46:54.135750,2025-06-04T16:46:00,105706.99,105707.01,105693.2,105693.2,14.366327,1518584.54521803,1518584.54521803,BTCUSDT,candle1m,update,1749030413626
2025-06-04T16:46:54.135750,2025-06-04T16:00:00,105434.92,105707.01,105329,105693.2,120.483841,12706493.47422163,12706493.47422163,BTCUSDT,candle1H,update,1749030413631
2025-06-04T16:46:54.427602,2025-06-04T16:45:00,2638.8,2644.86,2638.79,2644.31,144.8792,382834.892205,382834.892205,ETHUSDT,candle15m,update,1749030413967
2025-06-04T16:46:54.434474,2025-06-04T16:45:00,2638.8,2644.86,2638.79,2644.31,144.8792,382834.892205,382834.892205,ETHUSDT,candle5m,update,1749030413969
2025-06-04T16:46:54.434474,2025-06-04T16:46:00,2642.31,2644.86,2642.31,2644.31,83.3677,220431.726319,220431.726319,ETHUSDT,candle1m,update,1749030413971
2025-06-04T16:46:54.435474,2025-06-04T16:00:00,2641.13,2644.86,2631.82,2644.31,3638.7167,9592701.610398,9592701.610398,ETHUSDT,candle1H,update,1749030413976
2025-06-04T16:46:55.262270,2025-06-04T16:45:00,156.99,157.32,156.99,157.29,1238.1841,194611.613137,194611.613137,SOLUSDT,candle15m,update,1749030414803
2025-06-04T16:46:55.265607,2025-06-04T16:45:00,105636.23,105707.01,105636.23,105693.21,20.51401,2168294.47587429,2168294.47587429,BTCUSDT,candle15m,update,1749030414809
2025-06-04T16:46:55.266615,2025-06-04T16:45:00,156.99,157.32,156.99,157.29,1238.1841,194611.613137,194611.613137,SOLUSDT,candle5m,update,1749030414812
2025-06-04T16:46:55.267612,2025-06-04T16:45:00,105636.23,105707.01,105636.23,105693.21,20.51401,2168294.47587429,2168294.47587429,BTCUSDT,candle5m,update,1749030414813
2025-06-04T16:46:55.268613,2025-06-04T16:46:00,157.09,157.32,157.08,157.29,840.3069,132132.282159,132132.282159,SOLUSDT,candle1m,update,1749030414814
2025-06-04T16:46:55.268613,2025-06-04T16:46:00,105706.99,105707.01,105693.2,105693.21,14.708081,1554705.62117198,1554705.62117198,BTCUSDT,candle1m,update,1749030414814
2025-06-04T16:46:55.270611,2025-06-04T16:00:00,105434.92,105707.01,105329,105693.21,120.825595,12742614.55017558,12742614.55017558,BTCUSDT,candle1H,update,1749030414816
2025-06-04T16:46:55.274995,2025-06-04T16:00:00,156.69,157.32,156.3,157.29,14347.963,2248306.025219,2248306.025219,SOLUSDT,candle1H,update,1749030414820
2025-06-04T16:46:55.595642,2025-06-04T16:45:00,2638.8,2644.86,2638.79,2644.3,145.637,384838.74467,384838.74467,ETHUSDT,candle15m,update,1749030415141
2025-06-04T16:46:55.603024,2025-06-04T16:45:00,2638.8,2644.86,2638.79,2644.3,145.637,384838.74467,384838.74467,ETHUSDT,candle5m,update,1749030415145
2025-06-04T16:46:55.603024,2025-06-04T16:46:00,2642.31,2644.86,2642.31,2644.3,84.1255,222435.578784,222435.578784,ETHUSDT,candle1m,update,1749030415147
2025-06-04T16:46:55.604047,2025-06-04T16:00:00,2641.13,2644.86,2631.82,2644.3,3639.4745,9594705.462863,9594705.462863,ETHUSDT,candle1H,update,1749030415149
2025-06-04T16:46:56.389622,2025-06-04T16:45:00,105636.23,105707.01,105636.23,105693.21,20.712504,2189273.94295536,2189273.94295536,BTCUSDT,candle15m,update,1749030415943
2025-06-04T16:46:56.398046,2025-06-04T16:45:00,105636.23,105707.01,105636.23,105693.21,20.712504,2189273.94295536,2189273.94295536,BTCUSDT,candle5m,update,1749030415949
2025-06-04T16:46:56.406280,2025-06-04T16:46:00,105706.99,105707.01,105693.2,105693.21,14.906575,1575685.08825305,1575685.08825305,BTCUSDT,candle1m,update,1749030415953
2025-06-04T16:46:56.406280,2025-06-04T16:00:00,105434.92,105707.01,105329,105693.21,121.024089,12763594.01725665,12763594.01725665,BTCUSDT,candle1H,update,1749030415957
2025-06-04T16:46:56.629729,2025-06-04T16:45:00,2638.8,2644.86,2638.79,2644.3,146.3296,386670.184762,386670.184762,ETHUSDT,candle15m,update,1749030416189
2025-06-04T16:46:56.645803,2025-06-04T16:45:00,2638.8,2644.86,2638.79,2644.3,146.3296,386670.184762,386670.184762,ETHUSDT,candle5m,update,1749030416195
2025-06-04T16:46:56.645803,2025-06-04T16:46:00,2642.31,2644.86,2642.31,2644.3,84.8181,224267.018876,224267.018876,ETHUSDT,candle1m,update,1749030416196
2025-06-04T16:46:56.645803,2025-06-04T16:00:00,2641.13,2644.86,2631.82,2644.3,3640.1671,9596536.902955,9596536.902955,ETHUSDT,candle1H,update,1749030416198
2025-06-04T16:46:57.448559,2025-06-04T16:45:00,105636.23,105707.01,105636.23,105693.2,21.038363,2223715.02524287,2223715.02524287,BTCUSDT,candle15m,update,1749030417005
2025-06-04T16:46:57.464290,2025-06-04T16:45:00,105636.23,105707.01,105636.23,105693.2,21.038363,2223715.02524287,2223715.02524287,BTCUSDT,candle5m,update,1749030417009
2025-06-04T16:46:57.465530,2025-06-04T16:46:00,105706.99,105707.01,105693.2,105693.2,15.232434,1610126.17054056,1610126.17054056,BTCUSDT,candle1m,update,1749030417013
2025-06-04T16:46:57.470823,2025-06-04T16:00:00,105434.92,105707.01,105329,105693.2,121.349948,12798035.09954416,12798035.09954416,BTCUSDT,candle1H,update,1749030417017
2025-06-04T16:46:57.855263,2025-06-04T16:45:00,2638.8,2644.86,2638.79,2644.29,146.9798,388389.50346,388389.50346,ETHUSDT,candle15m,update,1749030417393
2025-06-04T16:46:57.855263,2025-06-04T16:45:00,2638.8,2644.86,2638.79,2644.29,146.9798,388389.50346,388389.50346,ETHUSDT,candle5m,update,1749030417397
2025-06-04T16:46:57.858858,2025-06-04T16:46:00,2642.31,2644.86,2642.31,2644.29,85.4683,225986.337574,225986.337574,ETHUSDT,candle1m,update,1749030417398
2025-06-04T16:46:57.858858,2025-06-04T16:00:00,2641.13,2644.86,2631.82,2644.29,3640.8173,9598256.221653,9598256.221653,ETHUSDT,candle1H,update,1749030417401
2025-06-04T16:46:58.553419,2025-06-04T16:45:00,105636.23,105707.01,105636.23,105693.21,21.255634,2246679.09467278,2246679.09467278,BTCUSDT,candle15m,update,1749030418100
2025-06-04T16:46:58.565412,2025-06-04T16:45:00,105636.23,105707.01,105636.23,105693.21,21.255634,2246679.09467278,2246679.09467278,BTCUSDT,candle5m,update,1749030418106
2025-06-04T16:46:58.565412,2025-06-04T16:46:00,105706.99,105707.01,105693.2,105693.21,15.449705,1633090.23997047,1633090.23997047,BTCUSDT,candle1m,update,1749030418110
2025-06-04T16:46:58.572422,2025-06-04T16:00:00,105434.92,105707.01,105329,105693.21,121.567219,12820999.16897407,12820999.16897407,BTCUSDT,candle1H,update,1749030418116
2025-06-04T16:46:58.982263,2025-06-04T16:45:00,2638.8,2644.86,2638.79,2643.78,147.479,389709.431021,389709.431021,ETHUSDT,candle15m,update,1749030418523
2025-06-04T16:46:58.983263,2025-06-04T16:45:00,2638.8,2644.86,2638.79,2643.78,147.479,389709.431021,389709.431021,ETHUSDT,candle5m,update,1749030418527
2025-06-04T16:46:58.984270,2025-06-04T16:46:00,2642.31,2644.86,2642.31,2643.78,85.9675,227306.265135,227306.265135,ETHUSDT,candle1m,update,1749030418527
2025-06-04T16:46:58.984270,2025-06-04T16:00:00,2641.13,2644.86,2631.82,2643.78,3641.3165,9599576.149214,9599576.149214,ETHUSDT,candle1H,update,1749030418530
2025-06-04T16:46:59.233033,2025-06-04T16:45:00,156.99,157.32,156.99,157.3,1238.2928,194628.711647,194628.711647,SOLUSDT,candle15m,update,1749030418777
2025-06-04T16:46:59.237049,2025-06-04T16:45:00,156.99,157.32,156.99,157.3,1238.2928,194628.711647,194628.711647,SOLUSDT,candle5m,update,1749030418782
2025-06-04T16:46:59.240543,2025-06-04T16:46:00,157.09,157.32,157.08,157.3,840.4156,132149.380669,132149.380669,SOLUSDT,candle1m,update,1749030418786
2025-06-04T16:46:59.245142,2025-06-04T16:00:00,156.69,157.32,156.3,157.3,14348.0717,2248323.123729,2248323.123729,SOLUSDT,candle1H,update,1749030418791
2025-06-04T16:46:59.714567,2025-06-04T16:45:00,105636.23,105707.01,105636.23,105693.21,21.550262,2277819.27204056,2277819.27204056,BTCUSDT,candle15m,update,1749030419256
2025-06-04T16:46:59.714567,2025-06-04T16:45:00,105636.23,105707.01,105636.23,105693.21,21.550262,2277819.27204056,2277819.27204056,BTCUSDT,candle5m,update,1749030419262
2025-06-04T16:46:59.714567,2025-06-04T16:46:00,105706.99,105707.01,105693.2,105693.21,15.744333,1664230.41733825,1664230.41733825,BTCUSDT,candle1m,update,1749030419266
2025-06-04T16:46:59.714567,2025-06-04T16:00:00,105434.92,105707.01,105329,105693.21,121.861847,12852139.34634185,12852139.34634185,BTCUSDT,candle1H,update,1749030419267
2025-06-04T16:47:00.482654,2025-06-04T16:47:00,157.3,157.3,157.3,157.3,0,0,0,SOLUSDT,candle1m,update,1749030420028
2025-06-04T16:47:00.526283,2025-06-04T16:45:00,2638.8,2644.86,2638.79,2644.24,150.3015,397171.540248,397171.540248,ETHUSDT,candle15m,update,1749030420070
2025-06-04T16:47:00.534518,2025-06-04T16:45:00,2638.8,2644.86,2638.79,2644.24,150.3015,397171.540248,397171.540248,ETHUSDT,candle5m,update,1749030420075
2025-06-04T16:47:00.534518,2025-06-04T16:46:00,2642.31,2644.86,2642.31,2643.78,88.6942,234515.05617,234515.05617,ETHUSDT,candle1m,update,1749030420076
2025-06-04T16:47:00.534518,2025-06-04T16:00:00,2641.13,2644.86,2631.82,2644.24,3644.139,9607038.258441,9607038.258441,ETHUSDT,candle1H,update,1749030420078
2025-06-04T16:47:00.557748,2025-06-04T16:46:00,105706.99,105707.01,105693.2,105693.21,15.87698,1678250.30357728,1678250.30357728,BTCUSDT,candle1m,update,1749030420105
2025-06-04T16:47:00.904250,2025-06-04T16:45:00,105636.23,105707.01,105636.23,105693.2,21.803547,2304589.77454119,2304589.77454119,BTCUSDT,candle15m,update,1749030420458
2025-06-04T16:47:00.904250,2025-06-04T16:45:00,105636.23,105707.01,105636.23,105693.2,21.803547,2304589.77454119,2304589.77454119,BTCUSDT,candle5m,update,1749030420463
2025-06-04T16:47:00.921438,2025-06-04T16:00:00,105434.92,105707.01,105329,105693.2,122.115132,12878909.84884248,12878909.84884248,BTCUSDT,candle1H,update,1749030420469
2025-06-04T16:47:01.020365,2025-06-04T16:45:00,156.99,157.32,156.99,157.3,1261.5466,198286.534387,198286.534387,SOLUSDT,candle15m,update,1749030420561
2025-06-04T16:47:01.038173,2025-06-04T16:45:00,156.99,157.32,156.99,157.3,1261.5466,198286.534387,198286.534387,SOLUSDT,candle5m,update,1749030420569
2025-06-04T16:47:01.038173,2025-06-04T16:00:00,156.69,157.32,156.3,157.3,14371.3255,2251980.946469,2251980.946469,SOLUSDT,candle1H,update,1749030420574
2025-06-04T16:47:01.539934,2025-06-04T16:45:00,2638.8,2644.86,2638.79,2644.25,151.2094,399572.251021,399572.251021,ETHUSDT,candle15m,update,1749030421084
2025-06-04T16:47:01.545225,2025-06-04T16:45:00,2638.8,2644.86,2638.79,2644.25,151.2094,399572.251021,399572.251021,ETHUSDT,candle5m,update,1749030421086
2025-06-04T16:47:01.547183,2025-06-04T16:47:00,2643.78,2644.25,2643.78,2644.25,1.0037,2654.028965,2654.028965,ETHUSDT,candle1m,update,1749030421088
2025-06-04T16:47:01.547183,2025-06-04T16:00:00,2641.13,2644.86,2631.82,2644.25,3645.0469,9609438.969214,9609438.969214,ETHUSDT,candle1H,update,1749030421092
2025-06-04T16:47:01.765992,2025-06-04T16:47:00,105693.21,105693.21,105693.2,105693.21,0.425657,44989.05235821,44989.05235821,BTCUSDT,candle1m,update,1749030421293
2025-06-04T16:47:02.220841,2025-06-04T16:45:00,105636.23,105707.01,105636.23,105693.21,22.171493,2343479.16726347,2343479.16726347,BTCUSDT,candle15m,update,1749030421750
2025-06-04T16:47:02.220841,2025-06-04T16:45:00,105636.23,105707.01,105636.23,105693.21,22.171493,2343479.16726347,2343479.16726347,BTCUSDT,candle5m,update,1749030421756
2025-06-04T16:47:02.234045,2025-06-04T16:00:00,105434.92,105707.01,105329,105693.21,122.483078,12917799.24156476,12917799.24156476,BTCUSDT,candle1H,update,1749030421757
2025-06-04T16:47:02.747521,2025-06-04T16:45:00,2638.8,2644.86,2638.79,2643.64,152.4374,402818.990975,402818.990975,ETHUSDT,candle15m,update,1749030422297
2025-06-04T16:47:02.754251,2025-06-04T16:45:00,2638.8,2644.86,2638.79,2643.64,152.4374,402818.990975,402818.990975,ETHUSDT,candle5m,update,1749030422302
2025-06-04T16:47:02.759510,2025-06-04T16:47:00,2643.78,2644.25,2643.64,2643.64,2.2317,5900.768919,5900.768919,ETHUSDT,candle1m,update,1749030422305
2025-06-04T16:47:02.772105,2025-06-04T16:00:00,2641.13,2644.86,2631.82,2643.64,3646.2749,9612685.709168,9612685.709168,ETHUSDT,candle1H,update,1749030422313
2025-06-04T16:47:03.394378,2025-06-04T16:45:00,105636.23,105707.01,105636.23,105693.2,22.381849,2365712.36604267,2365712.36604267,BTCUSDT,candle15m,update,1749030422937
2025-06-04T16:47:03.396007,2025-06-04T16:45:00,105636.23,105707.01,105636.23,105693.2,22.381849,2365712.36604267,2365712.36604267,BTCUSDT,candle5m,update,1749030422941
2025-06-04T16:47:03.405375,2025-06-04T16:47:00,105693.21,105693.21,105693.2,105693.2,0.69894,73873.20776308,73873.20776308,BTCUSDT,candle1m,update,1749030422944
2025-06-04T16:47:03.405375,2025-06-04T16:00:00,105434.92,105707.01,105329,105693.2,122.693434,12940032.44034396,12940032.44034396,BTCUSDT,candle1H,update,1749030422948
2025-06-04T16:47:03.863244,2025-06-04T16:45:00,2638.8,2644.86,2638.79,2643.64,153.2684,405015.853708,405015.853708,ETHUSDT,candle15m,update,1749030423400
2025-06-04T16:47:03.864245,2025-06-04T16:45:00,2638.8,2644.86,2638.79,2643.64,153.2684,405015.853708,405015.853708,ETHUSDT,candle5m,update,1749030423404
2025-06-04T16:47:03.865246,2025-06-04T16:47:00,2643.78,2644.25,2643.63,2643.64,3.0627,8097.631652,8097.631652,ETHUSDT,candle1m,update,1749030423406
2025-06-04T16:47:03.868244,2025-06-04T16:00:00,2641.13,2644.86,2631.82,2643.64,3647.1059,9614882.571901,9614882.571901,ETHUSDT,candle1H,update,1749030423412
2025-06-04T16:47:03.922578,2025-06-04T16:45:00,156.99,157.32,156.99,157.32,1353.9566,212824.475587,212824.475587,SOLUSDT,candle15m,update,1749030423481
2025-06-04T16:47:03.939338,2025-06-04T16:45:00,156.99,157.32,156.99,157.32,1353.9566,212824.475587,212824.475587,SOLUSDT,candle5m,update,1749030423485
2025-06-04T16:47:03.939338,2025-06-04T16:47:00,157.3,157.32,157.3,157.32,115.6638,18195.76394,18195.76394,SOLUSDT,candle1m,update,1749030423487
2025-06-04T16:47:03.939338,2025-06-04T16:00:00,156.69,157.32,156.3,157.32,14463.7355,2266518.887669,2266518.887669,SOLUSDT,candle1H,update,1749030423495
2025-06-04T16:47:04.922015,2025-06-04T16:45:00,105636.23,105707.01,105636.23,105693.2,22.638738,2392863.7871647,2392863.7871647,BTCUSDT,candle15m,update,1749030424463
2025-06-04T16:47:04.923101,2025-06-04T16:45:00,105636.23,105707.01,105636.23,105693.2,22.638738,2392863.7871647,2392863.7871647,BTCUSDT,candle5m,update,1749030424466
2025-06-04T16:47:04.937619,2025-06-04T16:47:00,105693.21,105693.21,105693.2,105693.2,0.955829,101024.62888511,101024.62888511,BTCUSDT,candle1m,update,1749030424469
2025-06-04T16:47:04.938565,2025-06-04T16:00:00,105434.92,105707.01,105329,105693.2,122.950323,12967183.86146599,12967183.86146599,BTCUSDT,candle1H,update,1749030424473
2025-06-04T16:47:05.090495,2025-06-04T16:45:00,2638.8,2644.86,2638.79,2643.64,154.1511,407349.394736,407349.394736,ETHUSDT,candle15m,update,1749030424629
2025-06-04T16:47:05.090495,2025-06-04T16:45:00,2638.8,2644.86,2638.79,2643.64,154.1511,407349.394736,407349.394736,ETHUSDT,candle5m,update,1749030424634
2025-06-04T16:47:05.091921,2025-06-04T16:47:00,2643.78,2644.25,2643.63,2643.64,3.9454,10431.17268,10431.17268,ETHUSDT,candle1m,update,1749030424635
2025-06-04T16:47:05.096812,2025-06-04T16:00:00,2641.13,2644.86,2631.82,2643.64,3647.9886,9617216.112929,9617216.112929,ETHUSDT,candle1H,update,1749030424642
2025-06-04T16:47:06.105152,2025-06-04T16:45:00,2638.8,2644.86,2638.79,2643.28,160.186,423303.07702,423303.07702,ETHUSDT,candle15m,update,1749030425652
2025-06-04T16:47:06.114494,2025-06-04T16:45:00,2638.8,2644.86,2638.79,2643.28,160.186,423303.07702,423303.07702,ETHUSDT,candle5m,update,1749030425657
2025-06-04T16:47:06.121288,2025-06-04T16:47:00,2643.78,2644.25,2643.28,2643.28,9.9803,26384.854964,26384.854964,ETHUSDT,candle1m,update,1749030425662
2025-06-04T16:47:06.121820,2025-06-04T16:00:00,2641.13,2644.86,2631.82,2643.28,3654.0235,9633169.795213,9633169.795213,ETHUSDT,candle1H,update,1749030425667
2025-06-04T16:47:06.523002,2025-06-04T16:45:00,105636.23,105707.01,105636.23,105693.2,22.833309,2413428.6187819,2413428.6187819,BTCUSDT,candle15m,update,1749030426054
2025-06-04T16:47:06.523002,2025-06-04T16:45:00,105636.23,105707.01,105636.23,105693.2,22.833309,2413428.6187819,2413428.6187819,BTCUSDT,candle5m,update,1749030426056
2025-06-04T16:47:06.523002,2025-06-04T16:47:00,105693.21,105693.21,105693.2,105693.2,1.1504,121589.46050231,121589.46050231,BTCUSDT,candle1m,update,1749030426059
2025-06-04T16:47:06.523002,2025-06-04T16:00:00,105434.92,105707.01,105329,105693.2,123.144894,12987748.69308319,12987748.69308319,BTCUSDT,candle1H,update,1749030426060
2025-06-04T16:47:07.315813,2025-06-04T16:45:00,2638.8,2644.86,2638.79,2643.29,161.0548,425599.566157,425599.566157,ETHUSDT,candle15m,update,1749030426725
2025-06-04T16:47:07.315813,2025-06-04T16:45:00,2638.8,2644.86,2638.79,2643.29,161.0548,425599.566157,425599.566157,ETHUSDT,candle5m,update,1749030426727
2025-06-04T16:47:07.330368,2025-06-04T16:47:00,2643.78,2644.25,2643.28,2643.29,10.8491,28681.344101,28681.344101,ETHUSDT,candle1m,update,1749030426728
2025-06-04T16:47:07.330368,2025-06-04T16:00:00,2641.13,2644.86,2631.82,2643.29,3654.8923,9635466.28435,9635466.28435,ETHUSDT,candle1H,update,1749030426731
2025-06-04T16:47:07.610782,2025-06-04T16:45:00,105636.23,105707.01,105636.23,105693.2,23.143371,2446200.06430346,2446200.06430346,BTCUSDT,candle15m,update,1749030427158
2025-06-04T16:47:07.616966,2025-06-04T16:45:00,105636.23,105707.01,105636.23,105693.2,23.143371,2446200.06430346,2446200.06430346,BTCUSDT,candle5m,update,1749030427161
2025-06-04T16:47:07.628663,2025-06-04T16:47:00,105693.21,105693.21,105693.2,105693.2,1.460462,154360.90602387,154360.90602387,BTCUSDT,candle1m,update,1749030427165
2025-06-04T16:47:07.629027,2025-06-04T16:00:00,105434.92,105707.01,105329,105693.2,123.454956,13020520.13860475,13020520.13860475,BTCUSDT,candle1H,update,1749030427167
2025-06-04T16:47:08.462231,2025-06-04T16:45:00,2638.8,2644.86,2638.79,2643.29,162.4005,429156.638968,429156.638968,ETHUSDT,candle15m,update,1749030428002
2025-06-04T16:47:08.479095,2025-06-04T16:45:00,2638.8,2644.86,2638.79,2643.29,162.4005,429156.638968,429156.638968,ETHUSDT,candle5m,update,1749030428007
2025-06-04T16:47:08.479095,2025-06-04T16:47:00,2643.78,2644.25,2643.28,2643.29,12.1948,32238.416912,32238.416912,ETHUSDT,candle1m,update,1749030428008
2025-06-04T16:47:08.479095,2025-06-04T16:00:00,2641.13,2644.86,2631.82,2643.29,3656.238,9639023.357161,9639023.357161,ETHUSDT,candle1H,update,1749030428011
2025-06-04T16:47:08.705398,2025-06-04T16:45:00,105636.23,105707.01,105636.23,105693.2,23.354237,2468487.16694483,2468487.16694483,BTCUSDT,candle15m,update,1749030428241
2025-06-04T16:47:08.705398,2025-06-04T16:45:00,105636.23,105707.01,105636.23,105693.2,23.354237,2468487.16694483,2468487.16694483,BTCUSDT,candle5m,update,1749030428246
2025-06-04T16:47:08.705398,2025-06-04T16:47:00,105693.21,105693.21,105693.2,105693.2,1.671328,176648.00866524,176648.00866524,BTCUSDT,candle1m,update,1749030428249
2025-06-04T16:47:08.705398,2025-06-04T16:00:00,105434.92,105707.01,105329,105693.2,123.665822,13042807.24124612,13042807.24124612,BTCUSDT,candle1H,update,1749030428252
2025-06-04T16:47:09.464490,2025-06-04T16:45:00,156.99,157.32,156.99,157.32,1353.9774,212827.747807,212827.747807,SOLUSDT,candle15m,update,1749030428994
2025-06-04T16:47:09.465488,2025-06-04T16:45:00,156.99,157.32,156.99,157.32,1353.9774,212827.747807,212827.747807,SOLUSDT,candle5m,update,1749030429003
2025-06-04T16:47:09.466491,2025-06-04T16:47:00,157.3,157.32,157.3,157.32,115.6846,18199.03616,18199.03616,SOLUSDT,candle1m,update,1749030429006
2025-06-04T16:47:09.468227,2025-06-04T16:00:00,156.69,157.32,156.3,157.32,14463.7563,2266522.159889,2266522.159889,SOLUSDT,candle1H,update,1749030429014
2025-06-04T16:47:09.663134,2025-06-04T16:45:00,2638.8,2644.86,2638.79,2644.12,163.6792,432537.432065,432537.432065,ETHUSDT,candle15m,update,1749030429217
2025-06-04T16:47:09.663134,2025-06-04T16:45:00,2638.8,2644.86,2638.79,2644.12,163.6792,432537.432065,432537.432065,ETHUSDT,candle5m,update,1749030429221
2025-06-04T16:47:09.663134,2025-06-04T16:47:00,2643.78,2644.25,2643.28,2644.12,13.4735,35619.210009,35619.210009,ETHUSDT,candle1m,update,1749030429223
2025-06-04T16:47:09.680037,2025-06-04T16:00:00,2641.13,2644.86,2631.82,2644.12,3657.5167,9642404.150258,9642404.150258,ETHUSDT,candle1H,update,1749030429231
2025-06-04T16:47:09.928257,2025-06-04T16:45:00,105636.23,105707.01,105636.23,105693.21,23.709362,2506021.46814608,2506021.46814608,BTCUSDT,candle15m,update,1749030429474
2025-06-04T16:47:09.928257,2025-06-04T16:45:00,105636.23,105707.01,105636.23,105693.21,23.709362,2506021.46814608,2506021.46814608,BTCUSDT,candle5m,update,1749030429476
2025-06-04T16:47:09.928257,2025-06-04T16:47:00,105693.21,105693.21,105693.2,105693.21,2.026453,214182.30986649,214182.30986649,BTCUSDT,candle1m,update,1749030429477
2025-06-04T16:47:09.928257,2025-06-04T16:00:00,105434.92,105707.01,105329,105693.21,124.020947,13080341.54244737,13080341.54244737,BTCUSDT,candle1H,update,1749030429483
2025-06-04T16:47:10.852672,2025-06-04T16:45:00,2638.8,2644.86,2638.79,2644.13,164.7018,435241.317206,435241.317206,ETHUSDT,candle15m,update,1749030430395
2025-06-04T16:47:10.867676,2025-06-04T16:45:00,2638.8,2644.86,2638.79,2644.13,164.7018,435241.317206,435241.317206,ETHUSDT,candle5m,update,1749030430400
2025-06-04T16:47:10.871206,2025-06-04T16:47:00,2643.78,2644.25,2643.28,2644.13,14.4961,38323.09515,38323.09515,ETHUSDT,candle1m,update,1749030430400
2025-06-04T16:47:10.871206,2025-06-04T16:00:00,2641.13,2644.86,2631.82,2644.13,3658.5393,9645108.035399,9645108.035399,ETHUSDT,candle1H,update,1749030430403
2025-06-04T16:47:11.492103,2025-06-04T16:45:00,105636.23,105707.01,105636.23,105693.2,24.161143,2553771.64773528,2553771.64773528,BTCUSDT,candle15m,update,1749030431037
2025-06-04T16:47:11.512796,2025-06-04T16:45:00,105636.23,105707.01,105636.23,105693.2,24.161143,2553771.64773528,2553771.64773528,BTCUSDT,candle5m,update,1749030431044
2025-06-04T16:47:11.513804,2025-06-04T16:47:00,105693.21,105693.21,105693.2,105693.2,2.478234,261932.48945569,261932.48945569,BTCUSDT,candle1m,update,1749030431047
2025-06-04T16:47:11.514806,2025-06-04T16:00:00,105434.92,105707.01,105329,105693.2,124.472728,13128091.72203657,13128091.72203657,BTCUSDT,candle1H,update,1749030431051
2025-06-04T16:47:12.043421,2025-06-04T16:45:00,2638.8,2644.86,2638.79,2643.97,165.6036,437625.708494,437625.708494,ETHUSDT,candle15m,update,1749030431585
2025-06-04T16:47:12.059372,2025-06-04T16:45:00,2638.8,2644.86,2638.79,2643.97,165.6036,437625.708494,437625.708494,ETHUSDT,candle5m,update,1749030431590
2025-06-04T16:47:12.061114,2025-06-04T16:47:00,2643.78,2644.25,2643.28,2643.97,15.3979,40707.486438,40707.486438,ETHUSDT,candle1m,update,1749030431591
2025-06-04T16:47:12.061114,2025-06-04T16:00:00,2641.13,2644.86,2631.82,2643.97,3659.4411,9647492.426687,9647492.426687,ETHUSDT,candle1H,update,1749030431595
2025-06-04T16:47:12.697693,2025-06-04T16:45:00,105636.23,105707.01,105636.23,105693.2,24.452739,2584591.36288785,2584591.36288785,BTCUSDT,candle15m,update,1749030432247
2025-06-04T16:47:12.711965,2025-06-04T16:45:00,105636.23,105707.01,105636.23,105693.2,24.452739,2584591.36288785,2584591.36288785,BTCUSDT,candle5m,update,1749030432255
2025-06-04T16:47:12.711965,2025-06-04T16:47:00,105693.21,105693.21,105693.2,105693.2,2.76983,292752.20460826,292752.20460826,BTCUSDT,candle1m,update,1749030432256
2025-06-04T16:47:12.711965,2025-06-04T16:00:00,105434.92,105707.01,105329,105693.2,124.764324,13158911.43718914,13158911.43718914,BTCUSDT,candle1H,update,1749030432256
2025-06-04T16:47:13.204625,2025-06-04T16:45:00,2638.8,2644.86,2638.79,2643.69,166.8522,440926.880869,440926.880869,ETHUSDT,candle15m,update,1749030432742
2025-06-04T16:47:13.204625,2025-06-04T16:45:00,2638.8,2644.86,2638.79,2643.69,166.8522,440926.880869,440926.880869,ETHUSDT,candle5m,update,1749030432743
2025-06-04T16:47:13.204625,2025-06-04T16:47:00,2643.78,2644.25,2643.28,2643.69,16.6465,44008.658813,44008.658813,ETHUSDT,candle1m,update,1749030432748
2025-06-04T16:47:13.208855,2025-06-04T16:00:00,2641.13,2644.86,2631.82,2643.69,3660.6897,9650793.599062,9650793.599062,ETHUSDT,candle1H,update,1749030432752
2025-06-04T16:47:14.087642,2025-06-04T16:45:00,105636.23,105707.01,105636.23,105693.21,24.793689,2620627.46283735,2620627.46283735,BTCUSDT,candle15m,update,1749030433642
2025-06-04T16:47:14.103411,2025-06-04T16:45:00,105636.23,105707.01,105636.23,105693.21,24.793689,2620627.46283735,2620627.46283735,BTCUSDT,candle5m,update,1749030433647
2025-06-04T16:47:14.103411,2025-06-04T16:47:00,105693.21,105693.21,105693.2,105693.21,3.11078,328788.30455776,328788.30455776,BTCUSDT,candle1m,update,1749030433648
2025-06-04T16:47:14.106546,2025-06-04T16:00:00,105434.92,105707.01,105329,105693.21,125.105274,13194947.53713864,13194947.53713864,BTCUSDT,candle1H,update,1749030433652
2025-06-04T16:47:14.261663,2025-06-04T16:45:00,2638.8,2644.86,2638.79,2643.7,167.7946,443418.296528,443418.296528,ETHUSDT,candle15m,update,1749030433806
2025-06-04T16:47:14.266143,2025-06-04T16:45:00,2638.8,2644.86,2638.79,2643.7,167.7946,443418.296528,443418.296528,ETHUSDT,candle5m,update,1749030433810
2025-06-04T16:47:14.267159,2025-06-04T16:47:00,2643.78,2644.25,2643.28,2643.7,17.5889,46500.074472,46500.074472,ETHUSDT,candle1m,update,1749030433811
2025-06-04T16:47:14.278830,2025-06-04T16:00:00,2641.13,2644.86,2631.82,2643.7,3661.6321,9653285.014721,9653285.014721,ETHUSDT,candle1H,update,1749030433814
2025-06-04T16:47:15.323814,2025-06-04T16:45:00,2638.8,2644.86,2638.79,2643.69,168.8528,446215.855127,446215.855127,ETHUSDT,candle15m,update,1749030434867
2025-06-04T16:47:15.324819,2025-06-04T16:45:00,2638.8,2644.86,2638.79,2643.69,168.8528,446215.855127,446215.855127,ETHUSDT,candle5m,update,1749030434868
2025-06-04T16:47:15.325799,2025-06-04T16:47:00,2643.78,2644.25,2643.28,2643.69,18.6471,49297.633071,49297.633071,ETHUSDT,candle1m,update,1749030434871
2025-06-04T16:47:15.331150,2025-06-04T16:45:00,105636.23,105707.01,105636.23,105693.2,25.097449,2652732.83003663,2652732.83003663,BTCUSDT,candle15m,update,1749030434873
2025-06-04T16:47:15.331150,2025-06-04T16:00:00,2641.13,2644.86,2631.82,2643.69,3662.6903,9656082.57332,9656082.57332,ETHUSDT,candle1H,update,1749030434875
2025-06-04T16:47:15.337453,2025-06-04T16:45:00,105636.23,105707.01,105636.23,105693.2,25.097449,2652732.83003663,2652732.83003663,BTCUSDT,candle5m,update,1749030434883
2025-06-04T16:47:15.342146,2025-06-04T16:47:00,105693.21,105693.21,105693.2,105693.2,3.41454,360893.67175704,360893.67175704,BTCUSDT,candle1m,update,1749030434887
2025-06-04T16:47:15.347152,2025-06-04T16:00:00,105434.92,105707.01,105329,105693.2,125.409034,13227052.90433792,13227052.90433792,BTCUSDT,candle1H,update,1749030434892
2025-06-04T16:47:15.832930,2025-06-04T16:45:00,156.99,157.32,156.99,157.29,1480.7474,232767.401107,232767.401107,SOLUSDT,candle15m,update,1749030435377
2025-06-04T16:47:15.837433,2025-06-04T16:45:00,156.99,157.32,156.99,157.29,1480.7474,232767.401107,232767.401107,SOLUSDT,candle5m,update,1749030435382
2025-06-04T16:47:15.842437,2025-06-04T16:47:00,157.3,157.32,157.29,157.29,242.4546,38138.68946,38138.68946,SOLUSDT,candle1m,update,1749030435385
2025-06-04T16:47:15.860546,2025-06-04T16:00:00,156.69,157.32,156.3,157.29,14590.5263,2286461.813189,2286461.813189,SOLUSDT,candle1H,update,1749030435394
2025-06-04T16:47:16.416178,2025-06-04T16:45:00,105636.23,105707.01,105636.23,105693.21,25.443882,2689348.44319606,2689348.44319606,BTCUSDT,candle15m,update,1749030435959
2025-06-04T16:47:16.416178,2025-06-04T16:45:00,105636.23,105707.01,105636.23,105693.21,25.443882,2689348.44319606,2689348.44319606,BTCUSDT,candle5m,update,1749030435963
2025-06-04T16:47:16.416178,2025-06-04T16:47:00,105693.21,105693.21,105693.2,105693.21,3.760973,397509.28491647,397509.28491647,BTCUSDT,candle1m,update,1749030435963
2025-06-04T16:47:16.429822,2025-06-04T16:00:00,105434.92,105707.01,105329,105693.21,125.755467,13263668.51749735,13263668.51749735,BTCUSDT,candle1H,update,1749030435967
2025-06-04T16:47:16.503815,2025-06-04T16:45:00,2638.8,2644.86,2638.79,2643.7,170.1839,449734.877288,449734.877288,ETHUSDT,candle15m,update,1749030436050
2025-06-04T16:47:16.503815,2025-06-04T16:45:00,2638.8,2644.86,2638.79,2643.7,170.1839,449734.877288,449734.877288,ETHUSDT,candle5m,update,1749030436057
2025-06-04T16:47:16.503815,2025-06-04T16:47:00,2643.78,2644.25,2643.28,2643.7,19.9782,52816.655232,52816.655232,ETHUSDT,candle1m,update,1749030436059
2025-06-04T16:47:16.503815,2025-06-04T16:00:00,2641.13,2644.86,2631.82,2643.7,3664.0214,9659601.595481,9659601.595481,ETHUSDT,candle1H,update,1749030436061
2025-06-04T16:47:17.503876,2025-06-04T16:45:00,105636.23,105707.01,105636.23,105693.21,25.78456,2725355.79457793,2725355.79457793,BTCUSDT,candle15m,update,1749030437046
2025-06-04T16:47:17.504896,2025-06-04T16:45:00,105636.23,105707.01,105636.23,105693.21,25.78456,2725355.79457793,2725355.79457793,BTCUSDT,candle5m,update,1749030437050
2025-06-04T16:47:17.517494,2025-06-04T16:47:00,105693.21,105693.21,105693.2,105693.21,4.101651,433516.63629834,433516.63629834,BTCUSDT,candle1m,update,1749030437057
2025-06-04T16:47:17.517494,2025-06-04T16:00:00,105434.92,105707.01,105329,105693.21,126.096145,13299675.86887922,13299675.86887922,BTCUSDT,candle1H,update,1749030437058
2025-06-04T16:47:17.627442,2025-06-04T16:45:00,2638.8,2644.86,2638.79,2643.7,171.6468,453602.339283,453602.339283,ETHUSDT,candle15m,update,1749030437173
2025-06-04T16:47:17.627442,2025-06-04T16:45:00,2638.8,2644.86,2638.79,2643.7,171.6468,453602.339283,453602.339283,ETHUSDT,candle5m,update,1749030437175
2025-06-04T16:47:17.630982,2025-06-04T16:47:00,2643.78,2644.25,2643.28,2643.7,21.4411,56684.117227,56684.117227,ETHUSDT,candle1m,update,1749030437176
2025-06-04T16:47:17.630982,2025-06-04T16:00:00,2641.13,2644.86,2631.82,2643.7,3665.4843,9663469.057476,9663469.057476,ETHUSDT,candle1H,update,1749030437178
2025-06-04T16:47:18.579798,2025-06-04T16:45:00,105636.23,105707.01,105636.23,105693.21,26.008342,2749008.03249815,2749008.03249815,BTCUSDT,candle15m,update,1749030438121
2025-06-04T16:47:18.579798,2025-06-04T16:45:00,105636.23,105707.01,105636.23,105693.21,26.008342,2749008.03249815,2749008.03249815,BTCUSDT,candle5m,update,1749030438125
2025-06-04T16:47:18.582956,2025-06-04T16:47:00,105693.21,105693.21,105693.2,105693.21,4.325433,457168.87421856,457168.87421856,BTCUSDT,candle1m,update,1749030438128
2025-06-04T16:47:18.585478,2025-06-04T16:00:00,105434.92,105707.01,105329,105693.21,126.319927,13323328.10679944,13323328.10679944,BTCUSDT,candle1H,update,1749030438130
2025-06-04T16:47:18.680762,2025-06-04T16:45:00,2638.8,2644.86,2638.79,2643.69,172.3831,455548.893553,455548.893553,ETHUSDT,candle15m,update,1749030438218
2025-06-04T16:47:18.681761,2025-06-04T16:45:00,2638.8,2644.86,2638.79,2643.69,172.3831,455548.893553,455548.893553,ETHUSDT,candle5m,update,1749030438223
2025-06-04T16:47:18.682762,2025-06-04T16:47:00,2643.78,2644.25,2643.28,2643.69,22.1774,58630.671497,58630.671497,ETHUSDT,candle1m,update,1749030438225
2025-06-04T16:47:18.684419,2025-06-04T16:00:00,2641.13,2644.86,2631.82,2643.69,3666.2206,9665415.611746,9665415.611746,ETHUSDT,candle1H,update,1749030438231
2025-06-04T16:47:19.743398,2025-06-04T16:45:00,2638.8,2644.86,2638.79,2643.7,173.7457,459151.189528,459151.189528,ETHUSDT,candle15m,update,1749030439301
2025-06-04T16:47:19.760203,2025-06-04T16:45:00,105636.23,105707.01,105636.23,105693.2,26.277741,2777481.67587804,2777481.67587804,BTCUSDT,candle15m,update,1749030439305
2025-06-04T16:47:19.762680,2025-06-04T16:45:00,2638.8,2644.86,2638.79,2643.7,173.7457,459151.189528,459151.189528,ETHUSDT,candle5m,update,1749030439308
2025-06-04T16:47:19.769648,2025-06-04T16:45:00,105636.23,105707.01,105636.23,105693.2,26.277741,2777481.67587804,2777481.67587804,BTCUSDT,candle5m,update,1749030439311
2025-06-04T16:47:19.769648,2025-06-04T16:47:00,105693.21,105693.21,105693.2,105693.2,4.594832,485642.51759845,485642.51759845,BTCUSDT,candle1m,update,1749030439312
2025-06-04T16:47:19.771388,2025-06-04T16:47:00,2643.78,2644.25,2643.28,2643.7,23.54,62232.967472,62232.967472,ETHUSDT,candle1m,update,1749030439313
2025-06-04T16:47:19.771388,2025-06-04T16:00:00,2641.13,2644.86,2631.82,2643.7,3667.5832,9669017.907721,9669017.907721,ETHUSDT,candle1H,update,1749030439315
2025-06-04T16:47:19.771388,2025-06-04T16:00:00,105434.92,105707.01,105329,105693.2,126.589326,13351801.75017933,13351801.75017933,BTCUSDT,candle1H,update,1749030439318
