timestamp_api,price,volume,side,trade_id,symbol,channel,type,timestamp_received,value_usd,hour,minute
2025-06-10 14:24:35.974,15.08,9.9502,buy,1316338502140899377,LINKUSDT,trade,SPOT,2025-06-10 21:24:46.960208,150.04901600000002,14,24
2025-06-10 14:24:35.974,15.08,9.9502,buy,1316338502140899375,LINKUSDT,trade,SPOT,2025-06-10 21:24:46.960223,150.04901600000002,14,24
2025-06-10 14:24:35.974,15.08,9.9502,buy,1316338502140899373,LINKUSDT,trade,SPOT,2025-06-10 21:24:46.960227,150.04901600000002,14,24
2025-06-10 14:24:35.974,15.08,0.3,buy,1316338502140899371,LINKUSDT,trade,SPOT,2025-06-10 21:24:46.960229,4.524,14,24
2025-06-10 14:24:34.251,15.08,0.1,buy,1316338494914113537,LINKUSDT,trade,SPOT,2025-06-10 21:24:46.960230,1.508,14,24
2025-06-10 14:24:33.383,15.08,154.5781,buy,1316338491273457670,LINKUSDT,trade,SPOT,2025-06-10 21:24:46.960232,2331.037748,14,24
2025-06-10 14:24:29.223,15.08,0.3647,buy,1316338473825153071,LINKUSDT,trade,SPOT,2025-06-10 21:24:46.960234,5.499676,14,24
2025-06-10 14:24:22.232,15.07,1.3188,sell,1316338444502773774,LINKUSDT,trade,SPOT,2025-06-10 21:24:46.960236,19.874316,14,24
2025-06-10 14:24:21.750,15.08,0.215,buy,1316338442481119241,LINKUSDT,trade,SPOT,2025-06-10 21:24:46.960237,3.2422,14,24
2025-06-10 14:24:19.837,15.07,1.2961,sell,1316338434457415840,LINKUSDT,trade,SPOT,2025-06-10 21:24:46.960239,19.532227000000002,14,24
2025-06-10 14:24:17.903,15.07,3.1671,sell,1316338426345631745,LINKUSDT,trade,SPOT,2025-06-10 21:24:46.960240,47.728197,14,24
2025-06-10 14:24:16.646,15.07,1.4641,sell,1316338421073391617,LINKUSDT,trade,SPOT,2025-06-10 21:24:46.960241,22.063987,14,24
2025-06-10 14:24:15.363,15.07,1.1891,sell,1316338415692099776,LINKUSDT,trade,SPOT,2025-06-10 21:24:46.960251,17.919737,14,24
2025-06-10 14:24:14.310,15.07,1.4333,sell,1316338411275497472,LINKUSDT,trade,SPOT,2025-06-10 21:24:46.960253,21.599831000000002,14,24
2025-06-10 14:24:12.912,15.07,0.7327,sell,1316338405411860481,LINKUSDT,trade,SPOT,2025-06-10 21:24:46.960254,11.041789,14,24
2025-06-10 14:24:11.969,15.07,2.8041,sell,1316338401456631813,LINKUSDT,trade,SPOT,2025-06-10 21:24:46.960256,42.257787,14,24
2025-06-10 14:24:10.346,15.07,0.7075,sell,1316338394649276489,LINKUSDT,trade,SPOT,2025-06-10 21:24:46.960257,10.662025,14,24
2025-06-10 14:24:09.539,15.07,11.0302,sell,1316338391264473091,LINKUSDT,trade,SPOT,2025-06-10 21:24:46.960259,166.22511400000002,14,24
2025-06-10 14:24:08.158,15.07,0.4322,sell,1316338385472139360,LINKUSDT,trade,SPOT,2025-06-10 21:24:46.960260,6.513254,14,24
2025-06-10 14:24:07.035,15.07,2.6969,sell,1316338380761936004,LINKUSDT,trade,SPOT,2025-06-10 21:24:46.960262,40.642283,14,24
2025-06-10 14:24:05.686,15.07,0.4231,sell,1316338375103819825,LINKUSDT,trade,SPOT,2025-06-10 21:24:46.960263,6.376117,14,24
2025-06-10 14:24:05.593,15.07,0.4,buy,1316338374713749506,LINKUSDT,trade,SPOT,2025-06-10 21:24:46.960265,6.0280000000000005,14,24
2025-06-10 14:24:04.607,15.06,2.6394,sell,1316338370578165763,LINKUSDT,trade,SPOT,2025-06-10 21:24:46.960266,39.74936400000001,14,24
2025-06-10 14:24:03.573,15.07,138.1386,buy,1316338366241255425,LINKUSDT,trade,SPOT,2025-06-10 21:24:46.960267,2081.748702,14,24
2025-06-10 14:24:03.073,15.06,0.8276,sell,1316338364144103429,LINKUSDT,trade,SPOT,2025-06-10 21:24:46.960269,12.463656,14,24
2025-06-10 14:24:02.062,15.06,2.6015,sell,1316338359903662082,LINKUSDT,trade,SPOT,2025-06-10 21:24:46.960270,39.17859000000001,14,24
2025-06-10 14:24:00.509,15.06,3.255,sell,1316338353389908122,LINKUSDT,trade,SPOT,2025-06-10 21:24:46.960272,49.0203,14,24
2025-06-10 14:24:00.124,15.06,0.4199,sell,1316338351775101049,LINKUSDT,trade,SPOT,2025-06-10 21:24:46.960273,6.323694,14,24
2025-06-10 14:23:57.913,15.06,0.7999,sell,1316338342501494784,LINKUSDT,trade,SPOT,2025-06-10 21:24:46.960275,12.046494000000001,14,23
2025-06-10 14:23:57.400,15.06,0.411,sell,1316338340349816835,LINKUSDT,trade,SPOT,2025-06-10 21:24:46.960276,6.18966,14,23
2025-06-10 14:23:56.476,15.06,9.0,buy,1316338336474280034,LINKUSDT,trade,SPOT,2025-06-10 21:24:46.960277,135.54,14,23
2025-06-10 14:23:56.476,15.06,9.0,buy,1316338336474280032,LINKUSDT,trade,SPOT,2025-06-10 21:24:46.960279,135.54,14,23
2025-06-10 14:23:56.476,15.06,9.0,buy,1316338336474280030,LINKUSDT,trade,SPOT,2025-06-10 21:24:46.960282,135.54,14,23
2025-06-10 14:23:56.476,15.06,0.4,buy,1316338336474280028,LINKUSDT,trade,SPOT,2025-06-10 21:24:46.960284,6.024000000000001,14,23
2025-06-10 14:23:55.507,15.05,0.7814,sell,1316338332409999491,LINKUSDT,trade,SPOT,2025-06-10 21:24:46.960285,11.76007,14,23
2025-06-10 14:23:55.023,15.05,0.8033,sell,1316338330379956227,LINKUSDT,trade,SPOT,2025-06-10 21:24:46.960287,12.089665,14,23
2025-06-10 14:23:53.324,15.05,1.0075,sell,1316338323253833729,LINKUSDT,trade,SPOT,2025-06-10 21:24:46.960288,15.162875000000001,14,23
2025-06-10 14:23:52.964,15.05,0.768,sell,1316338321743884327,LINKUSDT,trade,SPOT,2025-06-10 21:24:46.960289,11.5584,14,23
2025-06-10 14:23:52.557,15.05,3.161,sell,1316338320036802565,LINKUSDT,trade,SPOT,2025-06-10 21:24:46.960291,47.57305,14,23
2025-06-10 14:23:50.884,15.05,1.9704,sell,1316338313019731973,LINKUSDT,trade,SPOT,2025-06-10 21:24:46.960292,29.65452,14,23
2025-06-10 14:23:50.160,15.05,0.771,sell,1316338309983055905,LINKUSDT,trade,SPOT,2025-06-10 21:24:46.960293,11.60355,14,23
2025-06-10 14:23:48.453,15.05,7.7624,sell,1316338302823378946,LINKUSDT,trade,SPOT,2025-06-10 21:24:46.960295,116.82412000000001,14,23
2025-06-10 14:23:47.697,15.05,0.7547,sell,1316338299652485174,LINKUSDT,trade,SPOT,2025-06-10 21:24:46.960296,11.358235,14,23
2025-06-10 14:23:45.903,15.05,1.8925,sell,1316338292127903747,LINKUSDT,trade,SPOT,2025-06-10 21:24:46.960298,28.482125000000003,14,23
2025-06-10 14:23:45.267,15.05,0.7454,sell,1316338289460326490,LINKUSDT,trade,SPOT,2025-06-10 21:24:46.960299,11.21827,14,23
2025-06-10 14:23:44.436,15.05,0.4273,sell,1316338285974859777,LINKUSDT,trade,SPOT,2025-06-10 21:24:46.960301,6.430865000000001,14,23
2025-06-10 14:23:43.409,15.05,1.8687,sell,1316338281667309607,LINKUSDT,trade,SPOT,2025-06-10 21:24:46.960302,28.123935000000003,14,23
2025-06-10 14:23:42.624,15.05,0.441,sell,1316338278374781073,LINKUSDT,trade,SPOT,2025-06-10 21:24:46.960304,6.63705,14,23
2025-06-10 14:23:41.803,15.05,0.4178,sell,1316338274931257441,LINKUSDT,trade,SPOT,2025-06-10 21:24:46.960305,6.28789,14,23
2025-06-10 14:23:40.827,15.05,1.8392,sell,1316338270837616643,LINKUSDT,trade,SPOT,2025-06-10 21:24:46.960307,27.67996,14,23
2025-06-10 14:24:47.730,0.2932,542.4855,buy,1316338551449137182,TRXUSDT,trade,SPOT,2025-06-10 21:24:48.558277,159.05674860000002,14,24
2025-06-10 14:24:47.115,0.2931,284.3582,sell,1316338548869640193,TRXUSDT,trade,SPOT,2025-06-10 21:24:48.558288,83.34538842,14,24
2025-06-10 14:24:46.298,0.2932,383.1633,buy,1316338545442893867,TRXUSDT,trade,SPOT,2025-06-10 21:24:48.558290,112.34347956,14,24
2025-06-10 14:24:45.684,0.2932,368.8736,buy,1316338542867591172,TRXUSDT,trade,SPOT,2025-06-10 21:24:48.558291,108.15373952,14,24
2025-06-10 14:24:45.219,0.2931,297.8556,sell,1316338540917239809,TRXUSDT,trade,SPOT,2025-06-10 21:24:48.558292,87.30147636000001,14,24
2025-06-10 14:24:44.456,0.2932,198.2349,buy,1316338537716985857,TRXUSDT,trade,SPOT,2025-06-10 21:24:48.558294,58.12247268000001,14,24
2025-06-10 14:24:43.593,0.2932,500.1429,buy,1316338534097301580,TRXUSDT,trade,SPOT,2025-06-10 21:24:48.558295,146.64189828000002,14,24
2025-06-10 14:24:42.980,0.2932,3542.704,buy,1316338531526193156,TRXUSDT,trade,SPOT,2025-06-10 21:24:48.558296,1038.7208128000002,14,24
2025-06-10 14:24:42.980,0.2932,46.6773,buy,1316338531526193154,TRXUSDT,trade,SPOT,2025-06-10 21:24:48.558297,13.685784360000001,14,24
2025-06-10 14:24:42.128,0.2931,264.9059,sell,1316338527952646145,TRXUSDT,trade,SPOT,2025-06-10 21:24:48.558299,77.64391929,14,24
2025-06-10 14:24:40.961,0.2931,397.0438,sell,1316338523057893378,TRXUSDT,trade,SPOT,2025-06-10 21:24:48.558300,116.37353778,14,24
2025-06-10 14:24:40.147,0.2932,226.7313,buy,1316338519643729921,TRXUSDT,trade,SPOT,2025-06-10 21:24:48.558301,66.47761716000001,14,24
2025-06-10 14:24:39.434,0.2931,233.7891,sell,1316338516653191170,TRXUSDT,trade,SPOT,2025-06-10 21:24:48.558302,68.52358521000001,14,24
2025-06-10 14:24:39.224,0.2931,153.4377,sell,1316338515772387331,TRXUSDT,trade,SPOT,2025-06-10 21:24:48.558304,44.97258987000001,14,24
2025-06-10 14:24:37.959,0.2932,468.9226,buy,1316338510466592769,TRXUSDT,trade,SPOT,2025-06-10 21:24:48.558305,137.48810632,14,24
2025-06-10 14:24:36.893,0.2932,244.7279,buy,1316338505995464706,TRXUSDT,trade,SPOT,2025-06-10 21:24:48.558306,71.75422028,14,24
2025-06-10 14:24:35.877,0.2931,307.962,sell,1316338501734051841,TRXUSDT,trade,SPOT,2025-06-10 21:24:48.558307,90.2636622,14,24
2025-06-10 14:24:34.963,0.2931,352.0442,sell,1316338497900457985,TRXUSDT,trade,SPOT,2025-06-10 21:24:48.558308,103.18415502,14,24
2025-06-10 14:24:33.896,0.2931,306.5001,sell,1316338493425135627,TRXUSDT,trade,SPOT,2025-06-10 21:24:48.558309,89.83517931,14,24
2025-06-10 14:24:32.979,0.2932,354.1903,buy,1316338489578959011,TRXUSDT,trade,SPOT,2025-06-10 21:24:48.558310,103.84859596,14,24
2025-06-10 14:24:31.815,0.2931,336.5401,sell,1316338484696788994,TRXUSDT,trade,SPOT,2025-06-10 21:24:48.558311,98.63990331000001,14,24
2025-06-10 14:24:30.999,0.2932,411.9688,buy,1316338481274236932,TRXUSDT,trade,SPOT,2025-06-10 21:24:48.558312,120.78925216,14,24
2025-06-10 14:24:29.583,0.2932,377.458,buy,1316338475335102466,TRXUSDT,trade,SPOT,2025-06-10 21:24:48.558313,110.67068560000001,14,24
2025-06-10 14:24:28.564,0.2931,306.9078,sell,1316338471061106689,TRXUSDT,trade,SPOT,2025-06-10 21:24:48.558314,89.95467618,14,24
2025-06-10 14:24:27.193,0.2931,410.6861,sell,1316338465310715991,TRXUSDT,trade,SPOT,2025-06-10 21:24:48.558316,120.37209591000001,14,24
2025-06-10 14:24:26.681,0.2932,193.5439,buy,1316338463163232261,TRXUSDT,trade,SPOT,2025-06-10 21:24:48.558317,56.74707148,14,24
2025-06-10 14:24:26.016,0.2932,268.0954,buy,1316338460374020280,TRXUSDT,trade,SPOT,2025-06-10 21:24:48.558318,78.60557128,14,24
2025-06-10 14:24:25.253,0.2932,417.4461,buy,1316338457173766220,TRXUSDT,trade,SPOT,2025-06-10 21:24:48.558319,122.39519652000001,14,24
2025-06-10 14:24:23.836,0.2931,355.2083,sell,1316338451230437376,TRXUSDT,trade,SPOT,2025-06-10 21:24:48.558320,104.11155273000001,14,24
2025-06-10 14:24:22.567,0.2932,230.3452,buy,1316338445907865602,TRXUSDT,trade,SPOT,2025-06-10 21:24:48.558321,67.53721264,14,24
2025-06-10 14:24:21.955,0.2932,207.5433,buy,1316338443340951636,TRXUSDT,trade,SPOT,2025-06-10 21:24:48.558322,60.85169556,14,24
2025-06-10 14:24:21.340,0.2932,313.2905,buy,1316338440761454595,TRXUSDT,trade,SPOT,2025-06-10 21:24:48.558323,91.85677460000001,14,24
2025-06-10 14:24:20.475,0.2931,277.9731,sell,1316338437133381663,TRXUSDT,trade,SPOT,2025-06-10 21:24:48.558324,81.47391561,14,24
2025-06-10 14:24:19.059,0.2932,390.8621,buy,1316338431194247169,TRXUSDT,trade,SPOT,2025-06-10 21:24:48.558325,114.60076772000001,14,24
2025-06-10 14:24:18.798,0.2931,285.2788,sell,1316338430099533825,TRXUSDT,trade,SPOT,2025-06-10 21:24:48.558326,83.61521628,14,24
2025-06-10 14:24:17.480,0.2931,324.1857,sell,1316338424571441153,TRXUSDT,trade,SPOT,2025-06-10 21:24:48.558327,95.01882867,14,24
2025-06-10 14:24:17.017,0.2931,82.8047,sell,1316338422629478401,TRXUSDT,trade,SPOT,2025-06-10 21:24:48.558329,24.270057570000002,14,24
2025-06-10 14:24:16.301,0.2932,397.7708,buy,1316338419626356835,TRXUSDT,trade,SPOT,2025-06-10 21:24:48.558330,116.62639856000001,14,24
2025-06-10 14:24:15.536,0.2932,317.7582,buy,1316338416417714179,TRXUSDT,trade,SPOT,2025-06-10 21:24:48.558331,93.16670424,14,24
2025-06-10 14:24:15.170,0.2931,227.3654,sell,1316338414882598913,TRXUSDT,trade,SPOT,2025-06-10 21:24:48.558332,66.64079874000001,14,24
2025-06-10 14:24:13.796,0.2931,491.3376,sell,1316338409119625217,TRXUSDT,trade,SPOT,2025-06-10 21:24:48.558333,144.01105056000003,14,24
2025-06-10 14:24:12.981,0.2931,259.5675,sell,1316338405701267533,TRXUSDT,trade,SPOT,2025-06-10 21:24:48.558335,76.07923425,14,24
2025-06-10 14:24:12.262,0.2932,224.341,buy,1316338402685562881,TRXUSDT,trade,SPOT,2025-06-10 21:24:48.558336,65.7767812,14,24
2025-06-10 14:24:11.348,0.2932,348.5317,buy,1316338398851969025,TRXUSDT,trade,SPOT,2025-06-10 21:24:48.558337,102.18949444,14,24
2025-06-10 14:24:10.584,0.2931,233.1227,sell,1316338395647520849,TRXUSDT,trade,SPOT,2025-06-10 21:24:48.558338,68.32826337,14,24
2025-06-10 14:24:09.719,0.2931,283.1865,sell,1316338392019447810,TRXUSDT,trade,SPOT,2025-06-10 21:24:48.558339,83.00196315000001,14,24
2025-06-10 14:24:09.458,0.2931,378.7007,sell,1316338390924734466,TRXUSDT,trade,SPOT,2025-06-10 21:24:48.558340,110.99717517,14,24
2025-06-10 14:24:09.046,0.2932,601.5785,buy,1316338389196681328,TRXUSDT,trade,SPOT,2025-06-10 21:24:48.558341,176.3828162,14,24
2025-06-10 14:24:08.434,0.2931,366.6648,sell,1316338386629767210,TRXUSDT,trade,SPOT,2025-06-10 21:24:48.558342,107.46945288000002,14,24
2025-06-10 14:24:07.973,0.2932,292.2288,buy,1316338384696193027,TRXUSDT,trade,SPOT,2025-06-10 21:24:48.558343,85.68148416,14,24
2025-06-10 14:24:49.586,2.2876,56.6398,buy,1316338559233761313,XRPUSDT,trade,SPOT,2025-06-10 21:24:50.180679,129.56920648,14,24
2025-06-10 14:24:49.125,2.2876,52.797,buy,1316338557300187246,XRPUSDT,trade,SPOT,2025-06-10 21:24:50.180693,120.77841719999999,14,24
2025-06-10 14:24:48.610,2.2875,30.2514,sell,1316338555140120602,XRPUSDT,trade,SPOT,2025-06-10 21:24:50.180696,69.2000775,14,24
2025-06-10 14:24:47.794,2.2875,35.2186,sell,1316338551717568514,XRPUSDT,trade,SPOT,2025-06-10 21:24:50.180698,80.56254750000001,14,24
2025-06-10 14:24:47.480,2.2876,40.782,buy,1316338550400557057,XRPUSDT,trade,SPOT,2025-06-10 21:24:50.180700,93.29290319999998,14,24
2025-06-10 14:24:47.266,2.2875,69.4277,sell,1316338549502976001,XRPUSDT,trade,SPOT,2025-06-10 21:24:50.180702,158.81586375,14,24
2025-06-10 14:24:46.550,2.2875,37.3202,sell,1316338546499854337,XRPUSDT,trade,SPOT,2025-06-10 21:24:50.180704,85.3699575,14,24
2025-06-10 14:24:46.122,2.2876,6.6011,buy,1316338544704692228,XRPUSDT,trade,SPOT,2025-06-10 21:24:50.180706,15.100676359999998,14,24
2025-06-10 14:24:46.088,2.2876,64.9605,buy,1316338544562085889,XRPUSDT,trade,SPOT,2025-06-10 21:24:50.180708,148.60363979999997,14,24
2025-06-10 14:24:45.524,2.2875,26.544,sell,1316338542196498517,XRPUSDT,trade,SPOT,2025-06-10 21:24:50.180710,60.7194,14,24
2025-06-10 14:24:45.059,2.2875,35.3469,sell,1316338540246147155,XRPUSDT,trade,SPOT,2025-06-10 21:24:50.180712,80.85603375,14,24
2025-06-10 14:24:44.444,2.2875,37.7328,sell,1316338537666650208,XRPUSDT,trade,SPOT,2025-06-10 21:24:50.180714,86.31378,14,24
2025-06-10 14:24:43.932,2.2876,73.5346,buy,1316338535519166466,XRPUSDT,trade,SPOT,2025-06-10 21:24:50.180715,168.21775096,14,24
2025-06-10 14:24:43.869,2.2875,36.986,sell,1316338535254925320,XRPUSDT,trade,SPOT,2025-06-10 21:24:50.180717,84.605475,14,24
2025-06-10 14:24:43.254,2.2876,35.0611,buy,1316338532675428471,XRPUSDT,trade,SPOT,2025-06-10 21:24:50.180719,80.20577236,14,24
2025-06-10 14:24:43.093,2.2876,53.0967,buy,1316338532000145410,XRPUSDT,trade,SPOT,2025-06-10 21:24:50.180721,121.46401091999999,14,24
2025-06-10 14:24:42.730,2.2875,60.6307,sell,1316338530477613121,XRPUSDT,trade,SPOT,2025-06-10 21:24:50.180723,138.69272625,14,24
2025-06-10 14:24:42.266,2.2876,29.5684,buy,1316338528531456059,XRPUSDT,trade,SPOT,2025-06-10 21:24:50.180725,67.64067184,14,24
2025-06-10 14:24:41.730,2.2876,0.9997,buy,1316338526283309061,XRPUSDT,trade,SPOT,2025-06-10 21:24:50.180727,2.28691372,14,24
2025-06-10 14:24:41.701,2.2876,39.8013,buy,1316338526161674288,XRPUSDT,trade,SPOT,2025-06-10 21:24:50.180729,91.04945387999999,14,24
2025-06-10 14:24:41.342,2.2875,45.7023,sell,1316338524655919148,XRPUSDT,trade,SPOT,2025-06-10 21:24:50.180731,104.54401125000001,14,24
2025-06-10 14:24:40.933,2.2876,68.8652,buy,1316338522940448769,XRPUSDT,trade,SPOT,2025-06-10 21:24:50.180733,157.53603152,14,24
2025-06-10 14:24:40.473,2.2875,38.9096,sell,1316338521011068952,XRPUSDT,trade,SPOT,2025-06-10 21:24:50.180734,89.00571,14,24
2025-06-10 14:24:39.857,2.2876,46.5608,buy,1316338518427377670,XRPUSDT,trade,SPOT,2025-06-10 21:24:50.180736,106.51248607999999,14,24
2025-06-10 14:24:39.598,2.2875,41.3551,sell,1316338517341052929,XRPUSDT,trade,SPOT,2025-06-10 21:24:50.180738,94.59979125000001,14,24
2025-06-10 14:24:39.277,2.2876,62.3215,buy,1316338515994681712,XRPUSDT,trade,SPOT,2025-06-10 21:24:50.180742,142.56666339999998,14,24
2025-06-10 14:24:38.964,2.2876,20.8706,buy,1316338514681864195,XRPUSDT,trade,SPOT,2025-06-10 21:24:50.180745,47.743584559999995,14,24
2025-06-10 14:24:38.901,2.2876,39.0763,buy,1316338514417623197,XRPUSDT,trade,SPOT,2025-06-10 21:24:50.180747,89.39094388000001,14,24
2025-06-10 14:24:38.388,2.2876,47.2945,buy,1316338512265945089,XRPUSDT,trade,SPOT,2025-06-10 21:24:50.180749,108.19089819999999,14,24
2025-06-10 14:24:38.129,2.2876,46.9192,buy,1316338511179620383,XRPUSDT,trade,SPOT,2025-06-10 21:24:50.180751,107.33236191999998,14,24
2025-06-10 14:24:37.765,2.2875,43.6805,sell,1316338509652893698,XRPUSDT,trade,SPOT,2025-06-10 21:24:50.180753,99.91914375,14,24
2025-06-10 14:24:37.603,2.2876,45.1058,buy,1316338508973416474,XRPUSDT,trade,SPOT,2025-06-10 21:24:50.180754,103.18402808,14,24
2025-06-10 14:24:37.391,2.2876,0.6557,buy,1316338508084224030,XRPUSDT,trade,SPOT,2025-06-10 21:24:50.180756,1.4999793199999998,14,24
2025-06-10 14:24:36.944,2.2876,52.5922,buy,1316338506209370114,XRPUSDT,trade,SPOT,2025-06-10 21:24:50.180759,120.30991671999999,14,24
2025-06-10 14:24:36.433,2.2875,53.8615,sell,1316338504066080871,XRPUSDT,trade,SPOT,2025-06-10 21:24:50.180761,123.20818125000001,14,24
2025-06-10 14:24:36.072,2.2875,51.0295,sell,1316338502551937029,XRPUSDT,trade,SPOT,2025-06-10 21:24:50.180763,116.72998125000001,14,24
2025-06-10 14:24:35.608,2.2875,26.5657,sell,1316338500605780020,XRPUSDT,trade,SPOT,2025-06-10 21:24:50.180765,60.76903875,14,24
2025-06-10 14:24:35.145,2.2875,18.7576,sell,1316338498663817218,XRPUSDT,trade,SPOT,2025-06-10 21:24:50.180767,42.908010000000004,14,24
2025-06-10 14:24:34.729,2.2876,42.584,buy,1316338496918986772,XRPUSDT,trade,SPOT,2025-06-10 21:24:50.180769,97.4151584,14,24
2025-06-10 14:24:34.118,2.2876,20.644,buy,1316338494356267032,XRPUSDT,trade,SPOT,2025-06-10 21:24:50.180770,47.22521439999999,14,24
2025-06-10 14:24:33.706,2.2876,66.9392,buy,1316338492628213762,XRPUSDT,trade,SPOT,2025-06-10 21:24:50.180772,153.13011391999999,14,24
2025-06-10 14:24:33.342,2.2875,37.0025,sell,1316338491101487106,XRPUSDT,trade,SPOT,2025-06-10 21:24:50.180774,84.64321875,14,24
2025-06-10 14:24:32.976,2.2874,510.8644,sell,1316338489566371881,XRPUSDT,trade,SPOT,2025-06-10 21:24:50.180776,1168.5512285599998,14,24
2025-06-10 14:24:32.976,2.2874,35.6075,sell,1316338489566371877,XRPUSDT,trade,SPOT,2025-06-10 21:24:50.180778,81.4485955,14,24
2025-06-10 14:24:32.929,2.2874,87.4854,sell,1316338489369239613,XRPUSDT,trade,SPOT,2025-06-10 21:24:50.180782,200.11410396,14,24
2025-06-10 14:24:32.743,2.2873,2.3649,buy,1316338488589099022,XRPUSDT,trade,SPOT,2025-06-10 21:24:50.180784,5.40923577,14,24
2025-06-10 14:24:32.516,2.2873,29.6337,buy,1316338487636992002,XRPUSDT,trade,SPOT,2025-06-10 21:24:50.180786,67.78116201,14,24
2025-06-10 14:24:32.207,2.2873,31.5775,buy,1316338486340952065,XRPUSDT,trade,SPOT,2025-06-10 21:24:50.180788,72.22721575,14,24
2025-06-10 14:24:31.594,2.2873,30.6299,buy,1316338483769843720,XRPUSDT,trade,SPOT,2025-06-10 21:24:50.180790,70.05977027,14,24
2025-06-10 14:24:30.931,2.2873,36.538,buy,1316338480989020225,XRPUSDT,trade,SPOT,2025-06-10 21:24:50.180792,83.5733674,14,24
2025-06-10 14:24:51.309,109115.37,0.055083,sell,1316338566460215307,BTCUSDT,trade,SPOT,2025-06-10 21:24:51.758904,6010.40192571,14,24
2025-06-10 14:24:51.047,109115.38,0.00949,buy,1316338565361307663,BTCUSDT,trade,SPOT,2025-06-10 21:24:51.758924,1035.5049562000002,14,24
2025-06-10 14:24:50.686,109115.38,0.025414,buy,1316338563847164162,BTCUSDT,trade,SPOT,2025-06-10 21:24:51.758929,2773.05826732,14,24
2025-06-10 14:24:50.427,109115.38,0.036394,buy,1316338562760839172,BTCUSDT,trade,SPOT,2025-06-10 21:24:51.758933,3971.1451397200003,14,24
2025-06-10 14:24:50.220,109115.37,0.030869,sell,1316338561892618242,BTCUSDT,trade,SPOT,2025-06-10 21:24:51.758936,3368.28235653,14,24
2025-06-10 14:24:49.809,109115.37,0.034537,sell,1316338560168759299,BTCUSDT,trade,SPOT,2025-06-10 21:24:51.758939,3768.5175336899997,14,24
2025-06-10 14:24:49.247,109115.38,0.045112,buy,1316338557811560482,BTCUSDT,trade,SPOT,2025-06-10 21:24:51.758941,4922.41302256,14,24
2025-06-10 14:24:48.839,109115.37,0.05279,sell,1316338556100284419,BTCUSDT,trade,SPOT,2025-06-10 21:24:51.758944,5760.2003823,14,24
2025-06-10 14:24:48.532,109115.37,0.021431,sell,1316338554812633089,BTCUSDT,trade,SPOT,2025-06-10 21:24:51.758946,2338.45149447,14,24
2025-06-10 14:24:48.475,109115.37,0.022839,sell,1316338554573557820,BTCUSDT,trade,SPOT,2025-06-10 21:24:51.758949,2492.08593543,14,24
2025-06-10 14:24:48.418,109115.38,0.054974,buy,1316338554334482433,BTCUSDT,trade,SPOT,2025-06-10 21:24:51.758952,5998.50890012,14,24
2025-06-10 14:24:48.258,109115.38,0.044545,buy,1316338553663393793,BTCUSDT,trade,SPOT,2025-06-10 21:24:51.758955,4860.544602100001,14,24
2025-06-10 14:24:47.798,109115.37,0.043255,sell,1316338551734013957,BTCUSDT,trade,SPOT,2025-06-10 21:24:51.758957,4719.78532935,14,24
2025-06-10 14:24:47.670,109115.38,0.004457,buy,1316338551197143045,BTCUSDT,trade,SPOT,2025-06-10 21:24:51.758960,486.32724866,14,24
2025-06-10 14:24:47.670,109115.38,0.000183,buy,1316338551197143043,BTCUSDT,trade,SPOT,2025-06-10 21:24:51.758962,19.968114540000002,14,24
2025-06-10 14:24:47.670,109115.38,0.004581,buy,1316338551197143041,BTCUSDT,trade,SPOT,2025-06-10 21:24:51.758965,499.85755578000004,14,24
2025-06-10 14:24:47.588,109115.38,0.065704,buy,1316338550853210118,BTCUSDT,trade,SPOT,2025-06-10 21:24:51.758967,7169.31692752,14,24
2025-06-10 14:24:47.077,109115.37,0.031979,sell,1316338548709920769,BTCUSDT,trade,SPOT,2025-06-10 21:24:51.758971,3489.40041723,14,24
2025-06-10 14:24:46.565,109115.38,0.049897,buy,1316338546562437123,BTCUSDT,trade,SPOT,2025-06-10 21:24:51.758974,5444.53011586,14,24
2025-06-10 14:24:46.114,109115.37,0.000367,sell,1316338544670806017,BTCUSDT,trade,SPOT,2025-06-10 21:24:51.758976,40.04534079,14,24
2025-06-10 14:24:45.951,109115.38,0.06542,buy,1316338543987134467,BTCUSDT,trade,SPOT,2025-06-10 21:24:51.758979,7138.328159600001,14,24
2025-06-10 14:24:45.388,109115.37,0.048298,sell,1316338541625741313,BTCUSDT,trade,SPOT,2025-06-10 21:24:51.758981,5270.05414026,14,24
2025-06-10 14:24:45.025,109115.37,0.04628,sell,1316338540103208965,BTCUSDT,trade,SPOT,2025-06-10 21:24:51.758984,5049.8593236,14,24
2025-06-10 14:24:44.616,109115.37,0.029993,sell,1316338538387738625,BTCUSDT,trade,SPOT,2025-06-10 21:24:51.758986,3272.6972924099996,14,24
2025-06-10 14:24:44.158,109115.37,0.032872,sell,1316338536466747393,BTCUSDT,trade,SPOT,2025-06-10 21:24:51.758988,3586.8404426399998,14,24
2025-06-10 14:24:43.698,109115.38,0.044214,buy,1316338534537367555,BTCUSDT,trade,SPOT,2025-06-10 21:24:51.758991,4824.427411320001,14,24
2025-06-10 14:24:43.336,109115.38,0.099402,buy,1316338533019029505,BTCUSDT,trade,SPOT,2025-06-10 21:24:51.758994,10846.28700276,14,24
2025-06-10 14:24:43.079,109107.61,0.035111,buy,1316338531941093437,BTCUSDT,trade,SPOT,2025-06-10 21:24:51.758996,3830.8772947100006,14,24
2025-06-10 14:24:43.079,109106.05,0.002014,buy,1316338531941093435,BTCUSDT,trade,SPOT,2025-06-10 21:24:51.758999,219.73958470000002,14,24
2025-06-10 14:24:43.079,109104.16,0.000183,buy,1316338531941093433,BTCUSDT,trade,SPOT,2025-06-10 21:24:51.759001,19.96606128,14,24
2025-06-10 14:24:42.872,109104.15,0.023954,sell,1316338531072872459,BTCUSDT,trade,SPOT,2025-06-10 21:24:51.759004,2613.4808091,14,24
2025-06-10 14:24:42.409,109104.15,0.032197,sell,1316338529130909700,BTCUSDT,trade,SPOT,2025-06-10 21:24:51.759006,3512.82631755,14,24
2025-06-10 14:24:42.355,109100.0,9.9e-05,buy,1316338528904417290,BTCUSDT,trade,SPOT,2025-06-10 21:24:51.759009,10.800899999999999,14,24
2025-06-10 14:24:42.355,109100.0,0.035804,buy,1316338528904417288,BTCUSDT,trade,SPOT,2025-06-10 21:24:51.759011,3906.2164000000002,14,24
2025-06-10 14:24:42.355,109100.0,0.05236,buy,1316338528904417286,BTCUSDT,trade,SPOT,2025-06-10 21:24:51.759014,5712.476,14,24
2025-06-10 14:24:42.355,109100.0,0.000183,buy,1316338528904417284,BTCUSDT,trade,SPOT,2025-06-10 21:24:51.759016,19.9653,14,24
2025-06-10 14:24:42.355,109100.0,1.8e-05,buy,1316338528904417282,BTCUSDT,trade,SPOT,2025-06-10 21:24:51.759022,1.9638,14,24
2025-06-10 14:24:41.999,109100.0,0.016619,buy,1316338527411245059,BTCUSDT,trade,SPOT,2025-06-10 21:24:51.759024,1813.1328999999998,14,24
2025-06-10 14:24:41.539,109099.99,0.049976,sell,1316338525481865305,BTCUSDT,trade,SPOT,2025-06-10 21:24:51.759027,5452.38110024,14,24
2025-06-10 14:24:41.231,109100.0,0.022774,buy,1316338524190019585,BTCUSDT,trade,SPOT,2025-06-10 21:24:51.759029,2484.6434,14,24
2025-06-10 14:24:40.820,109099.99,0.039198,sell,1316338522466160722,BTCUSDT,trade,SPOT,2025-06-10 21:24:51.759032,4276.50140802,14,24
2025-06-10 14:24:40.211,109100.0,0.053576,buy,1316338519911829582,BTCUSDT,trade,SPOT,2025-06-10 21:24:51.759034,5845.1416,14,24
2025-06-10 14:24:40.004,109099.99,0.06144,sell,1316338519043608577,BTCUSDT,trade,SPOT,2025-06-10 21:24:51.759037,6703.1033856,14,24
2025-06-10 14:24:39.746,109099.99,0.055033,sell,1316338517961478163,BTCUSDT,trade,SPOT,2025-06-10 21:24:51.759039,6004.09974967,14,24
2025-06-10 14:24:39.338,109100.0,0.045868,buy,1316338516250202113,BTCUSDT,trade,SPOT,2025-06-10 21:24:51.759042,5004.1988,14,24
2025-06-10 14:24:38.879,109099.99,0.055744,sell,1316338514325016578,BTCUSDT,trade,SPOT,2025-06-10 21:24:51.759044,6081.669842560001,14,24
2025-06-10 14:24:38.319,109100.0,0.053008,buy,1316338511976206341,BTCUSDT,trade,SPOT,2025-06-10 21:24:51.759046,5783.1728,14,24
2025-06-10 14:24:37.756,109100.0,0.043024,buy,1316338509614813187,BTCUSDT,trade,SPOT,2025-06-10 21:24:51.759049,4693.9184,14,24
2025-06-10 14:24:37.420,109099.99,0.000902,sell,1316338508205527042,BTCUSDT,trade,SPOT,2025-06-10 21:24:51.759051,98.40819098,14,24
2025-06-10 14:24:37.294,109100.0,0.035639,buy,1316338507677044737,BTCUSDT,trade,SPOT,2025-06-10 21:24:51.759054,3888.2148999999995,14,24
2025-06-10 14:24:53.076,2744.64,0.008,sell,1316338573871489025,ETHUSDT,trade,SPOT,2025-06-10 21:24:53.394872,21.95712,14,24
2025-06-10 14:24:53.068,2744.64,0.2166,sell,1316338573837934595,ETHUSDT,trade,SPOT,2025-06-10 21:24:53.394882,594.489024,14,24
2025-06-10 14:24:53.068,2744.64,0.792,sell,1316338573837934593,ETHUSDT,trade,SPOT,2025-06-10 21:24:53.394884,2173.75488,14,24
2025-06-10 14:24:52.999,2744.65,0.0522,buy,1316338573548527618,ETHUSDT,trade,SPOT,2025-06-10 21:24:53.394885,143.27073000000001,14,24
2025-06-10 14:24:52.894,2744.64,0.059,sell,1316338573108125744,ETHUSDT,trade,SPOT,2025-06-10 21:24:53.394886,161.93375999999998,14,24
2025-06-10 14:24:52.879,2744.65,0.0275,buy,1316338573045211138,ETHUSDT,trade,SPOT,2025-06-10 21:24:53.394888,75.477875,14,24
2025-06-10 14:24:52.837,2744.65,0.2693,buy,1316338572869050400,ETHUSDT,trade,SPOT,2025-06-10 21:24:53.394889,739.134245,14,24
2025-06-10 14:24:52.719,2744.65,0.0431,buy,1316338572374122497,ETHUSDT,trade,SPOT,2025-06-10 21:24:53.394890,118.294415,14,24
2025-06-10 14:24:52.682,2744.65,0.0145,buy,1316338572218933340,ETHUSDT,trade,SPOT,2025-06-10 21:24:53.394891,39.797425000000004,14,24
2025-06-10 14:24:52.675,2744.65,0.0073,buy,1316338572189573122,ETHUSDT,trade,SPOT,2025-06-10 21:24:53.394892,20.035945,14,24
2025-06-10 14:24:52.634,2744.64,0.0349,sell,1316338572017606657,ETHUSDT,trade,SPOT,2025-06-10 21:24:53.394893,95.787936,14,24
2025-06-10 14:24:52.623,2744.65,0.0649,buy,1316338571971469315,ETHUSDT,trade,SPOT,2025-06-10 21:24:53.394895,178.12778500000002,14,24
2025-06-10 14:24:52.566,2744.64,0.0316,sell,1316338571732393986,ETHUSDT,trade,SPOT,2025-06-10 21:24:53.394896,86.730624,14,24
2025-06-10 14:24:52.562,2744.65,0.0467,buy,1316338571715616771,ETHUSDT,trade,SPOT,2025-06-10 21:24:53.394897,128.175155,14,24
2025-06-10 14:24:52.562,2744.65,0.0072,buy,1316338571715616769,ETHUSDT,trade,SPOT,2025-06-10 21:24:53.394898,19.76148,14,24
2025-06-10 14:24:52.559,2744.64,0.0172,sell,1316338571703034109,ETHUSDT,trade,SPOT,2025-06-10 21:24:53.394899,47.207808,14,24
2025-06-10 14:24:52.477,2744.64,0.0211,sell,1316338571359101063,ETHUSDT,trade,SPOT,2025-06-10 21:24:53.394900,57.911904,14,24
2025-06-10 14:24:52.463,2744.64,0.3616,sell,1316338571300380735,ETHUSDT,trade,SPOT,2025-06-10 21:24:53.394901,992.4618239999999,14,24
2025-06-10 14:24:52.350,2744.64,0.3129,sell,1316338570826424321,ETHUSDT,trade,SPOT,2025-06-10 21:24:53.394902,858.797856,14,24
2025-06-10 14:24:52.245,2744.64,0.0507,sell,1316338570386022464,ETHUSDT,trade,SPOT,2025-06-10 21:24:53.394903,139.153248,14,24
2025-06-10 14:24:52.236,2744.65,0.2085,buy,1316338570348273665,ETHUSDT,trade,SPOT,2025-06-10 21:24:53.394904,572.2595249999999,14,24
2025-06-10 14:24:52.120,2744.2,0.0072,buy,1316338569861734403,ETHUSDT,trade,SPOT,2025-06-10 21:24:53.394906,19.758239999999997,14,24
2025-06-10 14:24:52.120,2744.2,0.0751,buy,1316338569861734401,ETHUSDT,trade,SPOT,2025-06-10 21:24:53.394907,206.08942,14,24
2025-06-10 14:24:52.106,2744.19,0.0427,sell,1316338569803014197,ETHUSDT,trade,SPOT,2025-06-10 21:24:53.394908,117.17691300000001,14,24
2025-06-10 14:24:52.021,2744.19,0.4382,sell,1316338569446498305,ETHUSDT,trade,SPOT,2025-06-10 21:24:53.394909,1202.504058,14,24
2025-06-10 14:24:51.969,2744.2,0.0539,buy,1316338569228394498,ETHUSDT,trade,SPOT,2025-06-10 21:24:53.394910,147.91238,14,24
2025-06-10 14:24:51.966,2744.2,0.0549,buy,1316338569215811587,ETHUSDT,trade,SPOT,2025-06-10 21:24:53.394911,150.65658,14,24
2025-06-10 14:24:51.959,2744.2,0.0422,buy,1316338569186451459,ETHUSDT,trade,SPOT,2025-06-10 21:24:53.394914,115.80524,14,24
2025-06-10 14:24:51.942,2744.2,0.024,buy,1316338569115148289,ETHUSDT,trade,SPOT,2025-06-10 21:24:53.394915,65.8608,14,24
2025-06-10 14:24:51.892,2744.19,0.0348,sell,1316338568905433089,ETHUSDT,trade,SPOT,2025-06-10 21:24:53.394918,95.497812,14,24
2025-06-10 14:24:51.883,2744.19,0.0519,sell,1316338568867684356,ETHUSDT,trade,SPOT,2025-06-10 21:24:53.394920,142.423461,14,24
2025-06-10 14:24:51.856,2744.2,0.3185,buy,1316338568754438145,ETHUSDT,trade,SPOT,2025-06-10 21:24:53.394921,874.0277,14,24
2025-06-10 14:24:51.787,2744.19,0.0073,sell,1316338568465031170,ETHUSDT,trade,SPOT,2025-06-10 21:24:53.394922,20.032587,14,24
2025-06-10 14:24:51.743,2744.19,0.1597,sell,1316338568280481795,ETHUSDT,trade,SPOT,2025-06-10 21:24:53.394923,438.24714300000005,14,24
2025-06-10 14:24:51.733,2744.19,0.0559,sell,1316338568238538755,ETHUSDT,trade,SPOT,2025-06-10 21:24:53.394925,153.400221,14,24
2025-06-10 14:24:51.673,2744.19,0.0352,sell,1316338567986880596,ETHUSDT,trade,SPOT,2025-06-10 21:24:53.394926,96.595488,14,24
2025-06-10 14:24:51.655,2744.19,0.0563,sell,1316338567911383042,ETHUSDT,trade,SPOT,2025-06-10 21:24:53.394927,154.49789700000002,14,24
2025-06-10 14:24:51.629,2744.2,0.3138,buy,1316338567802331137,ETHUSDT,trade,SPOT,2025-06-10 21:24:53.394928,861.12996,14,24
2025-06-10 14:24:51.609,2744.19,0.059,sell,1316338567718445057,ETHUSDT,trade,SPOT,2025-06-10 21:24:53.394929,161.90721,14,24
2025-06-10 14:24:51.416,2744.19,0.0913,sell,1316338566908944385,ETHUSDT,trade,SPOT,2025-06-10 21:24:53.394930,250.54454700000002,14,24
2025-06-10 14:24:51.415,2744.19,0.1799,sell,1316338566904750083,ETHUSDT,trade,SPOT,2025-06-10 21:24:53.394931,493.67978100000005,14,24
2025-06-10 14:24:51.390,2744.19,0.0431,sell,1316338566799892483,ETHUSDT,trade,SPOT,2025-06-10 21:24:53.394932,118.274589,14,24
2025-06-10 14:24:51.273,2744.19,0.0818,sell,1316338566309159005,ETHUSDT,trade,SPOT,2025-06-10 21:24:53.394934,224.474742,14,24
2025-06-10 14:24:51.253,2744.19,0.1509,sell,1316338566225272835,ETHUSDT,trade,SPOT,2025-06-10 21:24:53.394935,414.098271,14,24
2025-06-10 14:24:51.168,2744.2,0.1723,buy,1316338565868756994,ETHUSDT,trade,SPOT,2025-06-10 21:24:53.394936,472.82565999999997,14,24
2025-06-10 14:24:51.142,2744.19,0.2927,sell,1316338565759705094,ETHUSDT,trade,SPOT,2025-06-10 21:24:53.394937,803.224413,14,24
2025-06-10 14:24:51.033,2744.2,0.0074,buy,1316338565302525955,ETHUSDT,trade,SPOT,2025-06-10 21:24:53.394939,20.30708,14,24
2025-06-10 14:24:50.963,2744.2,0.0141,buy,1316338565008924673,ETHUSDT,trade,SPOT,2025-06-10 21:24:53.394941,38.69322,14,24
2025-06-10 14:24:50.947,2744.19,0.0409,sell,1316338564941815811,ETHUSDT,trade,SPOT,2025-06-10 21:24:53.394942,112.237371,14,24
2025-06-10 14:24:50.934,2744.2,0.0045,buy,1316338564887289861,ETHUSDT,trade,SPOT,2025-06-10 21:24:53.394943,12.348899999999999,14,24
2025-06-10 14:24:43.967,662.2,0.0061,buy,1316338535665971207,BNBUSDT,trade,SPOT,2025-06-10 21:24:54.908235,4.039420000000001,14,24
2025-06-10 14:24:37.101,662.1,0.0076,sell,1316338506867879943,BNBUSDT,trade,SPOT,2025-06-10 21:24:54.908249,5.03196,14,24
2025-06-10 14:24:06.760,662.0,0.0052,buy,1316338379608502273,BNBUSDT,trade,SPOT,2025-06-10 21:24:54.908251,3.4423999999999997,14,24
2025-06-10 14:24:05.897,661.9,0.0208,sell,1316338375988818004,BNBUSDT,trade,SPOT,2025-06-10 21:24:54.908252,13.76752,14,24
2025-06-10 14:23:53.856,661.8,0.0175,sell,1316338325485203641,BNBUSDT,trade,SPOT,2025-06-10 21:24:54.908253,11.5815,14,23
2025-06-10 14:23:51.118,661.9,0.0151,buy,1316338314001199149,BNBUSDT,trade,SPOT,2025-06-10 21:24:54.908255,9.99469,14,23
2025-06-10 14:23:49.516,661.9,0.0091,buy,1316338307281924097,BNBUSDT,trade,SPOT,2025-06-10 21:24:54.908256,6.02329,14,23
2025-06-10 14:23:22.703,661.7,0.0079,sell,1316338194820050946,BNBUSDT,trade,SPOT,2025-06-10 21:24:54.908257,5.227430000000001,14,23
2025-06-10 14:23:16.900,661.7,0.1573,sell,1316338170480504834,BNBUSDT,trade,SPOT,2025-06-10 21:24:54.908258,104.08541000000001,14,23
2025-06-10 14:23:15.588,661.7,0.0035,sell,1316338164977578151,BNBUSDT,trade,SPOT,2025-06-10 21:24:54.908259,2.3159500000000004,14,23
2025-06-10 14:22:36.595,661.7,0.0075,buy,1316338001429082113,BNBUSDT,trade,SPOT,2025-06-10 21:24:54.908260,4.96275,14,22
2025-06-10 14:21:53.299,661.7,0.0151,buy,1316337819832496129,BNBUSDT,trade,SPOT,2025-06-10 21:24:54.908261,9.991670000000001,14,21
2025-06-10 14:21:40.194,661.9,0.0076,sell,1316337764866142357,BNBUSDT,trade,SPOT,2025-06-10 21:24:54.908263,5.03044,14,21
2025-06-10 14:21:32.418,661.8,0.0075,buy,1316337732251234401,BNBUSDT,trade,SPOT,2025-06-10 21:24:54.908264,4.9635,14,21
2025-06-10 14:21:14.455,661.8,0.0075,buy,1316337656908951554,BNBUSDT,trade,SPOT,2025-06-10 21:24:54.908265,4.9635,14,21
2025-06-10 14:20:34.137,661.7,0.0066,sell,1316337487803002882,BNBUSDT,trade,SPOT,2025-06-10 21:24:54.908266,4.3672200000000005,14,20
2025-06-10 14:20:28.109,661.8,0.0016,buy,1316337462519738369,BNBUSDT,trade,SPOT,2025-06-10 21:24:54.908267,1.05888,14,20
2025-06-10 14:20:25.119,661.7,0.006,buy,1316337449978769465,BNBUSDT,trade,SPOT,2025-06-10 21:24:54.908268,3.9702,14,20
2025-06-10 14:20:19.466,661.6,0.0297,sell,1316337426268368946,BNBUSDT,trade,SPOT,2025-06-10 21:24:54.908269,19.649520000000003,14,20
2025-06-10 14:19:47.945,661.8,0.5091,sell,1316337294059712515,BNBUSDT,trade,SPOT,2025-06-10 21:24:54.908271,336.92238,14,19
2025-06-10 14:19:47.945,661.8,2.5,sell,1316337294059712513,BNBUSDT,trade,SPOT,2025-06-10 21:24:54.908272,1654.5,14,19
2025-06-10 14:19:39.399,661.9,0.0025,buy,1316337258215190647,BNBUSDT,trade,SPOT,2025-06-10 21:24:54.908273,1.65475,14,19
2025-06-10 14:18:30.164,662.0,0.0139,sell,1316336967822553137,BNBUSDT,trade,SPOT,2025-06-10 21:24:54.908274,9.201799999999999,14,18
2025-06-10 14:18:15.448,662.0,0.0098,buy,1316336906099175591,BNBUSDT,trade,SPOT,2025-06-10 21:24:54.908275,6.4876,14,18
2025-06-10 14:17:34.757,661.9,0.0142,sell,1316336735428751361,BNBUSDT,trade,SPOT,2025-06-10 21:24:54.908276,9.39898,14,17
2025-06-10 14:17:28.320,662.0,0.0077,sell,1316336708430016563,BNBUSDT,trade,SPOT,2025-06-10 21:24:54.908278,5.0974,14,17
2025-06-10 14:16:33.590,662.0,0.0246,buy,1316336478875758593,BNBUSDT,trade,SPOT,2025-06-10 21:24:54.908279,16.2852,14,16
2025-06-10 14:16:19.234,662.0,0.003,buy,1316336418662330371,BNBUSDT,trade,SPOT,2025-06-10 21:24:54.908280,1.986,14,16
2025-06-10 14:16:13.114,661.9,0.1026,sell,1316336392993189898,BNBUSDT,trade,SPOT,2025-06-10 21:24:54.908281,67.91094,14,16
2025-06-10 14:16:13.114,662.1,0.0062,sell,1316336392993189896,BNBUSDT,trade,SPOT,2025-06-10 21:24:54.908282,4.10502,14,16
2025-06-10 14:16:02.665,662.2,0.066,buy,1316336349166907487,BNBUSDT,trade,SPOT,2025-06-10 21:24:54.908283,43.705200000000005,14,16
2025-06-10 14:16:02.665,662.2,0.236,buy,1316336349166907485,BNBUSDT,trade,SPOT,2025-06-10 21:24:54.908284,156.2792,14,16
2025-06-10 14:16:01.041,662.2,0.0345,buy,1316336342355357697,BNBUSDT,trade,SPOT,2025-06-10 21:24:54.908285,22.845900000000004,14,16
2025-06-10 14:15:49.581,662.3,0.008,buy,1316336294288633858,BNBUSDT,trade,SPOT,2025-06-10 21:24:54.908286,5.2984,14,15
2025-06-10 14:15:43.216,662.3,0.0754,buy,1316336267591888897,BNBUSDT,trade,SPOT,2025-06-10 21:24:54.908288,49.937419999999996,14,15
2025-06-10 14:15:18.972,662.5,0.7547,sell,1316336165905182733,BNBUSDT,trade,SPOT,2025-06-10 21:24:54.908289,499.98875000000004,14,15
2025-06-10 14:14:50.793,662.9,0.0301,buy,1316336047713890305,BNBUSDT,trade,SPOT,2025-06-10 21:24:54.908290,19.95329,14,14
2025-06-10 14:14:49.086,662.8,0.02,sell,1316336040554213443,BNBUSDT,trade,SPOT,2025-06-10 21:24:54.908291,13.256,14,14
2025-06-10 14:14:43.598,662.8,0.2321,sell,1316336017535873055,BNBUSDT,trade,SPOT,2025-06-10 21:24:54.908292,153.83588,14,14
2025-06-10 14:14:37.102,662.9,0.0016,buy,1316335990289674341,BNBUSDT,trade,SPOT,2025-06-10 21:24:54.908293,1.06064,14,14
2025-06-10 14:14:34.053,662.9,0.0035,buy,1316335977501241348,BNBUSDT,trade,SPOT,2025-06-10 21:24:54.908294,2.32015,14,14
2025-06-10 14:13:19.454,663.3,0.015,buy,1316335664610357250,BNBUSDT,trade,SPOT,2025-06-10 21:24:54.908296,9.949499999999999,14,13
2025-06-10 14:13:08.265,663.4,0.009,buy,1316335617680289879,BNBUSDT,trade,SPOT,2025-06-10 21:24:54.908297,5.970599999999999,14,13
2025-06-10 14:13:04.111,663.0,0.0047,buy,1316335600257150977,BNBUSDT,trade,SPOT,2025-06-10 21:24:54.908298,3.1161000000000003,14,13
2025-06-10 14:12:22.793,662.8,0.015,buy,1316335426956898306,BNBUSDT,trade,SPOT,2025-06-10 21:24:54.908299,9.941999999999998,14,12
2025-06-10 14:12:22.173,662.7,0.0161,sell,1316335424356429862,BNBUSDT,trade,SPOT,2025-06-10 21:24:54.908300,10.66947,14,12
2025-06-10 14:12:10.270,662.9,0.0729,buy,1316335374431629426,BNBUSDT,trade,SPOT,2025-06-10 21:24:54.908301,48.325410000000005,14,12
2025-06-10 14:11:57.914,662.8,0.0121,sell,1316335322606809093,BNBUSDT,trade,SPOT,2025-06-10 21:24:54.908302,8.019879999999999,14,11
2025-06-10 14:11:27.706,662.6,0.0079,buy,1316335195905273860,BNBUSDT,trade,SPOT,2025-06-10 21:24:54.908303,5.234540000000001,14,11
2025-06-10 14:11:18.831,662.4,0.0305,sell,1316335158680825941,BNBUSDT,trade,SPOT,2025-06-10 21:24:54.908304,20.2032,14,11
2025-06-10 14:24:56.097,158.57,0.1261,sell,1316338586542874625,SOLUSDT,trade,SPOT,2025-06-10 21:24:56.601148,19.995676999999997,14,24
2025-06-10 14:24:53.991,158.57,0.0609,sell,1316338577709670405,SOLUSDT,trade,SPOT,2025-06-10 21:24:56.601164,9.656913,14,24
2025-06-10 14:24:51.601,158.57,0.012,sell,1316338567685283843,SOLUSDT,trade,SPOT,2025-06-10 21:24:56.601168,1.9028399999999999,14,24
2025-06-10 14:24:51.601,158.57,0.0478,sell,1316338567685283840,SOLUSDT,trade,SPOT,2025-06-10 21:24:56.601170,7.579646,14,24
2025-06-10 14:24:50.524,158.57,0.0783,sell,1316338563168018433,SOLUSDT,trade,SPOT,2025-06-10 21:24:56.601173,12.416030999999998,14,24
2025-06-10 14:24:50.457,158.57,26.95,sell,1316338562887000152,SOLUSDT,trade,SPOT,2025-06-10 21:24:56.601176,4273.461499999999,14,24
2025-06-10 14:24:48.460,158.59,1.416,buy,1316338554510975046,SOLUSDT,trade,SPOT,2025-06-10 21:24:56.601178,224.56343999999999,14,24
2025-06-10 14:24:48.460,158.59,11.8125,buy,1316338554510975044,SOLUSDT,trade,SPOT,2025-06-10 21:24:56.601180,1873.3443750000001,14,24
2025-06-10 14:24:48.460,158.58,1.8487,buy,1316338554510975042,SOLUSDT,trade,SPOT,2025-06-10 21:24:56.601183,293.166846,14,24
2025-06-10 14:24:48.460,158.58,4.4109,buy,1316338554510975040,SOLUSDT,trade,SPOT,2025-06-10 21:24:56.601185,699.4805220000001,14,24
2025-06-10 14:24:48.460,158.58,10.0,buy,1316338554510975038,SOLUSDT,trade,SPOT,2025-06-10 21:24:56.601188,1585.8000000000002,14,24
2025-06-10 14:24:48.460,158.57,2.0244,buy,1316338554510975036,SOLUSDT,trade,SPOT,2025-06-10 21:24:56.601190,321.00910799999997,14,24
2025-06-10 14:24:48.460,158.57,0.8672,buy,1316338554510975034,SOLUSDT,trade,SPOT,2025-06-10 21:24:56.601192,137.511904,14,24
2025-06-10 14:24:48.460,158.56,23.2034,buy,1316338554510975032,SOLUSDT,trade,SPOT,2025-06-10 21:24:56.601195,3679.1311039999996,14,24
2025-06-10 14:24:48.460,158.56,4.3001,buy,1316338554510975030,SOLUSDT,trade,SPOT,2025-06-10 21:24:56.601197,681.823856,14,24
2025-06-10 14:24:48.460,158.56,11.8125,buy,1316338554510975028,SOLUSDT,trade,SPOT,2025-06-10 21:24:56.601199,1872.99,14,24
2025-06-10 14:24:48.460,158.55,10.0,buy,1316338554510975026,SOLUSDT,trade,SPOT,2025-06-10 21:24:56.601202,1585.5,14,24
2025-06-10 14:24:48.460,158.55,4.6804,buy,1316338554510975024,SOLUSDT,trade,SPOT,2025-06-10 21:24:56.601204,742.07742,14,24
2025-06-10 14:24:48.460,158.53,11.8125,buy,1316338554510975022,SOLUSDT,trade,SPOT,2025-06-10 21:24:56.601207,1872.6356250000001,14,24
2025-06-10 14:24:48.460,158.53,0.1261,buy,1316338554510975020,SOLUSDT,trade,SPOT,2025-06-10 21:24:56.601209,19.990633,14,24
2025-06-10 14:24:48.441,158.52,23.4,sell,1316338554431283210,SOLUSDT,trade,SPOT,2025-06-10 21:24:56.601211,3709.368,14,24
2025-06-10 14:24:40.646,158.53,27.28,buy,1316338521736683535,SOLUSDT,trade,SPOT,2025-06-10 21:24:56.601213,4324.6984,14,24
2025-06-10 14:24:39.712,158.55,0.6937,sell,1316338517819203590,SOLUSDT,trade,SPOT,2025-06-10 21:24:56.601216,109.986135,14,24
2025-06-10 14:24:39.684,158.55,0.0436,sell,1316338517701763152,SOLUSDT,trade,SPOT,2025-06-10 21:24:56.601218,6.912780000000001,14,24
2025-06-10 14:24:39.684,158.55,0.1261,sell,1316338517701763150,SOLUSDT,trade,SPOT,2025-06-10 21:24:56.601220,19.993155,14,24
2025-06-10 14:24:39.684,158.55,0.1261,sell,1316338517701763148,SOLUSDT,trade,SPOT,2025-06-10 21:24:56.601223,19.993155,14,24
2025-06-10 14:24:39.669,158.55,1.2306,sell,1316338517638848516,SOLUSDT,trade,SPOT,2025-06-10 21:24:56.601225,195.11163,14,24
2025-06-10 14:24:35.837,158.53,0.21,buy,1316338501566275586,SOLUSDT,trade,SPOT,2025-06-10 21:24:56.601227,33.2913,14,24
2025-06-10 14:24:35.686,158.52,0.0648,buy,1316338500932935682,SOLUSDT,trade,SPOT,2025-06-10 21:24:56.601229,10.272096,14,24
2025-06-10 14:24:35.686,158.52,0.1261,buy,1316338500932935680,SOLUSDT,trade,SPOT,2025-06-10 21:24:56.601232,19.989372,14,24
2025-06-10 14:24:34.106,158.51,0.4548,sell,1316338494305935405,SOLUSDT,trade,SPOT,2025-06-10 21:24:56.601234,72.09034799999999,14,24
2025-06-10 14:24:32.984,158.52,1.3559,buy,1316338489599926274,SOLUSDT,trade,SPOT,2025-06-10 21:24:56.601236,214.93726800000002,14,24
2025-06-10 14:24:32.981,158.51,0.1261,buy,1316338489587343362,SOLUSDT,trade,SPOT,2025-06-10 21:24:56.601239,19.988110999999996,14,24
2025-06-10 14:24:31.986,158.51,10.24,buy,1316338485414010906,SOLUSDT,trade,SPOT,2025-06-10 21:24:56.601241,1623.1424,14,24
2025-06-10 14:24:29.038,158.47,0.1262,buy,1316338473049202690,SOLUSDT,trade,SPOT,2025-06-10 21:24:56.601243,19.998914,14,24
2025-06-10 14:24:25.474,158.51,0.1261,sell,1316338458100703239,SOLUSDT,trade,SPOT,2025-06-10 21:24:56.601246,19.988110999999996,14,24
2025-06-10 14:24:25.474,158.51,0.1261,sell,1316338458100703237,SOLUSDT,trade,SPOT,2025-06-10 21:24:56.601248,19.988110999999996,14,24
2025-06-10 14:24:25.474,158.51,1.0579,sell,1316338458100703235,SOLUSDT,trade,SPOT,2025-06-10 21:24:56.601253,167.687729,14,24
2025-06-10 14:24:25.384,158.51,0.9054,sell,1316338457723215877,SOLUSDT,trade,SPOT,2025-06-10 21:24:56.601256,143.514954,14,24
2025-06-10 14:24:25.384,158.51,0.1261,sell,1316338457723215875,SOLUSDT,trade,SPOT,2025-06-10 21:24:56.601259,19.988110999999996,14,24
2025-06-10 14:24:25.384,158.51,0.1261,sell,1316338457723215873,SOLUSDT,trade,SPOT,2025-06-10 21:24:56.601270,19.988110999999996,14,24
2025-06-10 14:24:23.686,158.52,30.57,buy,1316338450601287681,SOLUSDT,trade,SPOT,2025-06-10 21:24:56.601274,4845.9564,14,24
2025-06-10 14:24:22.984,158.52,0.2152,buy,1316338447656886341,SOLUSDT,trade,SPOT,2025-06-10 21:24:56.601276,34.113504000000006,14,24
2025-06-10 14:24:22.984,158.52,0.1261,buy,1316338447656886339,SOLUSDT,trade,SPOT,2025-06-10 21:24:56.601278,19.989372,14,24
2025-06-10 14:24:20.418,158.52,35.66,buy,1316338436894302266,SOLUSDT,trade,SPOT,2025-06-10 21:24:56.601281,5652.8232,14,24
2025-06-10 14:24:18.337,158.5,0.1881,buy,1316338428165955587,SOLUSDT,trade,SPOT,2025-06-10 21:24:56.601283,29.81385,14,24
2025-06-10 14:24:18.337,158.5,0.1261,buy,1316338428165955585,SOLUSDT,trade,SPOT,2025-06-10 21:24:56.601286,19.986849999999997,14,24
2025-06-10 14:24:17.113,158.48,0.0648,buy,1316338423032127493,SOLUSDT,trade,SPOT,2025-06-10 21:24:56.601288,10.269504,14,24
2025-06-10 14:24:17.113,158.48,0.1262,buy,1316338423032127491,SOLUSDT,trade,SPOT,2025-06-10 21:24:56.601290,20.000176,14,24
2025-06-10 14:24:11.902,158.47,0.0495,sell,1316338401175609376,SOLUSDT,trade,SPOT,2025-06-10 21:24:56.601292,7.844265,14,24
2025-06-10 14:24:56.903,4.235,6.9401,sell,1316338589923459127,DOTUSDT,trade,SPOT,2025-06-10 21:24:58.192667,29.391323500000002,14,24
2025-06-10 14:24:54.679,4.235,5.9661,sell,1316338580595326994,DOTUSDT,trade,SPOT,2025-06-10 21:24:58.192679,25.2664335,14,24
2025-06-10 14:24:51.552,4.235,12.9907,sell,1316338567479738369,DOTUSDT,trade,SPOT,2025-06-10 21:24:58.192681,55.015614500000005,14,24
2025-06-10 14:24:49.379,4.235,8.3572,sell,1316338558365515778,DOTUSDT,trade,SPOT,2025-06-10 21:24:58.192683,35.392742000000005,14,24
2025-06-10 14:24:46.596,4.236,11.2823,buy,1316338546692767745,DOTUSDT,trade,SPOT,2025-06-10 21:24:58.192684,47.79182279999999,14,24
2025-06-10 14:24:45.479,4.235,12.383,sell,1316338542007730300,DOTUSDT,trade,SPOT,2025-06-10 21:24:58.192686,52.442005,14,24
2025-06-10 14:24:42.005,4.235,12.8467,buy,1316338527436718081,DOTUSDT,trade,SPOT,2025-06-10 21:24:58.192687,54.40577450000001,14,24
2025-06-10 14:24:41.136,4.234,12.9717,sell,1316338523791867994,DOTUSDT,trade,SPOT,2025-06-10 21:24:58.192689,54.9221778,14,24
2025-06-10 14:24:40.123,4.234,10.4521,sell,1316338519543037953,DOTUSDT,trade,SPOT,2025-06-10 21:24:58.192691,44.254191399999996,14,24
2025-06-10 14:24:38.052,4.234,2.1968,sell,1316338510856634371,DOTUSDT,trade,SPOT,2025-06-10 21:24:58.192692,9.301251200000001,14,24
2025-06-10 14:24:37.133,4.235,6.1905,buy,1316338507002069028,DOTUSDT,trade,SPOT,2025-06-10 21:24:58.192694,26.216767500000003,14,24
2025-06-10 14:24:35.314,4.234,8.9216,buy,1316338499372630017,DOTUSDT,trade,SPOT,2025-06-10 21:24:58.192695,37.7740544,14,24
2025-06-10 14:24:34.147,4.234,10.6682,buy,1316338494477877251,DOTUSDT,trade,SPOT,2025-06-10 21:24:58.192697,45.169158800000005,14,24
2025-06-10 14:24:32.173,4.233,3.5532,sell,1316338486198321153,DOTUSDT,trade,SPOT,2025-06-10 21:24:58.192698,15.040695599999998,14,24
2025-06-10 14:24:31.302,4.234,6.1406,buy,1316338482545082371,DOTUSDT,trade,SPOT,2025-06-10 21:24:58.192700,25.9993004,14,24
2025-06-10 14:24:30.267,4.234,9.0036,buy,1316338478203977729,DOTUSDT,trade,SPOT,2025-06-10 21:24:58.192701,38.1212424,14,24
2025-06-10 14:24:29.102,4.234,9.6187,buy,1316338473317613569,DOTUSDT,trade,SPOT,2025-06-10 21:24:58.192703,40.7255758,14,24
2025-06-10 14:24:27.234,4.234,8.2009,buy,1316338465482653697,DOTUSDT,trade,SPOT,2025-06-10 21:24:58.192704,34.7226106,14,24
2025-06-10 14:24:25.516,4.233,5.5871,buy,1316338458276839429,DOTUSDT,trade,SPOT,2025-06-10 21:24:58.192706,23.6501943,14,24
2025-06-10 14:24:24.098,4.234,7.8118,sell,1316338452329316353,DOTUSDT,trade,SPOT,2025-06-10 21:24:58.192707,33.0751612,14,24
2025-06-10 14:24:22.580,4.235,14.4121,buy,1316338445962362881,DOTUSDT,trade,SPOT,2025-06-10 21:24:58.192709,61.03524350000001,14,24
2025-06-10 14:24:21.311,4.235,12.985,buy,1316338440639791140,DOTUSDT,trade,SPOT,2025-06-10 21:24:58.192710,54.991475,14,24
2025-06-10 14:24:19.241,4.234,10.1145,sell,1316338431957581860,DOTUSDT,trade,SPOT,2025-06-10 21:24:58.192712,42.824793,14,24
2025-06-10 14:24:17.871,4.234,10.6908,buy,1316338426211385345,DOTUSDT,trade,SPOT,2025-06-10 21:24:58.192713,45.2648472,14,24
2025-06-10 14:24:15.749,4.233,7.0192,sell,1316338417311072257,DOTUSDT,trade,SPOT,2025-06-10 21:24:58.192714,29.712273599999996,14,24
2025-06-10 14:24:14.030,4.233,9.8151,sell,1316338410101063681,DOTUSDT,trade,SPOT,2025-06-10 21:24:58.192716,41.54731829999999,14,24
2025-06-10 14:24:12.806,4.234,3.4525,buy,1316338404967235585,DOTUSDT,trade,SPOT,2025-06-10 21:24:58.192718,14.617885000000001,14,24
2025-06-10 14:24:11.338,4.233,8.6916,buy,1316338398809997313,DOTUSDT,trade,SPOT,2025-06-10 21:24:58.192719,36.791542799999995,14,24
2025-06-10 14:24:09.764,4.234,7.7818,buy,1316338392208162818,DOTUSDT,trade,SPOT,2025-06-10 21:24:58.192720,32.948141199999995,14,24
2025-06-10 14:24:08.898,4.233,5.8033,buy,1316338388575895593,DOTUSDT,trade,SPOT,2025-06-10 21:24:58.192722,24.5653689,14,24
2025-06-10 14:24:07.584,4.235,11.7168,buy,1316338383064580097,DOTUSDT,trade,SPOT,2025-06-10 21:24:58.192723,49.620648,14,24
2025-06-10 14:24:06.814,4.233,10.652,sell,1316338379834966017,DOTUSDT,trade,SPOT,2025-06-10 21:24:58.192725,45.089915999999995,14,24
2025-06-10 14:24:05.893,4.233,7.8832,buy,1316338375972012251,DOTUSDT,trade,SPOT,2025-06-10 21:24:58.192726,33.3695856,14,24
2025-06-10 14:24:05.077,4.232,7.9982,buy,1316338372549459969,DOTUSDT,trade,SPOT,2025-06-10 21:24:58.192728,33.8483824,14,24
2025-06-10 14:24:03.608,4.232,6.3956,sell,1316338366388027395,DOTUSDT,trade,SPOT,2025-06-10 21:24:58.192729,27.0661792,14,24
2025-06-10 14:24:01.636,4.232,8.1035,buy,1316338358116859905,DOTUSDT,trade,SPOT,2025-06-10 21:24:58.192731,34.294012,14,24
2025-06-10 14:23:59.816,4.231,3.5729,sell,1316338350483226625,DOTUSDT,trade,SPOT,2025-06-10 21:24:58.192732,15.1169399,14,23
2025-06-10 14:23:59.202,4.232,10.601,buy,1316338347907923969,DOTUSDT,trade,SPOT,2025-06-10 21:24:58.192734,44.863432,14,23
2025-06-10 14:23:59.140,4.232,8.5402,buy,1316338347647877211,DOTUSDT,trade,SPOT,2025-06-10 21:24:58.192736,36.1421264,14,23
2025-06-10 14:23:57.621,4.229,6.5532,sell,1316338341276729437,DOTUSDT,trade,SPOT,2025-06-10 21:24:58.192737,27.7134828,14,23
2025-06-10 14:23:57.108,4.229,4.6995,sell,1316338339125051393,DOTUSDT,trade,SPOT,2025-06-10 21:24:58.192739,19.8741855,14,23
2025-06-10 14:23:56.090,4.229,8.5412,buy,1316338334855249925,DOTUSDT,trade,SPOT,2025-06-10 21:24:58.192741,36.1207348,14,23
2025-06-10 14:23:54.321,4.228,10.8634,sell,1316338327435526200,DOTUSDT,trade,SPOT,2025-06-10 21:24:58.192743,45.9304552,14,23
2025-06-10 14:23:53.706,4.228,6.5666,sell,1316338324856029185,DOTUSDT,trade,SPOT,2025-06-10 21:24:58.192744,27.7635848,14,23
2025-06-10 14:23:52.790,4.227,8.6378,sell,1316338321014046724,DOTUSDT,trade,SPOT,2025-06-10 21:24:58.192746,36.5119806,14,23
2025-06-10 14:23:51.675,4.227,9.1671,sell,1316338316337397818,DOTUSDT,trade,SPOT,2025-06-10 21:24:58.192747,38.7493317,14,23
2025-06-10 14:23:50.708,4.227,1.5307,sell,1316338312281505804,DOTUSDT,trade,SPOT,2025-06-10 21:24:58.192748,6.470268900000001,14,23
2025-06-10 14:23:49.994,4.227,4.601,sell,1316338309286772740,DOTUSDT,trade,SPOT,2025-06-10 21:24:58.192750,19.448427000000002,14,23
2025-06-10 14:23:48.478,4.229,11.1738,buy,1316338302928207873,DOTUSDT,trade,SPOT,2025-06-10 21:24:58.192752,47.2540002,14,23
2025-06-10 14:23:47.609,4.229,7.679,buy,1316338299283357706,DOTUSDT,trade,SPOT,2025-06-10 21:24:58.192753,32.474491,14,23
2025-06-10 14:24:58.377,22.01,59.7108,sell,1316338596105863168,AVAXUSDT,trade,SPOT,2025-06-10 21:24:59.826635,1314.2347080000002,14,24
2025-06-10 14:24:55.083,22.02,1.8925,sell,1316338582289825796,AVAXUSDT,trade,SPOT,2025-06-10 21:24:59.826656,41.672850000000004,14,24
2025-06-10 14:24:47.545,22.01,0.2607,sell,1316338550673162241,AVAXUSDT,trade,SPOT,2025-06-10 21:24:59.826659,5.7380070000000005,14,24
2025-06-10 14:24:45.125,22.01,0.2558,sell,1316338540522946561,AVAXUSDT,trade,SPOT,2025-06-10 21:24:59.826662,5.630158000000001,14,24
2025-06-10 14:24:42.692,22.01,0.2512,sell,1316338530318204928,AVAXUSDT,trade,SPOT,2025-06-10 21:24:59.826664,5.528912,14,24
2025-06-10 14:24:40.141,22.0,0.2474,sell,1316338519618535449,AVAXUSDT,trade,SPOT,2025-06-10 21:24:59.826667,5.4428,14,24
2025-06-10 14:24:37.641,22.01,0.4819,sell,1316338509132775535,AVAXUSDT,trade,SPOT,2025-06-10 21:24:59.826669,10.606619,14,24
2025-06-10 14:24:35.184,22.01,1.8907,sell,1316338498827370496,AVAXUSDT,trade,SPOT,2025-06-10 21:24:59.826672,41.614307000000004,14,24
2025-06-10 14:24:30.258,22.01,41.0088,sell,1316338478166229114,AVAXUSDT,trade,SPOT,2025-06-10 21:24:59.826674,902.603688,14,24
2025-06-10 14:24:26.733,22.0,33.4125,buy,1316338463381307402,AVAXUSDT,trade,SPOT,2025-06-10 21:24:59.826677,735.075,14,24
2025-06-10 14:24:26.683,22.0,194.4155,sell,1316338463171592341,AVAXUSDT,trade,SPOT,2025-06-10 21:24:59.826679,4277.1410000000005,14,24
2025-06-10 14:24:26.603,22.0,129.8608,buy,1316338462836047873,AVAXUSDT,trade,SPOT,2025-06-10 21:24:59.826681,2856.9376,14,24
2025-06-10 14:24:26.599,22.0,14.4884,buy,1316338462819270665,AVAXUSDT,trade,SPOT,2025-06-10 21:24:59.826684,318.7448,14,24
2025-06-10 14:24:26.599,22.0,12.8373,buy,1316338462819270663,AVAXUSDT,trade,SPOT,2025-06-10 21:24:59.826686,282.42060000000004,14,24
2025-06-10 14:24:26.599,22.0,0.5001,buy,1316338462819270661,AVAXUSDT,trade,SPOT,2025-06-10 21:24:59.826688,11.0022,14,24
2025-06-10 14:24:26.599,22.0,33.4125,buy,1316338462819270659,AVAXUSDT,trade,SPOT,2025-06-10 21:24:59.826691,735.075,14,24
2025-06-10 14:24:26.446,21.99,0.4771,sell,1316338462177542267,AVAXUSDT,trade,SPOT,2025-06-10 21:24:59.826693,10.491429,14,24
2025-06-10 14:24:24.014,21.99,0.4698,sell,1316338451976994891,AVAXUSDT,trade,SPOT,2025-06-10 21:24:59.826695,10.330902,14,24
2025-06-10 14:24:21.579,21.99,0.9163,sell,1316338441763864579,AVAXUSDT,trade,SPOT,2025-06-10 21:24:59.826698,20.149437,14,24
2025-06-10 14:24:18.998,21.99,3.6015,sell,1316338430938365953,AVAXUSDT,trade,SPOT,2025-06-10 21:24:59.826700,79.196985,14,24
2025-06-10 14:24:16.000,21.99,1.0266,sell,1316338418363842562,AVAXUSDT,trade,SPOT,2025-06-10 21:24:59.826702,22.574934,14,24
2025-06-10 14:24:15.122,22.0,40.3165,buy,1316338414681243649,AVAXUSDT,trade,SPOT,2025-06-10 21:24:59.826705,886.963,14,24
2025-06-10 14:24:13.596,21.99,1.0122,sell,1316338408280735745,AVAXUSDT,trade,SPOT,2025-06-10 21:24:59.826707,22.258277999999997,14,24
2025-06-10 14:24:11.221,21.98,0.9978,sell,1316338398319263749,AVAXUSDT,trade,SPOT,2025-06-10 21:24:59.826709,21.931644000000002,14,24
2025-06-10 14:24:08.735,21.99,0.9804,sell,1316338387892224001,AVAXUSDT,trade,SPOT,2025-06-10 21:24:59.826712,21.558996,14,24
2025-06-10 14:24:06.215,21.99,0.9654,sell,1316338377322577922,AVAXUSDT,trade,SPOT,2025-06-10 21:24:59.826714,21.229146,14,24
2025-06-10 14:24:03.657,21.99,1.8827,sell,1316338366593548306,AVAXUSDT,trade,SPOT,2025-06-10 21:24:59.826716,41.400573,14,24
2025-06-10 14:24:02.297,21.99,141.9366,buy,1316338360889294862,AVAXUSDT,trade,SPOT,2025-06-10 21:24:59.826729,3121.185834,14,24
2025-06-10 14:24:02.297,21.99,0.6044,buy,1316338360889294860,AVAXUSDT,trade,SPOT,2025-06-10 21:24:59.826733,13.290756,14,24
2025-06-10 14:24:02.297,21.99,12.422,buy,1316338360889294858,AVAXUSDT,trade,SPOT,2025-06-10 21:24:59.826735,273.15978,14,24
2025-06-10 14:24:02.292,21.99,20.9905,buy,1316338360868323330,AVAXUSDT,trade,SPOT,2025-06-10 21:24:59.826738,461.581095,14,24
2025-06-10 14:24:01.114,21.98,7.3817,sell,1316338355927433219,AVAXUSDT,trade,SPOT,2025-06-10 21:24:59.826740,162.24976600000002,14,24
2025-06-10 14:23:59.570,21.98,0.6891,buy,1316338349451427841,AVAXUSDT,trade,SPOT,2025-06-10 21:24:59.826742,15.146418,14,23
2025-06-10 14:23:57.067,21.98,10.8275,buy,1316338338953084929,AVAXUSDT,trade,SPOT,2025-06-10 21:24:59.826745,237.98845000000003,14,23
2025-06-10 14:23:54.850,21.97,13.3832,buy,1316338329654312961,AVAXUSDT,trade,SPOT,2025-06-10 21:24:59.826747,294.028904,14,23
2025-06-10 14:23:51.792,21.96,3.4666,buy,1316338316828131329,AVAXUSDT,trade,SPOT,2025-06-10 21:24:59.826750,76.126536,14,23
2025-06-10 14:23:51.325,21.96,17.9903,sell,1316338314869391362,AVAXUSDT,trade,SPOT,2025-06-10 21:24:59.826752,395.06698800000004,14,23
2025-06-10 14:23:49.259,21.96,15.7754,sell,1316338306203959299,AVAXUSDT,trade,SPOT,2025-06-10 21:24:59.826754,346.427784,14,23
2025-06-10 14:23:47.792,21.96,18.3134,sell,1316338300050915330,AVAXUSDT,trade,SPOT,2025-06-10 21:24:59.826756,402.16226400000005,14,23
2025-06-10 14:23:47.614,21.96,0.6503,sell,1316338299304329217,AVAXUSDT,trade,SPOT,2025-06-10 21:24:59.826759,14.280588,14,23
2025-06-10 14:23:42.468,21.97,10.762,sell,1316338277720440839,AVAXUSDT,trade,SPOT,2025-06-10 21:24:59.826761,236.44114,14,23
2025-06-10 14:23:42.468,21.97,3.938,sell,1316338277720440837,AVAXUSDT,trade,SPOT,2025-06-10 21:24:59.826871,86.51786,14,23
2025-06-10 14:23:41.404,21.98,8.8981,buy,1316338273257701377,AVAXUSDT,trade,SPOT,2025-06-10 21:24:59.826895,195.58023799999998,14,23
2025-06-10 14:23:37.677,21.98,18.7,buy,1316338257625530370,AVAXUSDT,trade,SPOT,2025-06-10 21:24:59.826899,411.026,14,23
2025-06-10 14:23:37.555,21.98,0.2285,buy,1316338257113825282,AVAXUSDT,trade,SPOT,2025-06-10 21:24:59.826902,5.02243,14,23
2025-06-10 14:23:33.096,21.97,12.3266,sell,1316338238411423745,AVAXUSDT,trade,SPOT,2025-06-10 21:24:59.826906,270.81540199999995,14,23
2025-06-10 14:23:31.562,21.97,116.062,sell,1316338231977361543,AVAXUSDT,trade,SPOT,2025-06-10 21:24:59.826908,2549.8821399999997,14,23
2025-06-10 14:23:31.509,21.97,69.4771,buy,1316338231755063303,AVAXUSDT,trade,SPOT,2025-06-10 21:24:59.826911,1526.4118869999998,14,23
2025-06-10 14:23:31.509,21.97,1.0268,buy,1316338231755063301,AVAXUSDT,trade,SPOT,2025-06-10 21:24:59.826914,22.558795999999997,14,23
2025-06-10 14:23:31.509,21.97,33.4125,buy,1316338231755063299,AVAXUSDT,trade,SPOT,2025-06-10 21:24:59.826916,734.072625,14,23
2025-06-10 14:25:01.027,0.6985,66.796,sell,1316338607220772971,ADAUSDT,trade,SPOT,2025-06-10 21:25:01.415888,46.657006,14,25
2025-06-10 14:25:00.917,0.6985,73.535,sell,1316338606759399425,ADAUSDT,trade,SPOT,2025-06-10 21:25:01.415902,51.364197499999996,14,25
2025-06-10 14:25:00.857,0.6986,3321.493,buy,1316338606507741185,ADAUSDT,trade,SPOT,2025-06-10 21:25:01.415905,2320.3950098,14,25
2025-06-10 14:25:00.508,0.6986,8.597,buy,1316338605043929089,ADAUSDT,trade,SPOT,2025-06-10 21:25:01.415907,6.0058641999999995,14,25
2025-06-10 14:25:00.297,0.6985,43.866,sell,1316338604158930946,ADAUSDT,trade,SPOT,2025-06-10 21:25:01.415909,30.640401,14,25
2025-06-10 14:25:00.188,0.6985,46.886,sell,1316338603701751809,ADAUSDT,trade,SPOT,2025-06-10 21:25:01.415911,32.749871000000006,14,25
2025-06-10 14:24:59.826,0.6985,57.734,sell,1316338602183413764,ADAUSDT,trade,SPOT,2025-06-10 21:25:01.415912,40.327199,14,24
2025-06-10 14:24:59.515,0.6986,39.54,buy,1316338600878985217,ADAUSDT,trade,SPOT,2025-06-10 21:25:01.415914,27.622644,14,24
2025-06-10 14:24:59.403,0.6986,53.427,buy,1316338600409223221,ADAUSDT,trade,SPOT,2025-06-10 21:25:01.415916,37.3241022,14,24
2025-06-10 14:24:58.790,0.6986,72.003,buy,1316338597838114818,ADAUSDT,trade,SPOT,2025-06-10 21:25:01.415917,50.3012958,14,24
2025-06-10 14:24:58.261,0.6986,27.39,buy,1316338595619328001,ADAUSDT,trade,SPOT,2025-06-10 21:25:01.415919,19.134654,14,24
2025-06-10 14:24:57.948,0.6986,60.122,buy,1316338594306510871,ADAUSDT,trade,SPOT,2025-06-10 21:25:01.415921,42.0012292,14,24
2025-06-10 14:24:57.788,0.6986,53.586,buy,1316338593635422210,ADAUSDT,trade,SPOT,2025-06-10 21:25:01.415922,37.4351796,14,24
2025-06-10 14:24:57.530,0.6986,46.953,buy,1316338592553291777,ADAUSDT,trade,SPOT,2025-06-10 21:25:01.415924,32.8013658,14,24
2025-06-10 14:24:57.169,0.6985,19.127,sell,1316338591039148033,ADAUSDT,trade,SPOT,2025-06-10 21:25:01.415926,13.3602095,14,24
2025-06-10 14:24:56.655,0.6986,43.108,buy,1316338588883275777,ADAUSDT,trade,SPOT,2025-06-10 21:25:01.415927,30.115248799999996,14,24
2025-06-10 14:24:56.547,0.6985,70.725,sell,1316338588430290945,ADAUSDT,trade,SPOT,2025-06-10 21:25:01.415929,49.4014125,14,24
2025-06-10 14:24:56.186,0.6986,73.956,buy,1316338586916147201,ADAUSDT,trade,SPOT,2025-06-10 21:25:01.415931,51.6656616,14,24
2025-06-10 14:24:55.828,0.6986,56.502,buy,1316338585414586369,ADAUSDT,trade,SPOT,2025-06-10 21:25:01.415933,39.4722972,14,24
2025-06-10 14:24:55.617,0.6986,64.902,buy,1316338584529588225,ADAUSDT,trade,SPOT,2025-06-10 21:25:01.415934,45.3405372,14,24
2025-06-10 14:24:55.359,0.6985,46.23,sell,1316338583447457795,ADAUSDT,trade,SPOT,2025-06-10 21:25:01.415936,32.291655,14,24
2025-06-10 14:24:54.859,0.6985,68.836,sell,1316338581350305793,ADAUSDT,trade,SPOT,2025-06-10 21:25:01.415937,48.081946,14,24
2025-06-10 14:24:54.648,0.6985,83.138,sell,1316338580465307809,ADAUSDT,trade,SPOT,2025-06-10 21:25:01.415939,58.071893,14,24
2025-06-10 14:24:54.492,0.6985,44.588,sell,1316338579810996226,ADAUSDT,trade,SPOT,2025-06-10 21:25:01.415941,31.144718,14,24
2025-06-10 14:24:54.231,0.6986,65.909,buy,1316338578716282881,ADAUSDT,trade,SPOT,2025-06-10 21:25:01.415942,46.044027400000004,14,24
2025-06-10 14:24:54.120,0.6986,51.539,buy,1316338578250715183,ADAUSDT,trade,SPOT,2025-06-10 21:25:01.415944,36.0051454,14,24
2025-06-10 14:24:53.606,0.6986,47.491,buy,1316338576094842882,ADAUSDT,trade,SPOT,2025-06-10 21:25:01.415946,33.1772126,14,24
2025-06-10 14:24:53.395,0.6986,43.365,buy,1316338575209844738,ADAUSDT,trade,SPOT,2025-06-10 21:25:01.415947,30.294789,14,24
2025-06-10 14:24:53.033,0.6985,62.844,sell,1316338573691506689,ADAUSDT,trade,SPOT,2025-06-10 21:25:01.415949,43.896534,14,24
2025-06-10 14:24:52.625,0.6986,47.141,buy,1316338571980230715,ADAUSDT,trade,SPOT,2025-06-10 21:25:01.415950,32.9327026,14,24
2025-06-10 14:24:52.364,0.6985,47.919,sell,1316338570885517316,ADAUSDT,trade,SPOT,2025-06-10 21:25:01.415952,33.4714215,14,24
2025-06-10 14:24:51.801,0.6984,43.7,sell,1316338568524124161,ADAUSDT,trade,SPOT,2025-06-10 21:25:01.415954,30.520080000000004,14,24
2025-06-10 14:24:51.441,0.6985,32.127,buy,1316338567014174757,ADAUSDT,trade,SPOT,2025-06-10 21:25:01.415955,22.4407095,14,24
2025-06-10 14:24:50.980,0.6985,74.469,buy,1316338565080600746,ADAUSDT,trade,SPOT,2025-06-10 21:25:01.415957,52.0165965,14,24
2025-06-10 14:24:50.369,0.6985,47.423,buy,1316338562517880833,ADAUSDT,trade,SPOT,2025-06-10 21:25:01.415959,33.1249655,14,24
2025-06-10 14:24:49.860,0.6984,49.16,sell,1316338560382980097,ADAUSDT,trade,SPOT,2025-06-10 21:25:01.415960,34.333344,14,24
2025-06-10 14:24:49.699,0.6984,90.782,sell,1316338559707697154,ADAUSDT,trade,SPOT,2025-06-10 21:25:01.415962,63.4021488,14,24
2025-06-10 14:24:49.238,0.6985,77.475,buy,1316338557774123010,ADAUSDT,trade,SPOT,2025-06-10 21:25:01.415964,54.1162875,14,24
2025-06-10 14:24:48.876,0.6985,36.401,buy,1316338556255784961,ADAUSDT,trade,SPOT,2025-06-10 21:25:01.415965,25.426098500000002,14,24
2025-06-10 14:24:48.619,0.6984,65.671,sell,1316338555177848834,ADAUSDT,trade,SPOT,2025-06-10 21:25:01.415967,45.864626400000006,14,24
2025-06-10 14:24:48.407,0.6984,72.803,sell,1316338554288656386,ADAUSDT,trade,SPOT,2025-06-10 21:25:01.415969,50.8456152,14,24
2025-06-10 14:24:47.847,0.6985,54.936,buy,1316338551939846215,ADAUSDT,trade,SPOT,2025-06-10 21:25:01.415971,38.372796,14,24
2025-06-10 14:24:47.229,0.6985,68.474,buy,1316338549347766281,ADAUSDT,trade,SPOT,2025-06-10 21:25:01.415973,47.829089,14,24
2025-06-10 14:24:46.822,0.6984,43.73,buy,1316338547640684546,ADAUSDT,trade,SPOT,2025-06-10 21:25:01.415975,30.541031999999998,14,24
2025-06-10 14:24:46.261,0.6984,106.828,buy,1316338545287680001,ADAUSDT,trade,SPOT,2025-06-10 21:25:01.415976,74.60867520000001,14,24
2025-06-10 14:24:46.004,0.6983,67.804,sell,1316338544209743873,ADAUSDT,trade,SPOT,2025-06-10 21:25:01.415978,47.3475332,14,24
2025-06-10 14:24:45.343,0.6984,27.459,buy,1316338541437308930,ADAUSDT,trade,SPOT,2025-06-10 21:25:01.415979,19.1773656,14,24
2025-06-10 14:24:45.182,0.6983,62.066,sell,1316338540762025993,ADAUSDT,trade,SPOT,2025-06-10 21:25:01.415981,43.340687800000005,14,24
2025-06-10 14:24:44.720,0.6984,52.575,buy,1316338538824257537,ADAUSDT,trade,SPOT,2025-06-10 21:25:01.415983,36.71838,14,24
2025-06-10 14:24:44.310,0.6983,63.134,sell,1316338537104592897,ADAUSDT,trade,SPOT,2025-06-10 21:25:01.415984,44.0864722,14,24
