thoi_gian,gia,gia_mua,gia_ban,khoi_luong_24h,high24h,low24h,instId,best_purchase_price,best_sale_price
2025-05-28T07:49:28.966624,108925.4,108925.4,108925.5,,110675.2,107463.9,BTCUSDT,49.866,1.1837
2025-05-28T07:49:28.975054,2648.13,2648.13,2648.14,,2711.56,2509,ETHUSDT,206.87,2.16
2025-05-28T07:49:28.975054,176.735,176.739,176.74,,179.34,171.15,SOLUSDT,82.7,66.6
2025-05-28T07:49:29.276016,108925.4,108925.4,108925.5,,110675.2,107463.9,BTCUSDT,55.926,1.1837
2025-05-28T07:49:29.276016,2648.13,2648.13,2648.14,,2711.56,2509,ETHUSDT,206.87,2.16
2025-05-28T07:49:29.276016,176.735,176.739,176.74,,179.34,171.15,SOLUSDT,82.7,66.6
2025-05-28T07:49:29.575519,2648.14,2648.13,2648.14,,2711.56,2509,ETHUSDT,164.09,5.71
2025-05-28T07:49:29.575519,108925.4,108925.4,108925.5,,110675.2,107463.9,BTCUSDT,55.9268,1.1362
2025-05-28T07:49:29.575519,176.735,176.739,176.74,,179.34,171.15,SOLUSDT,72.5,66.6
2025-05-28T07:49:29.983761,2648.14,2648.13,2648.14,,2711.56,2509,ETHUSDT,164.09,5.71
2025-05-28T07:49:29.983761,108925.4,108925.4,108925.5,,110675.2,107463.9,BTCUSDT,50.8847,1.391
2025-05-28T07:49:29.983761,176.73,176.729,176.73,,179.34,171.15,SOLUSDT,0.2,405.4
2025-05-28T07:49:30.313115,2648.14,2647.99,2648.14,,2711.56,2509,ETHUSDT,56.49,150.54
2025-05-28T07:49:30.314121,108925.4,108925.4,108925.5,,110675.2,107463.9,BTCUSDT,49.0602,17.7502
2025-05-28T07:49:30.315134,176.73,176.729,176.73,,179.34,171.15,SOLUSDT,0.2,405.4
2025-05-28T07:49:30.625181,108925.4,108925.4,108925.5,,110675.2,107463.9,BTCUSDT,48.4276,21.4636
2025-05-28T07:49:30.626071,2647.81,2647.6,2647.64,,2711.56,2509,ETHUSDT,0.02,1.45
2025-05-28T07:49:30.626071,176.729,176.686,176.687,,179.34,171.15,SOLUSDT,57.5,62.3
2025-05-28T07:49:30.941567,108925.5,108925.4,108925.5,,110675.2,107463.9,BTCUSDT,54.0631,21.4811
2025-05-28T07:49:30.942118,2647.81,2647.6,2647.61,,2711.56,2509,ETHUSDT,54.35,49.6
2025-05-28T07:49:30.943389,176.729,176.686,176.687,,179.34,171.15,SOLUSDT,57.5,102.4
2025-05-28T07:49:31.316122,108925.5,108925.4,108925.5,,110675.2,107463.9,BTCUSDT,54.0631,21.4162
2025-05-28T07:49:31.320526,2647.81,2647.6,2647.61,,2711.56,2509,ETHUSDT,51.44,43.81
2025-05-28T07:49:31.322878,176.729,176.686,176.687,,179.34,171.15,SOLUSDT,57.5,102.4
2025-05-28T07:49:31.649305,2647.61,2647.6,2647.61,,2711.56,2509,ETHUSDT,50.94,70.92
2025-05-28T07:49:31.649305,176.729,176.686,176.687,,179.34,171.15,SOLUSDT,57.5,92.2
2025-05-28T07:49:31.658519,108925.5,108925.4,108925.5,,110675.2,107463.9,BTCUSDT,54.0623,21.4154
2025-05-28T07:49:31.959676,2647.61,2647.6,2647.61,,2711.56,2509,ETHUSDT,0.03,206.02
2025-05-28T07:49:31.964082,108925.5,108925.4,108925.5,,110675.2,107463.9,BTCUSDT,45.6978,26.6878
2025-05-28T07:49:31.964082,176.729,176.677,176.678,,179.34,171.15,SOLUSDT,0.2,24
2025-05-28T07:49:32.276605,2647.55,2647.5,2647.51,,2711.56,2509,ETHUSDT,39.61,152.3
2025-05-28T07:49:32.278978,176.678,176.677,176.678,,179.34,171.15,SOLUSDT,0.2,80
2025-05-28T07:49:32.278978,108925.5,108925.4,108925.5,,110675.2,107463.9,BTCUSDT,51.7578,27.5463
2025-05-28T07:49:32.636607,2647.51,2647.5,2647.51,,2711.56,2509,ETHUSDT,36.92,203.26
2025-05-28T07:49:32.638408,176.678,176.677,176.678,,179.34,171.15,SOLUSDT,0.2,80
2025-05-28T07:49:32.638408,108925.5,108925.4,108925.5,,110675.2,107463.9,BTCUSDT,51.7578,27.5463
2025-05-28T07:49:32.939352,2647.51,2647.5,2647.51,,2711.56,2509,ETHUSDT,36.92,203.26
2025-05-28T07:49:32.955429,108925.5,108925.4,108925.5,,110675.2,107463.9,BTCUSDT,51.3768,27.5463
2025-05-28T07:49:32.955429,176.678,176.677,176.678,,179.34,171.15,SOLUSDT,0.2,80
2025-05-28T07:49:33.277879,108925.5,108925.4,108925.5,,110675.2,107463.9,BTCUSDT,48.5577,27.547
2025-05-28T07:49:33.278888,176.677,176.66,176.661,,179.34,171.15,SOLUSDT,0.3,184.6
2025-05-28T07:49:33.278888,2647.51,2647.5,2647.51,,2711.56,2509,ETHUSDT,0.99,323.53
2025-05-28T07:49:33.580300,2647.51,2647.5,2647.51,,2711.56,2509,ETHUSDT,0.99,323.53
2025-05-28T07:49:33.595992,108925.5,108925.4,108925.5,,110675.2,107463.9,BTCUSDT,48.5577,27.547
2025-05-28T07:49:33.595992,176.677,176.66,176.661,,179.34,171.15,SOLUSDT,0.3,184.6
2025-05-28T07:49:33.925816,108925.5,108925.4,108925.5,,110675.2,107463.9,BTCUSDT,4.2551,9.5438
2025-05-28T07:49:33.926815,2647.32,2647,2647.01,,2711.56,2509,ETHUSDT,9.81,325.59
2025-05-28T07:49:33.927815,176.66,176.637,176.638,,179.34,171.15,SOLUSDT,57.5,113.7
2025-05-28T07:49:34.251221,2647.32,2647,2647.01,,2711.56,2509,ETHUSDT,9.81,323.29
2025-05-28T07:49:34.252244,108925.5,108925.4,108925.5,,110675.2,107463.9,BTCUSDT,4.1985,9.5508
2025-05-28T07:49:34.252244,176.66,176.637,176.638,,179.34,171.15,SOLUSDT,57.5,113.7
2025-05-28T07:49:34.571850,2647.32,2647,2647.01,,2711.56,2509,ETHUSDT,9.81,321.36
2025-05-28T07:49:34.571850,108925.5,108925.4,108925.5,,110675.2,107463.9,BTCUSDT,4.1785,9.5633
2025-05-28T07:49:34.573432,176.66,176.625,176.626,,179.34,171.15,SOLUSDT,0.5,33.8
2025-05-28T07:49:34.910637,2647.01,2647,2647.01,,2711.56,2509,ETHUSDT,9.81,319.43
2025-05-28T07:49:34.915291,108925.5,108925.4,108925.5,,110675.2,107463.9,BTCUSDT,4.1785,11.1517
2025-05-28T07:49:34.917480,176.66,176.625,176.626,,179.34,171.15,SOLUSDT,72.5,71.8
2025-05-28T07:49:36.158369,108916.9,108917.9,108918,,110675.2,107463.9,BTCUSDT,10.2467,13.6105
2025-05-28T07:49:36.166652,2647.01,2647,2647.01,,2711.56,2509,ETHUSDT,4.5,381.54
2025-05-28T07:49:36.176005,176.66,176.624,176.625,,179.34,171.15,SOLUSDT,58,72.4
2025-05-28T07:49:37.108044,2647,2646.76,2646.77,,2711.56,2509,ETHUSDT,1.74,617.4
2025-05-28T07:49:37.108044,176.583,176.57,176.571,,179.34,171.15,SOLUSDT,92.3,38
2025-05-28T07:49:37.109080,108918,108917.9,108918,,110675.2,107463.9,BTCUSDT,4.1767,17.3992
2025-05-28T07:49:37.420311,108918,108917.9,108918,,110675.2,107463.9,BTCUSDT,4.1767,17.3992
2025-05-28T07:49:37.422050,2647,2646.76,2646.77,,2711.56,2509,ETHUSDT,1.74,582.72
2025-05-28T07:49:37.422050,176.583,176.57,176.571,,179.34,171.15,SOLUSDT,27.8,38
2025-05-28T07:49:37.726837,2647,2646.76,2646.77,,2711.56,2509,ETHUSDT,3.9,554.23
2025-05-28T07:49:37.726837,108918,108917.9,108918,,110675.2,107463.9,BTCUSDT,4.1767,16.9003
2025-05-28T07:49:37.726837,176.583,176.57,176.571,,179.34,171.15,SOLUSDT,48.1,38
2025-05-28T07:49:38.039071,176.583,176.57,176.571,,179.34,171.15,SOLUSDT,120.1,38
2025-05-28T07:49:38.040165,108918,108917.9,108918,,110675.2,107463.9,BTCUSDT,4.1767,16.9003
2025-05-28T07:49:38.043603,2646.76,2646.76,2646.77,,2711.56,2509,ETHUSDT,4.88,497.94
2025-05-28T07:49:38.660301,108918,108917.9,108918,,110675.2,107463.9,BTCUSDT,4.1767,16.9003
2025-05-28T07:49:38.661388,2646.76,2646.76,2646.77,,2711.56,2509,ETHUSDT,50.58,500.25
2025-05-28T07:49:38.661388,176.583,176.57,176.571,,179.34,171.15,SOLUSDT,120.1,38
2025-05-28T07:49:38.991472,2646.76,2646.76,2646.77,,2711.56,2509,ETHUSDT,50.58,500.25
2025-05-28T07:49:38.992509,108918,108917.9,108918,,110675.2,107463.9,BTCUSDT,4.1767,16.9003
2025-05-28T07:49:38.993515,176.583,176.57,176.571,,179.34,171.15,SOLUSDT,120.1,38
2025-05-28T07:49:39.292147,2646.77,2646.76,2646.77,,2711.56,2509,ETHUSDT,50.58,497.49
2025-05-28T07:49:39.293156,108918,108917.9,108918,,110675.2,107463.9,BTCUSDT,4.1767,16.4893
2025-05-28T07:49:39.293156,176.583,176.55,176.56,,179.34,171.15,SOLUSDT,388,532.8
2025-05-28T07:49:39.613190,2646.76,2646.76,2646.77,,2711.56,2509,ETHUSDT,50.58,495.1
2025-05-28T07:49:39.615163,176.583,176.559,176.56,,179.34,171.15,SOLUSDT,168,179.9
2025-05-28T07:49:39.615163,108918,108917.9,108918,,110675.2,107463.9,BTCUSDT,4.1767,16.4893
2025-05-28T07:49:39.957796,108918,108917.9,108918,,110675.2,107463.9,BTCUSDT,4.1767,16.5801
2025-05-28T07:49:39.958797,2646.76,2646.76,2646.77,,2711.56,2509,ETHUSDT,50.58,495.11
2025-05-28T07:49:39.958797,176.559,176.559,176.56,,179.34,171.15,SOLUSDT,138.9,107.1
2025-05-28T07:49:40.258749,2646.76,2646.76,2646.77,,2711.56,2509,ETHUSDT,68.64,189.62
2025-05-28T07:49:40.258749,108918,108917.9,108918,,110675.2,107463.9,BTCUSDT,4.1767,16.4884
2025-05-28T07:49:40.258749,176.559,176.589,176.59,,179.34,171.15,SOLUSDT,80.9,402.4
2025-05-28T07:49:40.566368,108918,108917.9,108918,,110675.2,107463.9,BTCUSDT,4.1767,16.4884
2025-05-28T07:49:40.566368,2646.76,2646.76,2646.77,,2711.56,2509,ETHUSDT,68.64,189.62
2025-05-28T07:49:40.566368,176.559,176.589,176.59,,179.34,171.15,SOLUSDT,80.9,402.4
2025-05-28T07:49:40.870271,108918,108917.9,108918,,110675.2,107463.9,BTCUSDT,10.2667,16.2819
2025-05-28T07:49:40.871271,2646.77,2646.76,2646.77,,2711.56,2509,ETHUSDT,107.67,99.27
2025-05-28T07:49:40.871271,176.559,176.589,176.59,,179.34,171.15,SOLUSDT,104,423.2
2025-05-28T07:49:41.250190,108917.9,108917.9,108918,,110675.2,107463.9,BTCUSDT,10.1979,11.4187
2025-05-28T07:49:41.251198,2646.77,2646.76,2646.77,,2711.56,2509,ETHUSDT,287.96,95.81
2025-05-28T07:49:41.251198,176.559,176.589,176.59,,179.34,171.15,SOLUSDT,93.9,253.8
2025-05-28T07:49:41.701133,2646.77,2646.81,2646.82,,2711.56,2509,ETHUSDT,230.21,5.21
2025-05-28T07:49:41.701427,108918,108917.9,108918,,110675.2,107463.9,BTCUSDT,21.9054,2.4243
2025-05-28T07:49:41.710923,176.595,176.619,176.62,,179.34,171.15,SOLUSDT,40.2,389.5
2025-05-28T07:49:42.865994,108917.9,108917.9,108918,,110675.2,107463.9,BTCUSDT,26.8022,0.3074
2025-05-28T07:49:42.865994,2647.13,2646.93,2646.94,,2711.56,2509,ETHUSDT,196.23,222.1
2025-05-28T07:49:42.865994,176.595,176.629,176.63,,179.34,171.15,SOLUSDT,89.6,8.4
2025-05-28T07:49:43.875734,108917.9,108917.9,108918,,110675.2,107463.9,BTCUSDT,32.8722,0.3074
2025-05-28T07:49:43.883459,2646.93,2646.93,2646.94,,2711.56,2509,ETHUSDT,156.5,225.36
2025-05-28T07:49:43.883459,176.595,176.629,176.63,,179.34,171.15,SOLUSDT,0.5,46.4
2025-05-28T07:49:44.215036,176.595,176.629,176.63,,179.34,171.15,SOLUSDT,0.5,56.7
2025-05-28T07:49:44.223014,2646.93,2646.93,2646.94,,2711.56,2509,ETHUSDT,1,217.03
2025-05-28T07:49:44.223212,108917.9,108917.9,108918,,110675.2,107463.9,BTCUSDT,32.8722,0.3074
2025-05-28T07:49:44.531864,108917.9,108917.9,108918,,110675.2,107463.9,BTCUSDT,32.8722,0.3074
2025-05-28T07:49:44.533602,2646.94,2646.93,2646.94,,2711.56,2509,ETHUSDT,1,320.29
2025-05-28T07:49:44.533602,176.595,176.629,176.63,,179.34,171.15,SOLUSDT,0.5,66.9
2025-05-28T07:49:44.835505,2646.94,2646.93,2646.94,,2711.56,2509,ETHUSDT,1,320.29
2025-05-28T07:49:44.836658,108917.9,108917.9,108918,,110675.2,107463.9,BTCUSDT,32.7641,0.3074
2025-05-28T07:49:44.844620,176.595,176.629,176.63,,179.34,171.15,SOLUSDT,0.5,46.4
2025-05-28T07:49:45.148072,2646.93,2646.93,2646.94,,2711.56,2509,ETHUSDT,3.65,320.29
2025-05-28T07:49:45.149183,108917.9,108917.9,108918,,110675.2,107463.9,BTCUSDT,32.7641,0.3074
2025-05-28T07:49:45.155862,176.595,176.629,176.63,,179.34,171.15,SOLUSDT,0.5,28.9
2025-05-28T07:49:45.515025,2646.93,2646.93,2646.94,,2711.56,2509,ETHUSDT,4.61,320.29
2025-05-28T07:49:45.515025,108917.9,108917.9,108918,,110675.2,107463.9,BTCUSDT,32.3378,0.3074
2025-05-28T07:49:45.515025,176.595,176.629,176.63,,179.34,171.15,SOLUSDT,0.5,18.7
2025-05-28T07:51:25.575087,2645.19,2645.19,2645.2,,2711.56,2509,ETHUSDT,346.03,0.22
2025-05-28T07:51:25.577918,108823.1,108823.1,108823.2,,110675.2,107463.9,BTCUSDT,44.6023,0.6684
2025-05-28T07:51:25.577918,176.41,176.409,176.41,,179.34,171.15,SOLUSDT,1457.7,274.9
2025-05-28T07:51:26.009321,108823.2,108823.1,108823.2,,110675.2,107463.9,BTCUSDT,44.7505,0.6398
2025-05-28T07:51:26.009321,2645.19,2645.19,2645.2,,2711.56,2509,ETHUSDT,323.21,0.22
2025-05-28T07:51:26.009321,176.41,176.409,176.41,,179.34,171.15,SOLUSDT,1529.7,274.9
2025-05-28T07:51:26.673770,108823.1,108823.1,108823.2,,110675.2,107463.9,BTCUSDT,41.1717,0.638
2025-05-28T07:51:26.676417,2645.19,2645.19,2645.2,,2711.56,2509,ETHUSDT,321.91,0.22
2025-05-28T07:51:26.676417,176.41,176.409,176.41,,179.34,171.15,SOLUSDT,1529.7,274.9
2025-05-28T07:51:26.965685,2645.2,2645.19,2645.2,,2711.56,2509,ETHUSDT,323.21,1.22
2025-05-28T07:51:26.965685,108823.1,108823.1,108823.2,,110675.2,107463.9,BTCUSDT,41.9909,0.6398
2025-05-28T07:51:26.971190,176.41,176.409,176.41,,179.34,171.15,SOLUSDT,1467.9,274.9
2025-05-28T07:51:27.797279,2645.2,2645.19,2645.2,,2711.56,2509,ETHUSDT,332.21,0.22
2025-05-28T07:51:27.797279,108823.2,108823.1,108823.2,,110675.2,107463.9,BTCUSDT,43.1142,0.6389
2025-05-28T07:51:27.797279,176.41,176.418,176.42,,179.34,171.15,SOLUSDT,13,404.5
2025-05-28T07:51:28.120858,2645.37,2645.34,2645.37,,2711.56,2509,ETHUSDT,0.63,38.61
2025-05-28T07:51:28.120858,108823.2,108823.1,108823.2,,110675.2,107463.9,BTCUSDT,41.1425,0.2079
2025-05-28T07:51:28.120858,176.41,176.419,176.42,,179.34,171.15,SOLUSDT,134,490.1
2025-05-28T07:51:28.398785,108823.2,108823.1,108823.2,,110675.2,107463.9,BTCUSDT,41.1425,0.2079
2025-05-28T07:51:28.398785,2645.37,2645.36,2645.37,,2711.56,2509,ETHUSDT,124.57,51.84
2025-05-28T07:51:28.398785,176.41,176.419,176.42,,179.34,171.15,SOLUSDT,95.7,602.6
2025-05-28T07:51:29.079521,2645.37,2645.36,2645.37,,2711.56,2509,ETHUSDT,198.38,66.9
2025-05-28T07:51:29.087413,108823.2,108823.1,108823.2,,110675.2,107463.9,BTCUSDT,41.242,0.2079
2025-05-28T07:51:29.088350,176.41,176.419,176.42,,179.34,171.15,SOLUSDT,95.7,673.7
2025-05-28T07:51:29.364806,108823.2,108823.1,108823.2,,110675.2,107463.9,BTCUSDT,41.242,0.2079
2025-05-28T07:51:29.367175,2645.37,2645.36,2645.37,,2711.56,2509,ETHUSDT,215.55,51.48
2025-05-28T07:51:29.367175,176.41,176.419,176.42,,179.34,171.15,SOLUSDT,95.7,553.6
2025-05-28T07:51:29.781076,2645.37,2645.36,2645.37,,2711.56,2509,ETHUSDT,205.56,50.14
2025-05-28T07:51:29.781076,108823.1,108823.1,108823.2,,110675.2,107463.9,BTCUSDT,41.095,0.2079
2025-05-28T07:51:29.781076,176.419,176.419,176.42,,179.34,171.15,SOLUSDT,95.6,654.4
2025-05-28T07:51:30.590096,176.419,176.419,176.42,,179.34,171.15,SOLUSDT,23.6,567.8
2025-05-28T07:51:30.590096,2645.37,2645.36,2645.37,,2711.56,2509,ETHUSDT,225.55,50.14
2025-05-28T07:51:30.606043,108823.1,108823.1,108823.2,,110675.2,107463.9,BTCUSDT,41.095,0.2079
2025-05-28T07:51:30.953998,108823.1,108823.1,108823.2,,110675.2,107463.9,BTCUSDT,41.569,0.2079
2025-05-28T07:51:30.953998,2645.37,2645.37,2645.38,,2711.56,2509,ETHUSDT,293.54,1.57
2025-05-28T07:51:30.953998,176.42,176.419,176.42,,179.34,171.15,SOLUSDT,103.7,518.3
2025-05-28T07:51:31.285153,2645.37,2645.37,2645.38,,2711.56,2509,ETHUSDT,357.96,1.55
2025-05-28T07:51:31.285153,108823.1,108823.1,108823.2,,110675.2,107463.9,BTCUSDT,41.2432,0.2079
2025-05-28T07:51:31.285153,176.42,176.419,176.42,,179.34,171.15,SOLUSDT,81.6,570.1
2025-05-28T07:51:31.957644,108823.1,108823.9,108824,,110675.2,107463.9,BTCUSDT,27.8292,0.1192
2025-05-28T07:51:31.957644,2645.38,2645.37,2645.38,,2711.56,2509,ETHUSDT,385.33,1.54
2025-05-28T07:51:31.957644,176.42,176.419,176.42,,179.34,171.15,SOLUSDT,81.6,597.6
2025-05-28T07:51:32.268913,176.42,176.419,176.42,,179.34,171.15,SOLUSDT,37.5,574.6
2025-05-28T07:51:32.268913,108823.1,108823.9,108824,,110675.2,107463.9,BTCUSDT,40.3232,0.121
2025-05-28T07:51:32.268913,2645.38,2645.37,2645.38,,2711.56,2509,ETHUSDT,385.33,1.54
2025-05-28T07:51:32.569404,2645.38,2645.37,2645.38,,2711.56,2509,ETHUSDT,393.42,1.54
2025-05-28T07:51:32.569404,108823.9,108823.9,108824,,110675.2,107463.9,BTCUSDT,40.3272,0.121
2025-05-28T07:51:32.569404,176.42,176.42,176.45,,179.34,171.15,SOLUSDT,17,406.4
2025-05-28T07:51:32.936331,108824,108823.9,108824,,110675.2,107463.9,BTCUSDT,40.844,0.0712
2025-05-28T07:51:32.936331,2645.38,2645.37,2645.38,,2711.56,2509,ETHUSDT,522.75,1.54
2025-05-28T07:51:32.953550,176.42,176.449,176.45,,179.34,171.15,SOLUSDT,1541.7,323.3
2025-05-28T07:51:33.321904,2645.38,2645.37,2645.38,,2711.56,2509,ETHUSDT,522.75,1.54
2025-05-28T07:51:33.321904,176.42,176.449,176.45,,179.34,171.15,SOLUSDT,1541.7,323.3
2025-05-28T07:51:33.321904,108824,108823.9,108824,,110675.2,107463.9,BTCUSDT,40.844,0.0712
2025-05-28T07:51:33.628810,2645.37,2645.37,2645.38,,2711.56,2509,ETHUSDT,172.82,139.66
2025-05-28T07:51:33.628810,176.42,176.424,176.425,,179.34,171.15,SOLUSDT,0.8,86.9
2025-05-28T07:51:33.637323,108824,108831.5,108831.6,,110675.2,107463.9,BTCUSDT,51.658,0.3651
2025-05-28T07:51:33.961927,176.42,176.424,176.425,,179.34,171.15,SOLUSDT,72.8,359.5
2025-05-28T07:51:33.963672,2645.38,2645.37,2645.38,,2711.56,2509,ETHUSDT,172.52,137.04
2025-05-28T07:51:33.964685,108831.6,108831.5,108831.6,,110675.2,107463.9,BTCUSDT,51.7235,0.3541
2025-05-28T07:51:34.274239,108831.6,108831.5,108831.6,,110675.2,107463.9,BTCUSDT,51.3773,0.3587
2025-05-28T07:51:34.277711,176.42,176.424,176.425,,179.34,171.15,SOLUSDT,72.8,333.2
2025-05-28T07:51:34.278718,2645.38,2645.37,2645.38,,2711.56,2509,ETHUSDT,212.72,146.58
2025-05-28T07:51:34.945653,2645.38,2645.37,2645.38,,2711.56,2509,ETHUSDT,212.72,146.58
2025-05-28T07:51:34.945653,108831.6,108831.5,108831.6,,110675.2,107463.9,BTCUSDT,49.7479,0.3587
2025-05-28T07:51:34.945653,176.42,176.424,176.425,,179.34,171.15,SOLUSDT,72.8,333.2
2025-05-28T07:51:35.321098,108831.6,108835.4,108837.9,,110675.2,107463.9,BTCUSDT,4,11.003
2025-05-28T07:51:35.321098,2645.38,2645.37,2645.38,,2711.56,2509,ETHUSDT,212.72,41.01
2025-05-28T07:51:35.326687,176.42,176.424,176.425,,179.34,171.15,SOLUSDT,132.2,282.8
2025-05-28T07:51:35.721830,2645.38,2645.37,2645.38,,2711.56,2509,ETHUSDT,266.7,29.75
2025-05-28T07:51:35.721830,108845.2,108845.1,108845.2,,110675.2,107463.9,BTCUSDT,42.3414,0.1944
2025-05-28T07:51:35.721830,176.424,176.439,176.45,,179.34,171.15,SOLUSDT,65.4,215.1
2025-05-28T07:51:36.085387,2645.38,2645.37,2645.38,,2711.56,2509,ETHUSDT,266.7,29.75
2025-05-28T07:51:36.086496,108845.2,108845.1,108845.2,,110675.2,107463.9,BTCUSDT,46.2097,2.7322
2025-05-28T07:51:36.088556,176.424,176.449,176.45,,179.34,171.15,SOLUSDT,5.8,161.8
2025-05-28T07:51:36.413738,108845.2,108845.1,108845.2,,110675.2,107463.9,BTCUSDT,46.2111,2.7277
2025-05-28T07:51:36.423864,2645.37,2645.37,2645.38,,2711.56,2509,ETHUSDT,266.7,29.75
2025-05-28T07:51:36.423864,176.424,176.449,176.45,,179.34,171.15,SOLUSDT,72,303.3
2025-05-28T07:51:36.727113,108845.2,108845.1,108845.2,,110675.2,107463.9,BTCUSDT,46.2111,2.7277
2025-05-28T07:51:36.727113,2645.5,2645.49,2645.5,,2711.56,2509,ETHUSDT,228.51,59.84
2025-05-28T07:51:36.738305,176.424,176.449,176.45,,179.34,171.15,SOLUSDT,72,323.3
2025-05-28T07:51:37.227851,108845.2,108845.1,108845.2,,110675.2,107463.9,BTCUSDT,45.4056,2.7277
2025-05-28T07:51:37.242598,2645.5,2645.55,2645.56,,2711.56,2509,ETHUSDT,251.63,55.35
2025-05-28T07:51:37.249949,176.424,176.449,176.45,,179.34,171.15,SOLUSDT,72,324.5
2025-05-28T07:51:38.476862,2645.55,2645.55,2645.56,,2711.56,2509,ETHUSDT,32.71,302.63
2025-05-28T07:51:38.476862,176.424,176.424,176.425,,179.34,171.15,SOLUSDT,0.8,144.3
2025-05-28T07:51:38.476862,108845.2,108845.1,108845.2,,110675.2,107463.9,BTCUSDT,14.5597,9.1154
2025-05-28T07:51:39.105162,2645.55,2645.5,2645.51,,2711.56,2509,ETHUSDT,17.65,1.09
2025-05-28T07:51:39.105162,176.424,176.42,176.421,,179.34,171.15,SOLUSDT,0.1,45
2025-05-28T07:51:39.120957,108845.2,108845.1,108845.2,,110675.2,107463.9,BTCUSDT,3.4051,9.1154
2025-05-28T07:51:39.422370,2645.51,2645.5,2645.51,,2711.56,2509,ETHUSDT,17.65,370.68
2025-05-28T07:51:39.422370,108845.2,108845.1,108845.2,,110675.2,107463.9,BTCUSDT,3.4033,18.5876
2025-05-28T07:51:39.422370,176.424,176.42,176.421,,179.34,171.15,SOLUSDT,0.1,405.4
2025-05-28T07:51:39.801296,108845.2,108845.1,108845.2,,110675.2,107463.9,BTCUSDT,3.4051,18.5876
2025-05-28T07:51:39.801296,2645.51,2645.5,2645.51,,2711.56,2509,ETHUSDT,17.65,370.68
2025-05-28T07:51:39.801296,176.424,176.411,176.412,,179.34,171.15,SOLUSDT,57.8,21.2
2025-05-28T07:51:40.159691,108845.2,108845.1,108845.2,,110675.2,107463.9,BTCUSDT,3.4051,18.5876
2025-05-28T07:51:40.164713,2645.51,2645.5,2645.51,,2711.56,2509,ETHUSDT,17.65,368.76
2025-05-28T07:51:40.164713,176.424,176.411,176.412,,179.34,171.15,SOLUSDT,57.8,21.2
2025-05-28T07:51:40.470353,108845.2,108845.1,108845.2,,110675.2,107463.9,BTCUSDT,3.4051,18.5876
2025-05-28T07:51:40.470353,2645.51,2645.5,2645.51,,2711.56,2509,ETHUSDT,17.65,368.76
2025-05-28T07:51:40.470353,176.424,176.411,176.412,,179.34,171.15,SOLUSDT,57.8,21.2
2025-05-28T07:51:40.776685,108845.2,108845.1,108845.2,,110675.2,107463.9,BTCUSDT,3.4051,18.4886
2025-05-28T07:51:40.777787,2645.5,2645.5,2645.51,,2711.56,2509,ETHUSDT,57.85,366.74
2025-05-28T07:51:40.777787,176.424,176.411,176.412,,179.34,171.15,SOLUSDT,129.8,20
2025-05-28T07:51:41.109751,108845.2,108845.1,108845.2,,110675.2,107463.9,BTCUSDT,3.4051,18.4801
2025-05-28T07:51:41.109751,2645.5,2645.5,2645.51,,2711.56,2509,ETHUSDT,57.85,366.74
2025-05-28T07:51:41.109751,176.412,176.411,176.412,,179.34,171.15,SOLUSDT,129.8,19.4
2025-05-28T07:51:41.423025,2645.38,2645.38,2645.39,,2711.56,2509,ETHUSDT,78.77,36.25
2025-05-28T07:51:41.448262,176.412,176.411,176.412,,179.34,171.15,SOLUSDT,129.8,19.4
2025-05-28T07:51:41.448262,108845.2,108845.1,108845.2,,110675.2,107463.9,BTCUSDT,3.4051,18.4801
2025-05-28T07:51:41.742770,2645.38,2645.38,2645.39,,2711.56,2509,ETHUSDT,105.05,164.17
2025-05-28T07:51:41.742770,108845.2,108845.1,108845.2,,110675.2,107463.9,BTCUSDT,3.4051,18.4801
2025-05-28T07:51:41.742770,176.412,176.411,176.412,,179.34,171.15,SOLUSDT,129.8,19.4
2025-05-28T07:51:42.022801,108845.2,108845.1,108845.2,,110675.2,107463.9,BTCUSDT,3.4051,18.4801
2025-05-28T07:51:42.032099,2645.38,2645.38,2645.39,,2711.56,2509,ETHUSDT,123.5,161.63
2025-05-28T07:51:42.032099,176.412,176.411,176.412,,179.34,171.15,SOLUSDT,57.8,19.4
2025-05-28T07:51:42.342101,108845.2,108845.1,108845.2,,110675.2,107463.9,BTCUSDT,3.4051,18.4801
2025-05-28T07:51:42.352801,2645.38,2645.38,2645.39,,2711.56,2509,ETHUSDT,123.5,161.63
2025-05-28T07:51:42.352801,176.412,176.411,176.412,,179.34,171.15,SOLUSDT,57.8,19.4
2025-05-28T07:51:42.661268,108845.2,108845.1,108845.2,,110675.2,107463.9,BTCUSDT,3.4051,18.4774
2025-05-28T07:51:42.661268,2645.39,2645.38,2645.39,,2711.56,2509,ETHUSDT,123.5,161.58
2025-05-28T07:51:42.677222,176.412,176.412,176.414,,179.34,171.15,SOLUSDT,45.2,1.1
2025-05-28T07:51:43.318462,108845.1,108845.1,108845.2,,110675.2,107463.9,BTCUSDT,3.405,18.4774
2025-05-28T07:51:43.318462,2645.39,2645.38,2645.39,,2711.56,2509,ETHUSDT,64.79,102.28
2025-05-28T07:51:43.318462,176.412,176.413,176.414,,179.34,171.15,SOLUSDT,9.6,34.3
2025-05-28T07:51:43.634876,2645.38,2645.38,2645.39,,2711.56,2509,ETHUSDT,64.79,170.81
2025-05-28T07:51:43.634876,108845.2,108845.1,108845.2,,110675.2,107463.9,BTCUSDT,3.384,18.4622
2025-05-28T07:51:43.634876,176.412,176.413,176.414,,179.34,171.15,SOLUSDT,34.2,34.3
2025-05-28T07:51:44.002134,108845.2,108845.1,108845.2,,110675.2,107463.9,BTCUSDT,3.3679,17.992
2025-05-28T07:51:44.002134,2645.38,2645.38,2645.39,,2711.56,2509,ETHUSDT,110.98,170.81
2025-05-28T07:51:44.002134,176.412,176.413,176.414,,179.34,171.15,SOLUSDT,106.2,54.3
2025-05-28T07:51:45.225122,108845.2,108845.1,108845.2,,110675.2,107463.9,BTCUSDT,3.3679,13.7245
2025-05-28T07:51:45.225122,2645.38,2645.38,2645.39,,2711.56,2509,ETHUSDT,129.75,91.05
2025-05-28T07:51:45.233473,176.412,176.413,176.414,,179.34,171.15,SOLUSDT,106.2,21.1
2025-05-28T07:51:45.351508,2645.83,2645.86,2645.87,,2711.56,2509,ETHUSDT,43.97,116.46
2025-05-28T07:51:45.351508,108845.1,108845.1,108845.2,,110675.2,107463.9,BTCUSDT,12.3319,5.483
2025-05-28T07:51:45.372893,176.412,176.429,176.43,,179.34,171.15,SOLUSDT,266.8,295.5
2025-05-28T07:51:45.689128,108845.1,108845.1,108845.2,,110675.2,107463.9,BTCUSDT,19.1194,3.459
2025-05-28T07:51:45.689128,2645.87,2645.86,2645.87,,2711.56,2509,ETHUSDT,74.17,106.44
2025-05-28T07:51:45.689128,176.412,176.429,176.43,,179.34,171.15,SOLUSDT,266.8,291.8
2025-05-28T07:51:45.986364,2645.87,2645.86,2645.87,,2711.56,2509,ETHUSDT,74.17,106.44
2025-05-28T07:51:45.986364,108845.1,108845.1,108845.2,,110675.2,107463.9,BTCUSDT,19.1194,3.459
2025-05-28T07:51:45.986364,176.412,176.429,176.43,,179.34,171.15,SOLUSDT,266.8,291.8
2025-05-28T07:51:46.308373,108845.1,108845.1,108845.2,,110675.2,107463.9,BTCUSDT,18.4946,5.219
2025-05-28T07:51:46.320921,2645.86,2645.86,2645.87,,2711.56,2509,ETHUSDT,74.16,172.46
2025-05-28T07:51:46.320921,176.412,176.429,176.43,,179.34,171.15,SOLUSDT,250.3,376.8
2025-05-28T07:51:46.895497,108845.1,108845.1,108845.2,,110675.2,107463.9,BTCUSDT,18.2267,8.9265
2025-05-28T07:51:46.895497,2645.87,2645.86,2645.87,,2711.56,2509,ETHUSDT,74.16,190.63
2025-05-28T07:51:46.895497,176.412,176.429,176.43,,179.34,171.15,SOLUSDT,180.3,398.6
2025-05-28T07:51:47.004372,108845.2,108845.1,108845.2,,110675.2,107463.9,BTCUSDT,18.3767,8.9215
2025-05-28T07:51:47.004372,2645.87,2645.86,2645.87,,2711.56,2509,ETHUSDT,71.47,194.98
2025-05-28T07:51:47.004372,176.412,176.429,176.43,,179.34,171.15,SOLUSDT,175.3,328.5
2025-05-28T07:51:47.450370,2645.87,2645.86,2645.87,,2711.56,2509,ETHUSDT,71.47,194.98
2025-05-28T07:51:47.450370,108845.2,108845.1,108845.2,,110675.2,107463.9,BTCUSDT,18.3767,8.9215
2025-05-28T07:51:47.450370,176.412,176.429,176.43,,179.34,171.15,SOLUSDT,175.3,328.5
2025-05-28T07:51:47.607940,108845.2,108845.1,108845.2,,110675.2,107463.9,BTCUSDT,18.4769,8.9215
2025-05-28T07:51:47.607940,2645.87,2645.86,2645.87,,2711.56,2509,ETHUSDT,75.35,170.8
2025-05-28T07:51:47.607940,176.43,176.429,176.43,,179.34,171.15,SOLUSDT,252.7,323.8
2025-05-28T07:51:48.069101,108845.2,108845.1,108845.2,,110675.2,107463.9,BTCUSDT,18.2969,8.9215
2025-05-28T07:51:48.069101,2645.87,2645.86,2645.87,,2711.56,2509,ETHUSDT,75.35,130.6
2025-05-28T07:51:48.070883,176.43,176.429,176.43,,179.34,171.15,SOLUSDT,252.7,336.9
2025-05-28T07:51:49.061477,108845.1,108845.1,108845.2,,110675.2,107463.9,BTCUSDT,14.2961,9.1684
2025-05-28T07:51:49.061477,2645.86,2645.86,2645.87,,2711.56,2509,ETHUSDT,76.65,169.75
2025-05-28T07:51:49.087302,176.43,176.429,176.43,,179.34,171.15,SOLUSDT,93.9,363.2
2025-05-28T07:51:49.333330,2645.86,2645.86,2645.87,,2711.56,2509,ETHUSDT,36.67,235.86
2025-05-28T07:51:49.333330,108845.1,108845.1,108845.2,,110675.2,107463.9,BTCUSDT,10.5222,12.3239
2025-05-28T07:51:49.333330,176.43,176.429,176.43,,179.34,171.15,SOLUSDT,35.2,390.7
2025-05-28T07:51:49.677964,2645.86,2645.86,2645.87,,2711.56,2509,ETHUSDT,36.67,259.63
2025-05-28T07:51:49.677964,108845.2,108845.1,108845.2,,110675.2,107463.9,BTCUSDT,14.979,12.3139
2025-05-28T07:51:49.677964,176.43,176.429,176.43,,179.34,171.15,SOLUSDT,35.2,398.2
2025-05-28T07:51:49.978009,2645.86,2645.86,2645.87,,2711.56,2509,ETHUSDT,36.67,198.57
2025-05-28T07:51:49.984937,108845.2,108845.1,108845.2,,110675.2,107463.9,BTCUSDT,14.979,12.3139
2025-05-28T07:51:49.984937,176.43,176.429,176.43,,179.34,171.15,SOLUSDT,117.7,338.3
2025-05-28T07:51:50.329071,108845.2,108845.1,108845.2,,110675.2,107463.9,BTCUSDT,14.979,9.7794
2025-05-28T07:51:50.329071,2645.86,2645.86,2645.87,,2711.56,2509,ETHUSDT,78.48,187.63
2025-05-28T07:51:50.329071,176.43,176.429,176.43,,179.34,171.15,SOLUSDT,117.4,340.9
2025-05-28T07:51:50.666592,2645.86,2645.86,2645.87,,2711.56,2509,ETHUSDT,73.92,187.63
2025-05-28T07:51:50.666592,108845.2,108845.1,108845.2,,110675.2,107463.9,BTCUSDT,14.979,12.3144
2025-05-28T07:51:50.683405,176.43,176.429,176.43,,179.34,171.15,SOLUSDT,43.1,537.6
2025-05-28T07:51:51.798550,108845.2,108845.1,108845.2,,110675.2,107463.9,BTCUSDT,3.348,14.9034
2025-05-28T07:51:51.798550,2645.5,2645.52,2645.57,,2711.56,2509,ETHUSDT,34.8,32.37
2025-05-28T07:51:51.798550,176.43,176.411,176.412,,179.34,171.15,SOLUSDT,57.8,136.8
2025-05-28T07:51:52.195536,108845.2,108845.1,108845.2,,110675.2,107463.9,BTCUSDT,3.348,14.9969
2025-05-28T07:51:52.195536,2645.5,2645.52,2645.57,,2711.56,2509,ETHUSDT,34.8,32.37
2025-05-28T07:51:52.208319,176.43,176.411,176.412,,179.34,171.15,SOLUSDT,57.8,136.8
2025-05-28T07:51:52.544869,108845.1,108845.1,108845.2,,110675.2,107463.9,BTCUSDT,3.3462,14.9034
2025-05-28T07:51:52.608449,2645.52,2645.52,2645.53,,2711.56,2509,ETHUSDT,334.11,40.2
2025-05-28T07:51:52.608449,176.412,176.411,176.412,,179.34,171.15,SOLUSDT,57.8,362.1
2025-05-28T07:51:52.910729,2645.52,2645.52,2645.53,,2711.56,2509,ETHUSDT,318.95,40.2
2025-05-28T07:51:52.910729,108845.1,108845.1,108845.2,,110675.2,107463.9,BTCUSDT,3.3462,18.5901
2025-05-28T07:51:52.910729,176.412,176.411,176.412,,179.34,171.15,SOLUSDT,57.8,418.7
2025-05-28T07:51:53.245456,2645.52,2645.52,2645.53,,2711.56,2509,ETHUSDT,318.95,40.2
2025-05-28T07:51:53.245456,108845.1,108845.1,108845.2,,110675.2,107463.9,BTCUSDT,3.3462,18.6961
2025-05-28T07:51:53.245456,176.412,176.411,176.412,,179.34,171.15,SOLUSDT,57.8,418.7
2025-05-28T07:51:53.565385,2645.52,2645.52,2645.53,,2711.56,2509,ETHUSDT,246.08,61.71
2025-05-28T07:51:53.565385,108845.1,108845.1,108845.2,,110675.2,107463.9,BTCUSDT,3.3462,15.023
2025-05-28T07:51:53.565385,176.412,176.411,176.412,,179.34,171.15,SOLUSDT,57.8,418.7
2025-05-28T07:51:53.881313,108839.7,108842.9,108843,,110675.2,107463.9,BTCUSDT,3.3445,0.2538
2025-05-28T07:51:53.881313,2645.52,2645.52,2645.53,,2711.56,2509,ETHUSDT,150.75,111.19
2025-05-28T07:51:53.881313,176.412,176.409,176.41,,179.34,171.15,SOLUSDT,0.1,1452
2025-05-28T07:51:54.184109,2645.52,2645.52,2645.53,,2711.56,2509,ETHUSDT,150.75,97.65
2025-05-28T07:51:54.184109,108839.7,108842.9,108843,,110675.2,107463.9,BTCUSDT,3.3445,22.0639
2025-05-28T07:51:54.184109,176.412,176.409,176.41,,179.34,171.15,SOLUSDT,0.1,1298.8
2025-05-28T07:51:54.550650,2645.53,2645.52,2645.53,,2711.56,2509,ETHUSDT,150.75,85.61
2025-05-28T07:51:54.550650,108839.7,108842.9,108843,,110675.2,107463.9,BTCUSDT,3.3445,22.0639
2025-05-28T07:51:54.550650,176.412,176.409,176.41,,179.34,171.15,SOLUSDT,0.1,1291.2
2025-05-28T07:51:54.853191,2645.53,2645.52,2645.53,,2711.56,2509,ETHUSDT,150.75,85.61
2025-05-28T07:51:54.853191,108839.7,108842.9,108843,,110675.2,107463.9,BTCUSDT,3.3445,22.0639
2025-05-28T07:51:54.853191,176.412,176.409,176.41,,179.34,171.15,SOLUSDT,0.1,1291.2
2025-05-28T07:51:55.223094,108839.7,108842.9,108843,,110675.2,107463.9,BTCUSDT,3.3445,21.8399
2025-05-28T07:51:55.224241,2645.52,2645.52,2645.53,,2711.56,2509,ETHUSDT,199.37,53.19
2025-05-28T07:51:55.224241,176.412,176.409,176.41,,179.34,171.15,SOLUSDT,0.1,1085.7
2025-05-28T07:51:55.612172,108839.7,108842.9,108843,,110675.2,107463.9,BTCUSDT,3.3445,17.9509
2025-05-28T07:51:55.612172,2645.52,2645.55,2645.56,,2711.56,2509,ETHUSDT,102.54,38.67
2025-05-28T07:51:55.612172,176.412,176.409,176.41,,179.34,171.15,SOLUSDT,0.1,1084.4
2025-05-28T07:51:55.941390,108839.7,108842.9,108843,,110675.2,107463.9,BTCUSDT,3.3445,14.0565
2025-05-28T07:51:55.941390,2645.52,2645.6,2645.61,,2711.56,2509,ETHUSDT,234.19,0.02
2025-05-28T07:51:55.955389,176.412,176.409,176.41,,179.34,171.15,SOLUSDT,0.1,1084.9
2025-05-28T07:51:56.289708,2645.52,2645.6,2645.61,,2711.56,2509,ETHUSDT,234.19,0.02
2025-05-28T07:51:56.289708,108839.7,108842.9,108843,,110675.2,107463.9,BTCUSDT,3.3445,14.0565
2025-05-28T07:51:56.289708,176.412,176.409,176.41,,179.34,171.15,SOLUSDT,0.1,1084.9
2025-05-28T07:51:56.589668,2645.72,2645.72,2645.73,,2711.56,2509,ETHUSDT,197.36,134.22
2025-05-28T07:51:56.589668,108839.7,108842.9,108843,,110675.2,107463.9,BTCUSDT,3.3445,15.573
2025-05-28T07:51:56.589668,176.412,176.409,176.41,,179.34,171.15,SOLUSDT,0.1,1084.9
2025-05-28T07:51:56.863632,2645.72,2645.72,2645.73,,2711.56,2509,ETHUSDT,165.43,192.55
2025-05-28T07:51:56.863632,108839.7,108842.9,108843,,110675.2,107463.9,BTCUSDT,3.3445,15.3192
2025-05-28T07:51:56.863632,176.412,176.409,176.41,,179.34,171.15,SOLUSDT,0.1,1097.8
2025-05-28T07:51:57.293506,2645.72,2645.72,2645.73,,2711.56,2509,ETHUSDT,219.41,223.07
2025-05-28T07:51:57.293506,108842.9,108842.9,108843,,110675.2,107463.9,BTCUSDT,3.335,15.573
2025-05-28T07:51:57.300234,176.412,176.409,176.41,,179.34,171.15,SOLUSDT,0.1,1097.8
2025-05-28T07:51:57.605497,2645.72,2645.72,2645.73,,2711.56,2509,ETHUSDT,219.41,223.07
2025-05-28T07:51:57.605497,108842.9,108842.9,108843,,110675.2,107463.9,BTCUSDT,3.335,15.573
2025-05-28T07:51:57.605497,176.412,176.409,176.41,,179.34,171.15,SOLUSDT,0.1,1097.8
2025-05-28T07:51:57.913128,108842.9,108842.9,108843,,110675.2,107463.9,BTCUSDT,3.335,18.0837
2025-05-28T07:51:57.913128,2645.73,2645.72,2645.73,,2711.56,2509,ETHUSDT,234.22,154.36
2025-05-28T07:51:57.930292,176.412,176.409,176.41,,179.34,171.15,SOLUSDT,0.1,1097.8
2025-05-28T07:51:58.231102,2645.73,2645.72,2645.73,,2711.56,2509,ETHUSDT,234.22,99.21
2025-05-28T07:51:58.231102,108843,108842.9,108843,,110675.2,107463.9,BTCUSDT,3.335,18.0832
2025-05-28T07:51:58.231102,176.412,176.409,176.41,,179.34,171.15,SOLUSDT,0.1,1121.3
2025-05-28T07:51:58.706624,2645.73,2645.72,2645.73,,2711.56,2509,ETHUSDT,219.41,99.21
2025-05-28T07:51:58.712014,108843,108842.9,108843,,110675.2,107463.9,BTCUSDT,3.335,18.0832
2025-05-28T07:51:58.712014,176.412,176.409,176.41,,179.34,171.15,SOLUSDT,0.1,1121.3
2025-05-28T07:51:59.479566,108843,108842.9,108843,,110675.2,107463.9,BTCUSDT,3.335,18.0832
2025-05-28T07:51:59.479566,2645.73,2645.72,2645.73,,2711.56,2509,ETHUSDT,219.41,99.21
2025-05-28T07:51:59.495108,176.412,176.409,176.41,,179.34,171.15,SOLUSDT,0.1,1222.2
2025-05-28T07:52:00.487199,2645.72,2645.72,2645.73,,2711.56,2509,ETHUSDT,35.2,343.32
2025-05-28T07:52:00.487199,108843,108842.9,108843,,110675.2,107463.9,BTCUSDT,3.3102,21.7577
2025-05-28T07:52:00.492357,176.412,176.409,176.41,,179.34,171.15,SOLUSDT,0.1,1129.9
2025-05-28T07:52:00.793629,2645.72,2645.61,2645.62,,2711.56,2509,ETHUSDT,41.73,17.13
2025-05-28T07:52:00.793629,108842.9,108842.9,108843,,110675.2,107463.9,BTCUSDT,3.3097,17.579
2025-05-28T07:52:00.793629,176.412,176.409,176.41,,179.34,171.15,SOLUSDT,0.1,1211.4
2025-05-28T07:52:01.093983,2645.62,2645.61,2645.62,,2711.56,2509,ETHUSDT,127.41,118.69
2025-05-28T07:52:01.109699,108842.9,108842.9,108843,,110675.2,107463.9,BTCUSDT,3.3097,10.5951
2025-05-28T07:52:01.109699,176.412,176.409,176.41,,179.34,171.15,SOLUSDT,0.1,1104.1
2025-05-28T07:52:02.212216,2645.62,2645.82,2645.83,,2711.56,2509,ETHUSDT,97.6,38.69
2025-05-28T07:52:02.212216,108842.9,108842.9,108843,,110675.2,107463.9,BTCUSDT,26.8704,4.044
2025-05-28T07:52:02.212216,176.412,176.409,176.41,,179.34,171.15,SOLUSDT,46.9,768.6
2025-05-28T07:52:03.571384,108843.4,108843.3,108843.4,,110675.2,107463.9,BTCUSDT,30.5643,5.3891
2025-05-28T07:52:03.581699,2645.79,2645.79,2645.8,,2711.56,2509,ETHUSDT,32.69,179.64
2025-05-28T07:52:03.581699,176.412,176.409,176.41,,179.34,171.15,SOLUSDT,24.7,943.4
2025-05-28T07:52:03.968113,2645.61,2645.6,2645.61,,2711.56,2509,ETHUSDT,46.79,330.14
2025-05-28T07:52:03.968113,108843.4,108843.3,108843.4,,110675.2,107463.9,BTCUSDT,15.1051,6.5014
2025-05-28T07:52:03.973421,176.409,176.389,176.39,,179.34,171.15,SOLUSDT,80.3,630.9
2025-05-28T07:52:04.272721,108843.4,108843.3,108843.4,,110675.2,107463.9,BTCUSDT,18.5328,3.8724
2025-05-28T07:52:04.272721,2645.61,2645.78,2645.85,,2711.56,2509,ETHUSDT,265.19,3.19
2025-05-28T07:52:04.272721,176.409,176.389,176.39,,179.34,171.15,SOLUSDT,80.3,478.3
2025-05-28T07:52:04.609553,2645.61,2645.79,2645.8,,2711.56,2509,ETHUSDT,16.83,9.19
2025-05-28T07:52:04.623753,108843.4,108843.3,108843.4,,110675.2,107463.9,BTCUSDT,22.2059,3.8724
2025-05-28T07:52:04.623753,176.389,176.389,176.39,,179.34,171.15,SOLUSDT,152.1,516.6
2025-05-28T07:52:05.040818,2645.61,2645.79,2645.8,,2711.56,2509,ETHUSDT,16.83,9.19
2025-05-28T07:52:05.040818,108843.4,108843.3,108843.4,,110675.2,107463.9,BTCUSDT,22.2059,3.8724
2025-05-28T07:52:05.040818,176.389,176.389,176.39,,179.34,171.15,SOLUSDT,152.1,516.6
2025-05-28T07:52:05.395477,108843.4,108843.3,108843.4,,110675.2,107463.9,BTCUSDT,21.5862,3.6073
2025-05-28T07:52:05.395477,2645.79,2645.79,2645.8,,2711.56,2509,ETHUSDT,113.21,94.69
2025-05-28T07:52:05.411407,176.4,176.399,176.4,,179.34,171.15,SOLUSDT,156.6,561.2
2025-05-28T07:52:06.100543,2645.79,2645.79,2645.8,,2711.56,2509,ETHUSDT,179.22,94.69
2025-05-28T07:52:06.102578,108843.4,108843.3,108843.4,,110675.2,107463.9,BTCUSDT,21.5862,3.6073
2025-05-28T07:52:06.102578,176.4,176.399,176.4,,179.34,171.15,SOLUSDT,158.5,611.4
2025-05-28T07:52:06.431253,108843.4,108843.3,108843.4,,110675.2,107463.9,BTCUSDT,22.3385,0.6002
2025-05-28T07:52:06.431253,2645.79,2645.79,2645.8,,2711.56,2509,ETHUSDT,179.22,94.69
2025-05-28T07:52:06.431253,176.4,176.399,176.4,,179.34,171.15,SOLUSDT,114.3,608.7
2025-05-28T07:52:06.721927,108843.4,108843.3,108843.4,,110675.2,107463.9,BTCUSDT,29.0023,0.6031
2025-05-28T07:52:06.723286,2645.79,2645.81,2645.82,,2711.56,2509,ETHUSDT,148.49,93.99
2025-05-28T07:52:06.723286,176.4,176.399,176.41,,179.34,171.15,SOLUSDT,132.3,555.3
2025-05-28T07:52:07.121993,2645.82,2645.82,2645.83,,2711.56,2509,ETHUSDT,40.5,35
2025-05-28T07:52:07.121993,108843.4,108845.1,108845.2,,110675.2,107463.9,BTCUSDT,32.2715,0.0136
2025-05-28T07:52:07.121993,176.4,176.419,176.42,,179.34,171.15,SOLUSDT,140.7,119.3
2025-05-28T07:52:07.427459,2645.82,2645.82,2645.83,,2711.56,2509,ETHUSDT,40.5,35
2025-05-28T07:52:07.427459,108843.4,108845.1,108845.2,,110675.2,107463.9,BTCUSDT,32.2715,0.0136
2025-05-28T07:52:07.427459,176.4,176.419,176.42,,179.34,171.15,SOLUSDT,140.7,119.3
2025-05-28T07:52:07.745748,2645.82,2645.82,2645.83,,2711.56,2509,ETHUSDT,290.18,35
2025-05-28T07:52:07.745748,108843.4,108845.1,108845.2,,110675.2,107463.9,BTCUSDT,48.9431,0.0136
2025-05-28T07:52:07.745748,176.4,176.419,176.42,,179.34,171.15,SOLUSDT,166.1,302.8
2025-05-28T07:52:08.047646,108845.2,108845.1,108845.2,,110675.2,107463.9,BTCUSDT,52.2792,0.0008
2025-05-28T07:52:08.063335,2645.82,2645.82,2645.83,,2711.56,2509,ETHUSDT,302.9,35
2025-05-28T07:52:08.069554,176.4,176.419,176.42,,179.34,171.15,SOLUSDT,141.3,696.7
2025-05-28T07:52:08.762239,2645.82,2645.82,2645.83,,2711.56,2509,ETHUSDT,291.54,35
2025-05-28T07:52:08.762239,108845.2,108845.1,108845.2,,110675.2,107463.9,BTCUSDT,58.3785,0.0008
2025-05-28T07:52:08.762239,176.4,176.419,176.42,,179.34,171.15,SOLUSDT,137.1,685.1
2025-05-28T07:52:09.109146,2645.87,2645.87,2645.88,,2711.56,2509,ETHUSDT,31.69,74.26
2025-05-28T07:52:09.109146,176.4,176.419,176.42,,179.34,171.15,SOLUSDT,1.1,714.1
2025-05-28T07:52:09.109146,108845.2,108854.9,108855,,110675.2,107463.9,BTCUSDT,3.9512,0.0499
2025-05-28T07:52:09.521371,2645.87,2645.82,2645.83,,2711.56,2509,ETHUSDT,52.28,456.11
2025-05-28T07:52:09.521371,108855,108854.9,108855,,110675.2,107463.9,BTCUSDT,38.9068,0.4552
2025-05-28T07:52:09.521371,176.4,176.405,176.406,,179.34,171.15,SOLUSDT,0.8,80.1
2025-05-28T07:52:09.856125,108855,108854.9,108855,,110675.2,107463.9,BTCUSDT,42.9007,0.4552
2025-05-28T07:52:09.856125,2645.87,2645.82,2645.83,,2711.56,2509,ETHUSDT,52.28,511.43
2025-05-28T07:52:09.856125,176.4,176.405,176.406,,179.34,171.15,SOLUSDT,1.9,79.8
2025-05-28T07:52:10.448312,2645.87,2645.82,2645.83,,2711.56,2509,ETHUSDT,52.28,470.07
2025-05-28T07:52:10.455007,108855,108854.9,108855,,110675.2,107463.9,BTCUSDT,42.5545,0.2635
2025-05-28T07:52:10.461650,176.4,176.405,176.406,,179.34,171.15,SOLUSDT,42.4,20
2025-05-28T07:52:10.750360,108855,108854.9,108855,,110675.2,107463.9,BTCUSDT,43.2469,0.2635
2025-05-28T07:52:10.750360,2645.82,2645.82,2645.83,,2711.56,2509,ETHUSDT,52.28,470.07
2025-05-28T07:52:10.750360,176.4,176.405,176.406,,179.34,171.15,SOLUSDT,104.2,20
2025-05-28T07:52:11.084904,2645.82,2645.82,2645.83,,2711.56,2509,ETHUSDT,52.28,470.07
2025-05-28T07:52:11.100791,108855,108854.9,108855,,110675.2,107463.9,BTCUSDT,34.8643,0.2635
2025-05-28T07:52:11.100791,176.4,176.405,176.406,,179.34,171.15,SOLUSDT,114.4,20
2025-05-28T07:52:12.272334,108855,108854.9,108855,,110675.2,107463.9,BTCUSDT,38.259,2.0235
2025-05-28T07:52:12.272334,2645.83,2645.82,2645.83,,2711.56,2509,ETHUSDT,52.28,476.37
2025-05-28T07:52:12.273877,176.4,176.405,176.406,,179.34,171.15,SOLUSDT,1.9,323.1
2025-05-28T07:52:12.704483,2645.83,2645.82,2645.83,,2711.56,2509,ETHUSDT,52.28,521.89
2025-05-28T07:52:12.704483,108855,108854.9,108855,,110675.2,107463.9,BTCUSDT,28.5518,6.0752
2025-05-28T07:52:12.720323,176.4,176.405,176.406,,179.34,171.15,SOLUSDT,1.9,312.9
2025-05-28T07:52:13.741580,108855,108854.9,108855,,110675.2,107463.9,BTCUSDT,20.8111,27.562
2025-05-28T07:52:13.741580,2645.82,2645.82,2645.83,,2711.56,2509,ETHUSDT,47.48,558.6
2025-05-28T07:52:13.749672,176.4,176.395,176.396,,179.34,171.15,SOLUSDT,57.6,74.8
2025-05-28T07:52:14.429903,108855,108854.9,108855,,110675.2,107463.9,BTCUSDT,20.9812,27.562
2025-05-28T07:52:14.431933,2645.82,2645.82,2645.83,,2711.56,2509,ETHUSDT,65.09,318.73
2025-05-28T07:52:14.433160,176.4,176.399,176.4,,179.34,171.15,SOLUSDT,14,66.4
2025-05-28T07:52:14.789917,2645.82,2645.82,2645.83,,2711.56,2509,ETHUSDT,100.27,398.17
2025-05-28T07:52:14.791238,108855,108854.9,108855,,110675.2,107463.9,BTCUSDT,20.9812,27.562
2025-05-28T07:52:14.792413,176.4,176.396,176.397,,179.34,171.15,SOLUSDT,8.6,35
2025-05-28T07:52:15.132781,2645.82,2645.82,2645.83,,2711.56,2509,ETHUSDT,65.83,268.64
2025-05-28T07:52:15.133812,108855,108854.9,108855,,110675.2,107463.9,BTCUSDT,14.9512,27.562
2025-05-28T07:52:15.135585,176.4,176.396,176.397,,179.34,171.15,SOLUSDT,1.1,35
2025-05-28T07:52:15.475317,2645.82,2645.82,2645.83,,2711.56,2509,ETHUSDT,59.69,418.51
2025-05-28T07:52:15.475317,108855,108854.9,108855,,110675.2,107463.9,BTCUSDT,13.8568,27.5632
2025-05-28T07:52:15.486711,176.4,176.396,176.397,,179.34,171.15,SOLUSDT,73.1,45.1
2025-05-28T07:52:15.784055,2645.82,2645.82,2645.83,,2711.56,2509,ETHUSDT,59.69,418.51
2025-05-28T07:52:15.784055,108855,108854.9,108855,,110675.2,107463.9,BTCUSDT,13.8568,27.5632
2025-05-28T07:52:15.784055,176.4,176.396,176.397,,179.34,171.15,SOLUSDT,73.1,45.1
2025-05-28T07:52:16.156605,2645.82,2645.82,2645.83,,2711.56,2509,ETHUSDT,59.69,418.51
2025-05-28T07:52:16.157622,108855,108854.9,108855,,110675.2,107463.9,BTCUSDT,11.8773,27.5615
2025-05-28T07:52:16.157622,176.4,176.399,176.4,,179.34,171.15,SOLUSDT,36.6,299.6
2025-05-28T07:52:16.443519,108854.9,108854.9,108855,,110675.2,107463.9,BTCUSDT,8.1631,27.5615
2025-05-28T07:52:16.444262,2645.82,2645.82,2645.83,,2711.56,2509,ETHUSDT,59.69,414.51
2025-05-28T07:52:16.444262,176.4,176.399,176.4,,179.34,171.15,SOLUSDT,118.8,132.1
2025-05-28T07:52:16.784573,2645.82,2645.82,2645.83,,2711.56,2509,ETHUSDT,60.67,332.58
2025-05-28T07:52:16.784573,108854.9,108854.9,108855,,110675.2,107463.9,BTCUSDT,6.04,14.67
2025-05-28T07:52:16.784573,176.4,176.399,176.4,,179.34,171.15,SOLUSDT,118.8,125.5
2025-05-28T07:52:17.101950,2645.82,2645.82,2645.83,,2711.56,2509,ETHUSDT,60.67,332.58
2025-05-28T07:52:17.102950,108854.9,108854.9,108855,,110675.2,107463.9,BTCUSDT,6.04,14.67
2025-05-28T07:52:17.103949,176.4,176.399,176.4,,179.34,171.15,SOLUSDT,118.8,125.5
2025-05-28T07:52:17.398281,2645.83,2645.82,2645.83,,2711.56,2509,ETHUSDT,89.5,73.02
2025-05-28T07:52:17.398281,108854.9,108854.9,108855,,110675.2,107463.9,BTCUSDT,9.7127,9.9992
2025-05-28T07:52:17.398281,176.4,176.399,176.4,,179.34,171.15,SOLUSDT,118.8,125.5
2025-05-28T07:52:17.713817,2645.83,2646,2646.01,,2711.56,2509,ETHUSDT,333.15,0.02
2025-05-28T07:52:17.713817,108855,108854.9,108855,,110675.2,107463.9,BTCUSDT,19.6126,3.5896
2025-05-28T07:52:17.731653,176.4,176.439,176.448,,179.34,171.15,SOLUSDT,46,10.3
2025-05-28T07:52:18.770125,108855,108854.9,108855,,110675.2,107463.9,BTCUSDT,13.5895,3.5784
2025-05-28T07:52:18.772126,2646.2,2646.19,2646.2,,2711.56,2509,ETHUSDT,246.88,42.67
2025-05-28T07:52:18.772126,176.448,176.447,176.448,,179.34,171.15,SOLUSDT,107.3,323.1
2025-05-28T07:52:19.784868,2646.26,2646.26,2646.27,,2711.56,2509,ETHUSDT,160.55,93.98
2025-05-28T07:52:19.784868,108855,108854.9,108855,,110675.2,107463.9,BTCUSDT,30.0103,0.0018
2025-05-28T07:52:19.790783,176.449,176.449,176.45,,179.34,171.15,SOLUSDT,164.6,389.9
2025-05-28T07:52:20.089873,2646.27,2646.32,2646.39,,2711.56,2509,ETHUSDT,193.58,1.75
2025-05-28T07:52:20.091650,108855,108854.9,108855,,110675.2,107463.9,BTCUSDT,29.5847,0.0018
2025-05-28T07:52:20.092058,176.449,176.449,176.45,,179.34,171.15,SOLUSDT,155.7,433.3
2025-05-28T07:52:20.424256,2646.38,2646.38,2646.39,,2711.56,2509,ETHUSDT,134.97,132.38
2025-05-28T07:52:20.424256,108855.1,108855,108855.1,,110675.2,107463.9,BTCUSDT,7.2349,20.9675
2025-05-28T07:52:20.439350,176.45,176.449,176.45,,179.34,171.15,SOLUSDT,133.1,508.5
2025-05-28T08:32:11.541724,108849.1,108849,108849.1,,110675.2,107863.2,BTCUSDT,27.3343,18.6258
2025-05-28T08:32:11.542732,2639.67,2639.67,2639.68,,2711.56,2520.6,ETHUSDT,197.46,7.2
2025-05-28T08:32:11.560554,176.072,176.109,176.11,,179.34,171.16,SOLUSDT,1497.4,90
2025-05-28T08:32:11.924698,2639.89,2639.99,2640,,2711.56,2520.6,ETHUSDT,293.49,6.53
2025-05-28T08:32:11.925711,108849.1,108849,108849.1,,110675.2,107863.2,BTCUSDT,27.331,13.0976
2025-05-28T08:32:11.926711,176.072,176.119,176.12,,179.34,171.16,SOLUSDT,249.5,314.3
2025-05-28T08:32:12.450339,2640.39,2640.39,2640.46,,2711.56,2520.6,ETHUSDT,1.73,1.97
2025-05-28T08:32:12.451354,108849.1,108849,108849.1,,110675.2,107863.2,BTCUSDT,27.3355,6.4277
2025-05-28T08:32:12.451354,176.072,176.129,176.13,,179.34,171.16,SOLUSDT,1093.6,0.3
2025-05-28T08:32:13.457440,108849.1,108849,108849.1,,110675.2,107863.2,BTCUSDT,37.6192,1.6063
2025-05-28T08:32:13.458457,176.072,176.129,176.13,,179.34,171.16,SOLUSDT,1565.9,0.3
2025-05-28T08:32:13.458457,2640.53,2640.52,2640.53,,2711.56,2520.6,ETHUSDT,241.53,23.65
2025-05-28T08:32:14.072046,2640.53,2640.52,2640.53,,2711.56,2520.6,ETHUSDT,241.53,23.65
2025-05-28T08:32:14.073052,176.072,176.129,176.13,,179.34,171.16,SOLUSDT,1565.9,0.3
2025-05-28T08:32:14.074060,108849.1,108849.9,108850,,110675.2,107863.2,BTCUSDT,26.3918,0.02
2025-05-28T08:32:14.328798,2640.53,2640.52,2640.53,,2711.56,2520.6,ETHUSDT,241.53,21.51
2025-05-28T08:32:14.329801,108849.1,108849.9,108850,,110675.2,107863.2,BTCUSDT,49.1506,0.02
2025-05-28T08:32:14.330820,176.131,176.139,176.14,,179.34,171.16,SOLUSDT,17,584.4
2025-05-28T08:32:14.789184,2640.53,2640.53,2640.54,,2711.56,2520.6,ETHUSDT,47.13,0.02
2025-05-28T08:32:14.790512,108849.1,108849.9,108850,,110675.2,107863.2,BTCUSDT,49.1605,0.02
2025-05-28T08:32:14.790512,176.131,176.139,176.14,,179.34,171.16,SOLUSDT,127.2,640.4
2025-05-28T08:32:15.000115,108849.1,108849.9,108850,,110675.2,107863.2,BTCUSDT,35.5046,0.02
2025-05-28T08:32:15.001344,176.131,176.102,176.103,,179.34,171.16,SOLUSDT,10.7,63.4
2025-05-28T08:32:15.002358,2640.53,2640.52,2640.53,,2711.56,2520.6,ETHUSDT,0.57,6.94
2025-05-28T08:32:15.301784,2640.54,2640.52,2640.53,,2711.56,2520.6,ETHUSDT,0.57,194.26
2025-05-28T08:32:15.301784,108849.1,108849.9,108850,,110675.2,107863.2,BTCUSDT,35.5046,0.02
2025-05-28T08:32:15.302788,176.131,176.105,176.11,,179.34,171.16,SOLUSDT,19.2,91.4
2025-05-28T08:37:04.397927,2641.81,2640.8,2640.81,,2711.56,2520.6,ETHUSDT,197,114.92
2025-05-28T08:37:04.398937,176.27,176.182,176.183,,179.34,171.16,SOLUSDT,1432.5,82.7
2025-05-28T08:37:04.398937,108832,108824.7,108824.8,,110675.2,107863.2,BTCUSDT,29.86,23.954
2025-05-28T08:37:04.712662,108832,108824.7,108824.8,,110675.2,107863.2,BTCUSDT,29.9451,24.9578
2025-05-28T08:37:04.714171,176.27,176.182,176.183,,179.34,171.16,SOLUSDT,1404.2,60
2025-05-28T08:37:04.714171,2641.81,2640.8,2640.81,,2711.56,2520.6,ETHUSDT,250.04,138.87
2025-05-28T08:37:05.125157,2641.81,2640.8,2640.81,,2711.56,2520.6,ETHUSDT,250.04,131.15
2025-05-28T08:37:05.126488,108832,108824.7,108824.8,,110675.2,107863.2,BTCUSDT,29.9451,25.6155
2025-05-28T08:37:05.128494,176.27,176.182,176.183,,179.34,171.16,SOLUSDT,13.1,60
2025-05-28T08:37:05.549373,108824.8,108824.7,108824.8,,110675.2,107863.2,BTCUSDT,35.7651,23.2327
2025-05-28T08:37:05.551381,2641.81,2640.8,2640.81,,2711.56,2520.6,ETHUSDT,274.43,17.11
2025-05-28T08:37:05.556836,176.27,176.182,176.183,,179.34,171.16,SOLUSDT,12.6,60
2025-05-28T08:37:06.538525,2640.85,2640.84,2640.85,,2711.56,2520.6,ETHUSDT,181.18,6.16
2025-05-28T08:37:06.539535,108824.7,108824.7,108824.8,,110675.2,107863.2,BTCUSDT,35.7523,18.2325
2025-05-28T08:37:06.540542,176.27,176.189,176.19,,179.34,171.16,SOLUSDT,298.3,437.2
2025-05-28T08:37:06.846703,2640.85,2640.84,2640.85,,2711.56,2520.6,ETHUSDT,320.7,1.31
2025-05-28T08:37:06.847702,108824.7,108824.7,108824.8,,110675.2,107863.2,BTCUSDT,30.0323,18.2572
2025-05-28T08:37:06.847702,176.19,176.189,176.21,,179.34,171.16,SOLUSDT,298.3,437.2
2025-05-28T08:37:07.157373,2640.85,2640.84,2640.85,,2711.56,2520.6,ETHUSDT,320.7,1.31
2025-05-28T08:37:07.158372,176.19,176.189,176.21,,179.34,171.16,SOLUSDT,298.3,437.2
2025-05-28T08:37:07.159373,108824.7,108824.7,108824.8,,110675.2,107863.2,BTCUSDT,30.0323,18.2572
2025-05-28T08:37:07.461771,108824.7,108824.7,108824.8,,110675.2,107863.2,BTCUSDT,30.3368,4.1489
2025-05-28T08:37:07.472555,2640.85,2641.02,2641.03,,2711.56,2520.6,ETHUSDT,237.26,2.05
2025-05-28T08:37:07.474552,176.19,176.219,176.22,,179.34,171.16,SOLUSDT,183.4,281.4
2025-05-28T08:37:07.802868,2641.03,2641.02,2641.03,,2711.56,2520.6,ETHUSDT,150.48,133.26
2025-05-28T08:37:07.807801,176.19,176.213,176.214,,179.34,171.16,SOLUSDT,0.5,103.3
2025-05-28T08:37:07.808879,108824.7,108824.7,108824.8,,110675.2,107863.2,BTCUSDT,30.0323,16.9864
2025-05-28T08:37:08.177364,108824.7,108824.7,108824.8,,110675.2,107863.2,BTCUSDT,30.0323,16.9864
2025-05-28T08:37:08.178366,2641.03,2641.02,2641.03,,2711.56,2520.6,ETHUSDT,150.48,133.26
2025-05-28T08:37:08.178366,176.19,176.213,176.214,,179.34,171.16,SOLUSDT,0.5,103.3
2025-05-28T08:37:08.485570,108824.7,108824.7,108824.8,,110675.2,107863.2,BTCUSDT,29.544,16.8776
2025-05-28T08:37:08.486570,176.19,176.213,176.214,,179.34,171.16,SOLUSDT,0.5,103.3
2025-05-28T08:37:08.486570,2641.03,2641.02,2641.03,,2711.56,2520.6,ETHUSDT,149.95,70.48
2025-05-28T08:37:08.801006,108824.7,108824.7,108824.8,,110675.2,107863.2,BTCUSDT,29.544,16.8603
2025-05-28T08:37:08.802040,2641.03,2641.02,2641.03,,2711.56,2520.6,ETHUSDT,149.95,119.5
2025-05-28T08:37:08.802040,176.19,176.213,176.214,,179.34,171.16,SOLUSDT,0.5,103.3
2025-05-28T08:37:09.134325,108824.7,108824.7,108824.8,,110675.2,107863.2,BTCUSDT,35.3723,3.8745
2025-05-28T08:37:09.135367,176.19,176.213,176.214,,179.34,171.16,SOLUSDT,41.3,103.3
2025-05-28T08:37:09.202136,2641.03,2641.03,2641.04,,2711.56,2520.6,ETHUSDT,95.05,27.38
2025-05-28T08:37:09.439595,2641.03,2641.03,2641.04,,2711.56,2520.6,ETHUSDT,95.05,27.38
2025-05-28T08:37:09.447296,108824.7,108824.7,108824.8,,110675.2,107863.2,BTCUSDT,35.3723,3.8745
2025-05-28T08:37:09.447296,176.19,176.213,176.214,,179.34,171.16,SOLUSDT,41.3,103.3
2025-05-28T08:37:09.765564,108824.7,108824.7,108824.8,,110675.2,107863.2,BTCUSDT,35.6685,7.3855
2025-05-28T08:37:09.765564,2641.03,2641.03,2641.04,,2711.56,2520.6,ETHUSDT,170.53,21.49
2025-05-28T08:37:09.766563,176.19,176.213,176.214,,179.34,171.16,SOLUSDT,41.3,103.3
2025-05-28T08:37:10.076901,108824.8,108824.7,108824.8,,110675.2,107863.2,BTCUSDT,35.6685,4.8964
2025-05-28T08:37:10.127200,2641.03,2641.03,2641.04,,2711.56,2520.6,ETHUSDT,170.53,21.49
2025-05-28T08:37:10.128210,176.19,176.213,176.214,,179.34,171.16,SOLUSDT,41.3,97.7
2025-05-28T08:37:10.446738,2641.03,2641.03,2641.04,,2711.56,2520.6,ETHUSDT,170.53,18.62
2025-05-28T08:37:10.447756,108824.8,108824.7,108824.8,,110675.2,107863.2,BTCUSDT,35.6685,4.8289
2025-05-28T08:37:10.448746,176.19,176.213,176.214,,179.34,171.16,SOLUSDT,40.8,97.7
2025-05-28T08:37:10.769149,108824.8,108824.7,108824.8,,110675.2,107863.2,BTCUSDT,35.6685,3.7311
2025-05-28T08:37:10.770158,2641.03,2641.03,2641.04,,2711.56,2520.6,ETHUSDT,231.29,18.62
2025-05-28T08:37:10.771160,176.19,176.213,176.214,,179.34,171.16,SOLUSDT,41.7,97.7
2025-05-28T08:37:11.067950,2641.03,2641.03,2641.04,,2711.56,2520.6,ETHUSDT,6.42,159.46
2025-05-28T08:37:11.068966,108824.8,108824.7,108824.8,,110675.2,107863.2,BTCUSDT,29.544,9.0371
2025-05-28T08:37:11.069949,176.19,176.213,176.214,,179.34,171.16,SOLUSDT,41.7,97.7
2025-05-28T08:37:11.367297,108824.8,108824.7,108824.8,,110675.2,107863.2,BTCUSDT,29.544,8.1446
2025-05-28T08:37:11.370921,2641.03,2640.88,2640.89,,2711.56,2520.6,ETHUSDT,159.23,113.89
2025-05-28T08:37:11.372993,176.19,176.213,176.214,,179.34,171.16,SOLUSDT,40.8,97.7
2025-05-28T08:43:44.591843,108879.7,108879.6,108879.7,,110675.2,107863.2,BTCUSDT,39.4823,5.7973
2025-05-28T08:43:44.592843,2643.02,2643.01,2643.02,,2711.56,2522.75,ETHUSDT,223.26,42.01
2025-05-28T08:43:44.594079,176.462,176.479,176.48,,179.34,171.33,SOLUSDT,441.7,0.7
2025-05-28T08:43:45.011415,108879.7,108879.6,108879.7,,110675.2,107863.2,BTCUSDT,39.4823,5.7973
2025-05-28T08:43:45.012794,2643.02,2643.01,2643.02,,2711.56,2522.75,ETHUSDT,223.26,83.56
2025-05-28T08:43:45.012794,176.462,176.479,176.48,,179.34,171.33,SOLUSDT,441.7,0.7
2025-05-28T08:43:45.247567,108879.7,108879.6,108879.7,,110675.2,107863.2,BTCUSDT,39.4823,5.7973
2025-05-28T08:43:45.248565,2643.02,2643.01,2643.02,,2711.56,2522.75,ETHUSDT,223.26,43.52
2025-05-28T08:43:45.249566,176.462,176.479,176.48,,179.34,171.33,SOLUSDT,413,17.2
2025-05-28T08:43:45.821875,108879.7,108879.6,108879.7,,110675.2,107863.2,BTCUSDT,39.6823,5.7973
2025-05-28T08:43:45.822873,2643.01,2643.01,2643.02,,2711.56,2522.75,ETHUSDT,228.23,42.63
2025-05-28T08:43:45.823873,176.462,176.479,176.48,,179.34,171.33,SOLUSDT,319,17.2
2025-05-28T08:43:46.559475,108879.7,108879.6,108879.7,,110675.2,107863.2,BTCUSDT,39.6823,5.7973
2025-05-28T08:43:46.560658,2643.01,2643.01,2643.02,,2711.56,2522.75,ETHUSDT,256.59,42.63
2025-05-28T08:43:46.561672,176.462,176.479,176.48,,179.34,171.33,SOLUSDT,319,17.2
2025-05-28T08:43:46.759846,108879.7,108879.6,108879.7,,110675.2,107863.2,BTCUSDT,39.6823,5.7973
2025-05-28T08:43:46.761064,2643.01,2643.01,2643.02,,2711.56,2522.75,ETHUSDT,204.93,2.34
2025-05-28T08:43:46.762271,176.462,176.48,176.49,,179.34,171.33,SOLUSDT,17.2,112.5
2025-05-28T08:43:46.884295,176.49,176.489,176.49,,179.34,171.33,SOLUSDT,36.9,107.6
2025-05-28T08:43:46.963734,2643.02,2643.01,2643.02,,2711.56,2522.75,ETHUSDT,213.27,41.02
2025-05-28T08:43:46.964902,108879.7,108883,108883.1,,110675.2,107863.2,BTCUSDT,1.4728,0.0018
2025-05-28T08:43:47.189773,2643.02,2643.02,2643.03,,2711.56,2522.75,ETHUSDT,9.24,16.45
2025-05-28T08:43:47.190775,176.49,176.489,176.49,,179.34,171.33,SOLUSDT,4893.1,107.3
2025-05-28T08:43:47.190775,108888.1,108888,108888.1,,110675.2,107863.2,BTCUSDT,24.381,4.1082
2025-05-28T08:43:47.492635,176.49,176.489,176.49,,179.34,171.33,SOLUSDT,4893.1,107.3
2025-05-28T08:43:47.493757,108888.1,108888,108888.1,,110675.2,107863.2,BTCUSDT,24.381,4.1082
2025-05-28T08:43:47.499782,2643.02,2643.02,2643.03,,2711.56,2522.75,ETHUSDT,9.24,16.45
2025-05-28T08:43:47.805515,108888.1,108888,108888.1,,110675.2,107863.2,BTCUSDT,33.0411,4.605
2025-05-28T08:43:47.806155,2643.02,2643.02,2643.03,,2711.56,2522.75,ETHUSDT,178.6,16.45
2025-05-28T08:43:47.806155,176.49,176.489,176.49,,179.34,171.33,SOLUSDT,5143.7,107.3
2025-05-28T08:43:48.395146,2643.02,2643.02,2643.03,,2711.56,2522.75,ETHUSDT,178.6,16.45
2025-05-28T08:43:48.396130,108888.1,108888,108888.1,,110675.2,107863.2,BTCUSDT,33.0411,8.7848
2025-05-28T08:43:48.396130,176.49,176.489,176.49,,179.34,171.33,SOLUSDT,5143.7,107.3
2025-05-28T08:43:48.524953,2643.03,2643.02,2643.03,,2711.56,2522.75,ETHUSDT,178.6,16.4
2025-05-28T08:43:48.525962,108888.1,108888,108888.1,,110675.2,107863.2,BTCUSDT,32.9829,8.9801
2025-05-28T08:43:48.525962,176.49,176.489,176.49,,179.34,171.33,SOLUSDT,5143.7,107.3
2025-05-28T08:43:49.609520,2643.07,2643.06,2643.07,,2711.56,2522.75,ETHUSDT,640.62,7.1
2025-05-28T08:43:49.610518,108888.1,108888,108888.1,,110675.2,107863.2,BTCUSDT,32.9829,2.0936
2025-05-28T08:43:49.611735,176.49,176.489,176.49,,179.34,171.33,SOLUSDT,5844.8,94.6
2025-05-28T08:47:58.181258,108852.3,108852.2,108852.3,,110675.2,107863.2,BTCUSDT,21.163,3.0884
2025-05-28T08:47:58.194541,176.495,176.509,176.51,,179.34,171.606,SOLUSDT,10.7,468
2025-05-28T08:47:58.195546,2643.82,2643.81,2643.82,,2711.56,2523.87,ETHUSDT,43.67,101.35
2025-05-28T08:47:58.572759,2643.82,2643.81,2643.82,,2711.56,2523.87,ETHUSDT,38.67,99.38
2025-05-28T08:47:58.573964,108852.3,108852.2,108852.3,,110675.2,107863.2,BTCUSDT,15.4449,2.8879
2025-05-28T08:47:58.573964,176.495,176.509,176.51,,179.34,171.606,SOLUSDT,100.7,409.1
2025-05-28T08:47:59.100021,2643.82,2643.81,2643.82,,2711.56,2523.87,ETHUSDT,78.97,59.98
2025-05-28T08:47:59.101014,176.495,176.509,176.51,,179.34,171.606,SOLUSDT,280.7,481.1
2025-05-28T08:47:59.101014,108852.3,108852.2,108852.3,,110675.2,107863.2,BTCUSDT,15.4449,2.8848
2025-05-28T08:47:59.287545,108852.3,108852.2,108852.3,,110675.2,107863.2,BTCUSDT,21.1649,2.8848
2025-05-28T08:47:59.288630,2643.82,2643.81,2643.82,,2711.56,2523.87,ETHUSDT,161.3,99.35
2025-05-28T08:47:59.288630,176.495,176.509,176.51,,179.34,171.606,SOLUSDT,280.7,467.5
2025-05-28T08:47:59.494304,2643.82,2643.81,2643.82,,2711.56,2523.87,ETHUSDT,78.07,99.35
2025-05-28T08:47:59.495301,108852.3,108852.2,108852.3,,110675.2,107863.2,BTCUSDT,21.1649,2.8848
2025-05-28T08:47:59.508001,176.495,176.509,176.51,,179.34,171.606,SOLUSDT,178.5,465
2025-05-28T08:47:59.906646,2643.82,2643.81,2643.82,,2711.56,2523.87,ETHUSDT,39.57,59.86
2025-05-28T08:47:59.907646,108852.3,108852.2,108852.3,,110675.2,107863.2,BTCUSDT,21.1649,2.8848
2025-05-28T08:47:59.908646,176.495,176.509,176.51,,179.34,171.606,SOLUSDT,188.7,607.5
2025-05-28T08:48:00.239590,176.495,176.509,176.51,,179.34,171.606,SOLUSDT,280.7,502
2025-05-28T08:48:00.240590,2643.82,2643.81,2643.82,,2711.56,2523.87,ETHUSDT,39.57,59.86
2025-05-28T08:48:00.240590,108852.2,108852.2,108852.3,,110675.2,107863.2,BTCUSDT,21.7158,2.8848
2025-05-28T08:48:00.642776,108852.2,108852.2,108852.3,,110675.2,107863.2,BTCUSDT,11.4914,2.8848
2025-05-28T08:48:00.643774,2643.81,2643.52,2643.53,,2711.56,2523.87,ETHUSDT,60.44,51.91
2025-05-28T08:48:00.644776,176.495,176.498,176.508,,179.34,171.606,SOLUSDT,21,8.6
2025-05-28T08:48:00.849339,2643.81,2643.52,2643.53,,2711.56,2523.87,ETHUSDT,60.44,51.91
2025-05-28T08:48:00.910243,108852.2,108852.2,108852.3,,110675.2,107863.2,BTCUSDT,11.4914,2.8848
2025-05-28T08:48:00.911249,176.495,176.498,176.508,,179.34,171.606,SOLUSDT,21,8.6
2025-05-28T08:48:01.212018,108852.2,108852.2,108852.3,,110675.2,107863.2,BTCUSDT,11.6411,2.8848
2025-05-28T08:48:01.215194,176.495,176.498,176.499,,179.34,171.606,SOLUSDT,10.8,39.6
2025-05-28T08:48:01.225199,2643.81,2643.52,2643.53,,2711.56,2523.87,ETHUSDT,106.29,84.62
2025-05-28T08:48:01.523069,176.495,176.49,176.491,,179.34,171.606,SOLUSDT,447.1,8.6
2025-05-28T08:48:01.524398,2643.53,2643.52,2643.53,,2711.56,2523.87,ETHUSDT,103.29,109.44
2025-05-28T08:48:01.524398,108852.2,108852.2,108852.3,,110675.2,107863.2,BTCUSDT,21.0238,2.8848
2025-05-28T08:48:01.826222,2643.53,2643.52,2643.53,,2711.56,2523.87,ETHUSDT,103.29,109.44
2025-05-28T08:48:01.832267,108852.2,108852.2,108852.3,,110675.2,107863.2,BTCUSDT,21.0238,2.8848
2025-05-28T08:48:01.832267,176.495,176.49,176.491,,179.34,171.606,SOLUSDT,447.1,8.6
2025-05-28T08:48:02.151205,2643.53,2643.52,2643.53,,2711.56,2523.87,ETHUSDT,117.87,90.25
2025-05-28T08:48:02.152703,108852.2,108852.2,108852.3,,110675.2,107863.2,BTCUSDT,21.0238,2.8848
2025-05-28T08:48:02.153712,176.495,176.493,176.497,,179.34,171.606,SOLUSDT,32.5,34
2025-05-28T08:48:02.440314,108852.3,108852.2,108852.3,,110675.2,107863.2,BTCUSDT,20.9438,1.0455
2025-05-28T08:48:02.441322,2643.53,2643.52,2643.53,,2711.56,2523.87,ETHUSDT,157.27,57.87
2025-05-28T08:48:02.442322,176.495,176.493,176.494,,179.34,171.606,SOLUSDT,1441,44.2
2025-05-28T08:48:02.788306,2643.53,2643.52,2643.53,,2711.56,2523.87,ETHUSDT,159.73,54.48
2025-05-28T08:48:02.788306,108852.3,108852.2,108852.3,,110675.2,107863.2,BTCUSDT,20.9438,0.7053
2025-05-28T08:48:02.789303,176.495,176.493,176.494,,179.34,171.606,SOLUSDT,1441.5,44.2
2025-05-28T08:48:03.158049,108852.3,108852.2,108852.3,,110675.2,107863.2,BTCUSDT,21.7992,0.644
2025-05-28T08:48:03.164208,2643.52,2643.53,2643.54,,2711.56,2523.87,ETHUSDT,311.83,7.59
2025-05-28T08:48:03.165213,176.495,176.495,176.503,,179.34,171.606,SOLUSDT,22.3,10.2
2025-05-28T08:48:04.186471,108852.3,108852.2,108852.3,,110675.2,107863.2,BTCUSDT,16.0892,0.644
2025-05-28T08:48:04.186471,2643.54,2643.53,2643.54,,2711.56,2524.14,ETHUSDT,131.25,109.91
2025-05-28T08:48:04.187766,176.495,176.495,176.496,,179.34,171.68,SOLUSDT,713.5,47
2025-05-28T08:48:05.204784,108852.3,108852.2,108852.3,,110675.2,107863.2,BTCUSDT,16.6401,0.644
2025-05-28T08:48:05.205784,2643.54,2643.53,2643.54,,2711.56,2524.14,ETHUSDT,152.77,83.02
2025-05-28T08:48:05.205784,176.495,176.495,176.496,,179.34,171.68,SOLUSDT,713.5,47
2025-05-28T08:48:05.531830,108852.3,108852.2,108852.3,,110675.2,107863.2,BTCUSDT,21.7992,0.632
2025-05-28T08:48:05.532833,2643.54,2643.52,2643.53,,2711.56,2523.87,ETHUSDT,0.09,247.94
2025-05-28T08:48:05.534124,176.495,176.495,176.496,,179.34,171.606,SOLUSDT,713.5,47
2025-05-28T08:48:06.023395,2643.52,2643.52,2643.53,,2711.56,2524.14,ETHUSDT,0.09,196.5
2025-05-28T08:48:06.025402,108852.3,108852.2,108852.3,,110675.2,107863.2,BTCUSDT,21.7992,0.632
2025-05-28T08:48:06.025402,176.495,176.495,176.506,,179.34,171.68,SOLUSDT,713.5,0.5
2025-05-28T08:48:07.108001,108852.3,108859.7,108859.8,,110675.2,107863.2,BTCUSDT,38.3418,8.2863
2025-05-28T08:48:07.109116,2643.53,2643.52,2643.53,,2711.56,2524.14,ETHUSDT,227.53,4.88
2025-05-28T08:48:07.109116,176.495,176.509,176.51,,179.34,171.68,SOLUSDT,61.3,701.3
2025-05-28T08:48:07.402810,108852.3,108859.7,108859.8,,110675.2,107863.2,BTCUSDT,38.1654,8.9215
2025-05-28T08:48:07.403858,176.495,176.509,176.51,,179.34,171.68,SOLUSDT,153.3,701.3
2025-05-28T08:48:07.403858,2643.53,2643.52,2643.53,,2711.56,2524.14,ETHUSDT,224.53,4.88
2025-05-28T08:48:07.772848,2643.53,2643.52,2643.53,,2711.56,2524.14,ETHUSDT,224.53,4.88
2025-05-28T08:48:07.773863,176.495,176.509,176.51,,179.34,171.68,SOLUSDT,143.1,708.6
2025-05-28T08:48:07.797050,108852.3,108859.7,108859.8,,110675.2,107863.2,BTCUSDT,38.7162,8.9561
2025-05-28T08:48:08.071603,108852.3,108859.7,108859.8,,110675.2,107863.2,BTCUSDT,38.7162,8.9314
2025-05-28T08:48:08.072616,2643.53,2643.52,2643.53,,2711.56,2524.14,ETHUSDT,224.53,4.86
2025-05-28T08:48:08.073610,176.495,176.509,176.51,,179.34,171.68,SOLUSDT,143.1,745
2025-05-28T08:48:08.420741,2643.53,2643.54,2643.64,,2711.56,2524.14,ETHUSDT,21,2.47
2025-05-28T08:48:08.421748,176.495,176.52,176.53,,179.34,171.68,SOLUSDT,8.5,726.7
2025-05-28T08:48:08.422748,108859.8,108859.7,108859.8,,110675.2,107863.2,BTCUSDT,43.1177,7.736
2025-05-28T08:48:08.788988,2643.53,2643.74,2643.76,,2711.56,2524.14,ETHUSDT,5.3,29.93
2025-05-28T08:48:08.788988,108859.8,108859.7,108859.8,,110675.2,107863.2,BTCUSDT,44.5851,0.6043
2025-05-28T08:48:08.789988,176.495,176.549,176.55,,179.34,171.68,SOLUSDT,16.5,429.7
2025-05-28T08:48:09.096272,2643.53,2643.76,2643.77,,2711.56,2524.14,ETHUSDT,22.16,87.35
2025-05-28T08:48:09.097280,108859.8,108859.7,108859.8,,110675.2,107863.2,BTCUSDT,44.5832,0.6043
2025-05-28T08:48:09.104270,176.495,176.549,176.55,,179.34,171.68,SOLUSDT,132.8,5
2025-05-28T08:48:09.461401,108859.8,108859.9,108860.3,,110675.2,107863.2,BTCUSDT,0.1378,4.6525
2025-05-28T08:48:09.461401,2643.76,2643.76,2643.77,,2711.56,2524.14,ETHUSDT,254.8,90.98
2025-05-28T08:48:09.505258,176.495,176.549,176.55,,179.34,171.68,SOLUSDT,302.6,5
2025-05-28T08:48:09.812646,108872.8,108872.7,108872.8,,110675.2,107863.2,BTCUSDT,11.4946,4.289
2025-05-28T08:48:09.813657,176.495,176.549,176.55,,179.34,171.68,SOLUSDT,2293.7,5
2025-05-28T08:48:09.814653,2643.76,2643.76,2643.77,,2711.56,2524.14,ETHUSDT,332.19,90.98
2025-05-28T08:48:10.120235,2643.76,2643.76,2643.77,,2711.56,2524.14,ETHUSDT,303.07,90.98
2025-05-28T08:48:10.121240,108872.8,108872.7,108872.8,,110675.2,107863.2,BTCUSDT,36.8755,7.857
2025-05-28T08:48:10.121240,176.495,176.549,176.55,,179.34,171.68,SOLUSDT,2181,5
2025-05-28T08:48:10.427424,2643.76,2643.76,2643.77,,2711.56,2524.14,ETHUSDT,299.07,90.98
2025-05-28T08:48:10.428426,176.495,176.549,176.55,,179.34,171.68,SOLUSDT,2181,5
2025-05-28T08:48:10.428426,108872.8,108872.7,108872.8,,110675.2,107863.2,BTCUSDT,37.7265,8.0347
2025-05-28T08:48:10.736742,2643.76,2643.76,2643.77,,2711.56,2524.14,ETHUSDT,303.07,90.98
2025-05-28T08:48:10.738147,176.495,176.549,176.55,,179.34,171.68,SOLUSDT,2181,5
2025-05-28T08:48:10.740572,108872.8,108872.7,108872.8,,110675.2,107863.2,BTCUSDT,36.6821,7.4045
2025-05-28T08:48:11.041928,108872.8,108872.7,108872.8,,110675.2,107863.2,BTCUSDT,36.6822,7.5651
2025-05-28T08:48:11.042942,2643.76,2643.76,2643.77,,2711.56,2524.14,ETHUSDT,269.67,90.98
2025-05-28T08:48:11.042942,176.495,176.549,176.55,,179.34,171.68,SOLUSDT,2181,5
2025-05-28T08:48:11.368128,108872.8,108872.7,108872.8,,110675.2,107863.2,BTCUSDT,36.6822,6.8643
2025-05-28T08:48:11.369125,2643.76,2643.76,2643.77,,2711.56,2524.14,ETHUSDT,275.64,90.98
2025-05-28T08:48:11.369125,176.495,176.549,176.55,,179.34,171.68,SOLUSDT,2181,5
2025-05-28T08:48:11.683382,2643.77,2643.76,2643.77,,2711.56,2524.14,ETHUSDT,111.56,86.34
2025-05-28T08:48:11.684386,108872.8,108872.7,108872.8,,110675.2,107863.2,BTCUSDT,30.0235,14.5577
2025-05-28T08:48:11.685383,176.495,176.548,176.549,,179.34,171.68,SOLUSDT,282.4,75.2
2025-05-28T08:48:11.982106,176.495,176.548,176.549,,179.34,171.68,SOLUSDT,282.4,75.2
2025-05-28T08:48:11.983108,2643.77,2643.76,2643.77,,2711.56,2524.14,ETHUSDT,111.56,86.34
2025-05-28T08:48:11.983108,108872.8,108872.7,108872.8,,110675.2,107863.2,BTCUSDT,30.0235,14.5577
2025-05-28T08:48:12.303784,108872.8,108872.7,108872.8,,110675.2,107863.2,BTCUSDT,36.969,6.7533
2025-05-28T08:48:12.304788,2643.77,2643.76,2643.77,,2711.56,2524.14,ETHUSDT,229.69,37.78
2025-05-28T08:48:12.304788,176.495,176.549,176.55,,179.34,171.68,SOLUSDT,297.5,5
2025-05-28T08:48:12.680942,108872.8,108872.7,108872.8,,110675.2,107863.2,BTCUSDT,36.4183,6.4227
2025-05-28T08:48:12.682045,2643.77,2643.76,2643.77,,2711.56,2524.14,ETHUSDT,201.34,33.68
2025-05-28T08:48:12.697210,176.495,176.549,176.55,,179.34,171.68,SOLUSDT,307.7,5
2025-05-28T08:48:13.751616,108872.8,108872.7,108872.8,,110675.2,107863.2,BTCUSDT,36.4183,7.4886
2025-05-28T08:48:13.752999,176.549,176.549,176.55,,179.34,171.68,SOLUSDT,272.3,5
2025-05-28T08:48:13.752999,2643.77,2643.76,2643.77,,2711.56,2524.14,ETHUSDT,20.05,32.94
2025-05-28T08:48:14.063942,2643.76,2643.76,2643.77,,2711.56,2524.14,ETHUSDT,20.05,101.1
2025-05-28T08:48:14.064951,108872.8,108872.7,108872.8,,110675.2,107863.2,BTCUSDT,36.9691,5.1964
2025-05-28T08:48:14.071242,176.549,176.549,176.55,,179.34,171.68,SOLUSDT,180.3,5
2025-05-28T08:48:14.966739,2643.76,2643.76,2643.77,,2711.56,2524.14,ETHUSDT,20.05,97.1
2025-05-28T08:48:14.967786,108872.8,108872.7,108872.8,,110675.2,107863.2,BTCUSDT,36.9691,3.6468
2025-05-28T08:48:14.967786,176.549,176.549,176.55,,179.34,171.68,SOLUSDT,190.5,5
2025-05-28T08:48:15.264539,108873.2,108873.1,108873.2,,110675.2,107863.2,BTCUSDT,36.7766,4.2821
2025-05-28T08:48:15.265553,2643.77,2643.76,2643.77,,2711.56,2524.14,ETHUSDT,194.21,39.54
2025-05-28T08:48:15.273559,176.549,176.549,176.55,,179.34,171.68,SOLUSDT,282.5,5
2025-05-28T08:48:15.584412,176.549,176.549,176.55,,179.34,171.68,SOLUSDT,282.5,5
2025-05-28T08:48:15.585419,108873.2,108873.1,108873.2,,110675.2,107863.2,BTCUSDT,42.4866,4.2821
2025-05-28T08:48:15.586428,2643.76,2643.76,2643.77,,2711.56,2524.14,ETHUSDT,190.2,39.54
2025-05-28T08:48:15.909946,108873.2,108873.1,108873.2,,110675.2,107863.2,BTCUSDT,42.4866,4.2821
2025-05-28T08:48:15.910965,176.549,176.549,176.55,,179.34,171.68,SOLUSDT,282.5,5
2025-05-28T08:48:15.911964,2643.76,2643.76,2643.77,,2711.56,2524.14,ETHUSDT,150.8,39.54
2025-05-28T08:48:16.293640,2643.76,2643.76,2643.77,,2711.56,2524.14,ETHUSDT,150.8,39.54
2025-05-28T08:48:16.294636,108873.2,108873.1,108873.2,,110675.2,107863.2,BTCUSDT,42.4866,4.2821
2025-05-28T08:48:16.294636,176.549,176.549,176.55,,179.34,171.68,SOLUSDT,282.5,5
2025-05-28T08:48:16.594757,108873.1,108873.1,108873.2,,110675.2,107863.2,BTCUSDT,42.8523,4.2819
2025-05-28T08:48:16.595759,2643.99,2643.99,2644,,2711.56,2524.14,ETHUSDT,197.61,11
2025-05-28T08:48:16.595759,176.55,176.572,176.573,,179.34,171.68,SOLUSDT,339.1,7.8
2025-05-28T08:48:17.025745,2643.99,2643.99,2644,,2711.56,2524.14,ETHUSDT,228.49,11
2025-05-28T08:48:17.026745,108873.1,108873.1,108873.2,,110675.2,107863.2,BTCUSDT,42.8523,4.2819
2025-05-28T08:48:17.026745,176.55,176.572,176.573,,179.34,171.68,SOLUSDT,327.1,7.8
2025-05-28T08:48:17.497499,2643.99,2643.99,2644,,2711.56,2524.14,ETHUSDT,228.49,11
2025-05-28T08:48:17.497499,108873.1,108873.1,108873.2,,110675.2,107863.2,BTCUSDT,42.7923,4.2819
2025-05-28T08:48:17.498520,176.55,176.572,176.573,,179.34,171.68,SOLUSDT,327.1,7.8
2025-05-28T08:48:18.436284,2644,2643.99,2644,,2711.56,2524.14,ETHUSDT,260.15,10.3
2025-05-28T08:48:18.437284,108882.3,108882.3,108882.4,,110675.2,107863.2,BTCUSDT,39.5993,3.859
2025-05-28T08:48:18.438289,176.55,176.572,176.573,,179.34,171.68,SOLUSDT,235.1,7.8
2025-05-28T08:48:18.827314,108882.3,108883,108883.1,,110675.2,107863.2,BTCUSDT,5.3417,0.0048
2025-05-28T08:48:18.828313,176.55,176.573,176.579,,179.34,171.68,SOLUSDT,26,0.5
2025-05-28T08:48:18.828313,2644,2643.99,2644,,2711.56,2524.14,ETHUSDT,261.78,10.28
2025-05-28T08:48:19.152840,2644,2643.99,2644,,2711.56,2524.14,ETHUSDT,261.78,10.28
2025-05-28T08:48:19.152840,108882.3,108883,108883.1,,110675.2,107863.2,BTCUSDT,5.3417,0.0048
2025-05-28T08:48:19.153838,176.55,176.573,176.579,,179.34,171.68,SOLUSDT,26,0.5
2025-05-28T08:48:19.455495,108882.3,108883,108883.1,,110675.2,107863.2,BTCUSDT,38.295,0.0048
2025-05-28T08:48:19.457514,2644,2643.99,2644,,2711.56,2524.14,ETHUSDT,478.22,10.28
2025-05-28T08:48:19.457514,176.55,176.578,176.579,,179.34,171.68,SOLUSDT,677.2,0.5
2025-05-28T08:48:19.849923,108882.3,108883,108883.1,,110675.2,107863.2,BTCUSDT,38.295,0.0048
2025-05-28T08:48:19.850928,2644,2643.99,2644,,2711.56,2524.14,ETHUSDT,521.57,10
2025-05-28T08:48:19.850928,176.55,176.578,176.579,,179.34,171.68,SOLUSDT,1774.9,0.5
2025-05-28T08:48:20.156970,108882.3,108887.7,108888,,110675.2,107863.2,BTCUSDT,0.6038,0.06
2025-05-28T08:48:20.157981,2644,2643.99,2644,,2711.56,2524.14,ETHUSDT,962.71,10
2025-05-28T08:48:20.157981,176.589,176.588,176.589,,179.34,171.68,SOLUSDT,45,90.9
2025-05-28T08:48:20.466215,2644,2643.99,2644,,2711.56,2524.14,ETHUSDT,926.46,9.99
2025-05-28T08:48:20.467227,108882.3,108887.9,108888,,110675.2,107863.2,BTCUSDT,30.0341,0.06
2025-05-28T08:48:20.467227,176.589,176.588,176.589,,179.34,171.68,SOLUSDT,1722.4,90.9
2025-05-28T08:48:20.877987,2644,2643.99,2644,,2711.56,2524.14,ETHUSDT,1000.74,9.94
2025-05-28T08:48:20.878995,108882.3,108887.9,108888,,110675.2,107863.2,BTCUSDT,34.6629,0.06
2025-05-28T08:48:20.896797,176.589,176.588,176.589,,179.34,171.68,SOLUSDT,1722.9,90.9
2025-05-28T08:48:21.179524,108882.3,108887.9,108888,,110675.2,107863.2,BTCUSDT,34.9674,0.06
2025-05-28T08:48:21.181534,2644,2643.99,2644,,2711.56,2524.14,ETHUSDT,968.59,9.94
2025-05-28T08:48:21.181534,176.589,176.588,176.589,,179.34,171.68,SOLUSDT,1722.9,90.9
2025-05-28T08:48:21.429377,2643.99,2643.99,2644,,2711.56,2524.14,ETHUSDT,968.59,9.94
2025-05-28T08:48:21.430379,176.589,176.588,176.589,,179.34,171.68,SOLUSDT,1722.9,90.9
2025-05-28T08:48:21.431383,108882.3,108887.9,108888,,110675.2,107863.2,BTCUSDT,34.9674,0.06
2025-05-28T08:48:21.741523,108888,108887.9,108888,,110675.2,107863.2,BTCUSDT,34.9674,0.0599
2025-05-28T08:48:21.742523,176.589,176.588,176.589,,179.34,171.68,SOLUSDT,1657.8,90.9
2025-05-28T08:48:21.742523,2644,2643.99,2644,,2711.56,2524.14,ETHUSDT,968.63,9.18
2025-05-28T08:48:22.116811,2644,2643.99,2644,,2711.56,2524.14,ETHUSDT,927.53,9.18
2025-05-28T08:48:22.117820,108888,108887.9,108888,,110675.2,107863.2,BTCUSDT,29.2574,0.0599
2025-05-28T08:48:22.118829,176.589,176.588,176.589,,179.34,171.68,SOLUSDT,1657.8,90.9
2025-05-28T08:48:22.362858,2644,2643.99,2644,,2711.56,2524.14,ETHUSDT,950.21,6.18
2025-05-28T08:48:22.363893,176.589,176.588,176.589,,179.34,171.68,SOLUSDT,1724.7,90.9
2025-05-28T08:48:22.364906,108888,108887.9,108888,,110675.2,107863.2,BTCUSDT,29.2574,0.0599
2025-05-28T08:48:23.084426,108888,108887.9,108888,,110675.2,107863.2,BTCUSDT,29.2574,0.0599
2025-05-28T08:48:23.085421,2644,2643.99,2644,,2711.56,2524.14,ETHUSDT,950.21,6.18
2025-05-28T08:48:23.085421,176.589,176.588,176.589,,179.34,171.68,SOLUSDT,2151.1,90.9
2025-05-28T08:48:23.432379,176.589,176.588,176.589,,179.34,171.68,SOLUSDT,2161.5,90.9
2025-05-28T08:48:23.433391,2644,2643.99,2644,,2711.56,2524.14,ETHUSDT,950.21,4.51
2025-05-28T08:48:23.434386,108888,108887.9,108888,,110675.2,107863.2,BTCUSDT,34.9674,0.0599
2025-05-28T08:48:23.741537,108888,108887.9,108888,,110675.2,107863.2,BTCUSDT,36.5439,0.0448
2025-05-28T08:48:23.742548,2644,2643.99,2644,,2711.56,2524.14,ETHUSDT,821.92,36.14
2025-05-28T08:48:23.742548,176.589,176.588,176.589,,179.34,171.68,SOLUSDT,2272.3,79.8
2025-05-28T08:48:24.282646,2643.99,2643.99,2644,,2711.56,2524.14,ETHUSDT,969.91,37.88
2025-05-28T08:48:24.283656,108888,108887.9,108888,,110675.2,107863.2,BTCUSDT,36.5458,0.0444
2025-05-28T08:48:24.283656,176.589,176.588,176.589,,179.34,171.68,SOLUSDT,2272.3,79.8
2025-05-28T08:48:24.572755,2643.99,2643.99,2644,,2711.56,2524.14,ETHUSDT,969.91,37.88
2025-05-28T08:48:24.574050,176.589,176.588,176.589,,179.34,171.68,SOLUSDT,2272.3,79.8
2025-05-28T08:48:24.588048,108888,108887.9,108888,,110675.2,107863.2,BTCUSDT,36.5458,0.0444
2025-05-28T08:48:24.889479,2643.99,2643.99,2644,,2711.56,2524.14,ETHUSDT,969.91,25.43
2025-05-28T08:48:24.890621,108888,108887.9,108888,,110675.2,107863.2,BTCUSDT,36.5425,0.0444
2025-05-28T08:48:24.891849,176.589,176.588,176.589,,179.34,171.68,SOLUSDT,2282.7,79.8
2025-05-28T08:48:25.183121,2643.99,2643.99,2644,,2711.56,2524.14,ETHUSDT,969.91,5.93
2025-05-28T08:48:25.184172,176.589,176.588,176.589,,179.34,171.68,SOLUSDT,2282.7,79.8
2025-05-28T08:48:25.184172,108888,108887.9,108888,,110675.2,107863.2,BTCUSDT,31.4575,0.0444
2025-05-28T08:48:25.600830,108887.9,108887.9,108888,,110675.2,107863.2,BTCUSDT,31.4575,0.0444
2025-05-28T08:48:25.601833,2643.99,2643.99,2644,,2711.56,2524.14,ETHUSDT,969.97,5.93
2025-05-28T08:48:25.602839,176.589,176.588,176.589,,179.34,171.68,SOLUSDT,2282.7,79.8
2025-05-28T08:48:25.832442,2643.99,2643.99,2644,,2711.56,2524.14,ETHUSDT,969.97,5.93
2025-05-28T08:48:25.833555,108887.9,108887.9,108888,,110675.2,107863.2,BTCUSDT,31.4575,0.0444
2025-05-28T08:48:25.833555,176.589,176.588,176.589,,179.34,171.68,SOLUSDT,2282.7,79.8
2025-05-28T08:48:26.240550,2643.99,2643.99,2644,,2711.56,2524.14,ETHUSDT,969.97,5.93
2025-05-28T08:48:26.241556,108888,108887.9,108888,,110675.2,107863.2,BTCUSDT,31.4575,0.0224
2025-05-28T08:48:26.241556,176.589,176.588,176.589,,179.34,171.68,SOLUSDT,2272.3,79.8
2025-05-28T08:48:26.455631,108888,108887.9,108888,,110675.2,107863.2,BTCUSDT,37.1675,0.0041
2025-05-28T08:48:26.455631,2644,2643.99,2644,,2711.56,2524.14,ETHUSDT,969.85,4.87
2025-05-28T08:48:26.456998,176.589,176.588,176.589,,179.34,171.68,SOLUSDT,2282.7,79.8
2025-05-28T08:48:26.920936,2643.99,2643.99,2644,,2711.56,2524.14,ETHUSDT,969.85,4.77
2025-05-28T08:48:26.922044,108888,108887.9,108888,,110675.2,107863.2,BTCUSDT,37.1675,0.0041
2025-05-28T08:48:26.922044,176.589,176.588,176.589,,179.34,171.68,SOLUSDT,2272.3,79.8
2025-05-28T08:48:27.162754,2643.99,2643.99,2644,,2711.56,2524.14,ETHUSDT,969.85,4.77
2025-05-28T08:48:27.162754,108888,108887.9,108888,,110675.2,107863.2,BTCUSDT,37.1675,0.0041
2025-05-28T08:48:27.163752,176.589,176.588,176.589,,179.34,171.68,SOLUSDT,2272.3,79.8
2025-05-28T08:48:27.638899,108888,108887.9,108888,,110675.2,107863.2,BTCUSDT,31.4575,0.0041
2025-05-28T08:48:27.640322,176.589,176.588,176.589,,179.34,171.68,SOLUSDT,2272.3,79.8
2025-05-28T08:48:27.640322,2643.99,2643.99,2644,,2711.56,2524.14,ETHUSDT,969.85,4.77
2025-05-28T08:48:27.790479,108888,108891.4,108891.5,,110675.2,107863.2,BTCUSDT,8,4.2819
2025-05-28T08:48:27.791489,2643.99,2643.99,2644,,2711.56,2524.14,ETHUSDT,962,4.77
2025-05-28T08:48:27.791489,176.589,176.588,176.589,,179.34,171.68,SOLUSDT,2282.7,79.8
2025-05-28T08:48:28.455152,2643.99,2643.99,2644,,2711.56,2524.14,ETHUSDT,961.94,4.77
2025-05-28T08:48:28.456155,176.589,176.588,176.589,,179.34,171.68,SOLUSDT,2278.7,79.8
2025-05-28T08:48:28.456155,108888,108891.4,108891.5,,110675.2,107863.2,BTCUSDT,40.4669,4.2819
2025-05-28T08:48:28.759670,108888,108891.4,108891.5,,110675.2,107863.2,BTCUSDT,40.4669,4.2819
2025-05-28T08:48:28.760678,2643.99,2643.99,2644,,2711.56,2524.14,ETHUSDT,961.94,4.77
2025-05-28T08:48:28.761681,176.589,176.588,176.589,,179.34,171.68,SOLUSDT,2278.7,79.8
2025-05-28T08:48:29.079227,2643.99,2643.99,2644,,2711.56,2524.14,ETHUSDT,985.63,2.94
2025-05-28T08:48:29.081231,108891.4,108891.4,108891.5,,110675.2,107863.2,BTCUSDT,37.1437,4.2819
2025-05-28T08:48:29.081231,176.601,176.61,176.614,,179.34,171.68,SOLUSDT,553.1,0.1
2025-05-28T08:48:29.390019,108891.5,108891.4,108891.5,,110675.2,107863.2,BTCUSDT,38.6952,4.2799
2025-05-28T08:48:29.391524,2643.99,2643.99,2644,,2711.56,2524.14,ETHUSDT,985.6,2.94
2025-05-28T08:48:29.392538,176.601,176.613,176.614,,179.34,171.68,SOLUSDT,1896.6,0.1
2025-05-28T08:48:29.719034,2643.99,2643.99,2644,,2711.56,2524.14,ETHUSDT,985.6,2.94
2025-05-28T08:48:29.720035,108891.5,108891.4,108891.5,,110675.2,107863.2,BTCUSDT,38.6952,4.2799
2025-05-28T08:48:29.720035,176.601,176.613,176.614,,179.34,171.68,SOLUSDT,1896.6,0.1
2025-05-28T08:48:30.043621,2644.1,2644.47,2644.48,,2711.56,2524.14,ETHUSDT,23.8,0.04
2025-05-28T08:48:30.044618,108891.5,108891.4,108891.5,,110675.2,107863.2,BTCUSDT,38.6952,4.2799
2025-05-28T08:48:30.045621,176.661,176.663,176.664,,179.34,171.68,SOLUSDT,401.7,0.1
2025-05-28T08:48:30.395953,108891.5,108891.4,108891.5,,110675.2,107863.2,BTCUSDT,38.6952,4.2799
2025-05-28T08:48:30.397454,2644.1,2644.47,2644.48,,2711.56,2524.14,ETHUSDT,23.8,0.04
2025-05-28T08:48:30.398475,176.661,176.663,176.664,,179.34,171.68,SOLUSDT,401.7,0.1
2025-05-28T08:48:30.703767,108891.5,108891.4,108891.5,,110675.2,107863.2,BTCUSDT,38.6952,4.2799
2025-05-28T08:48:30.705773,2644.47,2644.47,2644.48,,2711.56,2524.14,ETHUSDT,268.38,32.11
2025-05-28T08:48:30.705773,176.661,176.663,176.664,,179.34,171.68,SOLUSDT,1707.8,0.1
2025-05-28T09:04:28.844326,2632,2632,2632.01,,2711.56,2530,ETHUSDT,96.3,79.46
2025-05-28T09:04:28.845567,108673,108673,108673.1,,110675.2,107863.2,BTCUSDT,13.3317,6.9697
2025-05-28T09:04:28.845567,175.024,175.023,175.024,,179.34,171.886,SOLUSDT,93.1,1518.2
2025-05-28T09:04:29.153786,2632,2632,2632.01,,2711.56,2530,ETHUSDT,93.51,79.46
2025-05-28T09:04:29.154783,175.024,175.023,175.024,,179.34,171.886,SOLUSDT,93.1,1518.3
2025-05-28T09:04:29.154783,108673,108673,108673.1,,110675.2,107863.2,BTCUSDT,13.3167,6.9697
2025-05-28T09:04:29.749475,108673,108673,108673.1,,110675.2,107863.2,BTCUSDT,7.8467,6.9163
2025-05-28T09:04:29.750782,2632.01,2632,2632.01,,2711.56,2530,ETHUSDT,87.26,78.54
2025-05-28T09:04:29.751792,175.024,175.023,175.024,,179.34,171.886,SOLUSDT,93.1,1357.1
2025-05-28T09:04:30.173753,2632.01,2632,2632.01,,2711.56,2530,ETHUSDT,87.26,81.45
2025-05-28T09:04:30.174707,108673,108673,108673.1,,110675.2,107863.2,BTCUSDT,7.8124,7.0163
2025-05-28T09:04:30.175715,175.024,175.023,175.024,,179.34,171.886,SOLUSDT,93.1,1590.2
2025-05-28T09:04:30.192142,2632.01,2632,2632.01,,2711.56,2530,ETHUSDT,87.26,127.36
2025-05-28T09:04:30.192142,108673,108673,108673.1,,110675.2,107863.2,BTCUSDT,7.8124,3.3375
2025-05-28T09:04:30.193142,175.024,175.023,175.024,,179.34,171.886,SOLUSDT,93.1,1590.2
2025-05-28T09:04:30.482348,108673,108673,108673.1,,110675.2,107863.2,BTCUSDT,7.8124,3.3375
2025-05-28T09:04:30.483361,2632.01,2632,2632.01,,2711.56,2530,ETHUSDT,87.26,127.36
2025-05-28T09:04:30.483361,175.024,175.023,175.024,,179.34,171.886,SOLUSDT,93.1,1590.2
2025-05-28T09:04:30.695591,2632.01,2632,2632.01,,2711.56,2530,ETHUSDT,89.71,75.98
2025-05-28T09:04:30.784416,108673,108673,108673.1,,110675.2,107863.2,BTCUSDT,13.2143,3.2551
2025-05-28T09:04:30.785514,175.024,175.023,175.024,,179.34,171.886,SOLUSDT,93.1,1414.6
2025-05-28T09:04:31.781717,108673.1,108673,108673.1,,110675.2,107863.2,BTCUSDT,13.2143,3.2551
2025-05-28T09:04:31.782800,2632,2632,2632.01,,2711.56,2530,ETHUSDT,89.71,75.98
2025-05-28T09:04:31.782800,175.024,175.023,175.024,,179.34,171.886,SOLUSDT,93.1,1585.9
2025-05-28T09:04:32.029870,108673.1,108673,108673.1,,110675.2,107863.2,BTCUSDT,7.7443,0.7598
2025-05-28T09:04:32.030879,2632,2632.01,2632.14,,2711.56,2530,ETHUSDT,19.08,30.06
2025-05-28T09:04:32.031874,175.024,175.023,175.03,,179.34,171.886,SOLUSDT,113.3,314.7
2025-05-28T09:04:32.440020,2632,2632.13,2632.14,,2711.56,2530,ETHUSDT,147.11,87.69
2025-05-28T09:04:32.440020,108673.1,108673,108673.1,,110675.2,107863.2,BTCUSDT,13.4464,0.6792
2025-05-28T09:04:32.606885,175.024,175.029,175.03,,179.34,171.886,SOLUSDT,253.2,553.7
2025-05-28T09:04:33.462305,2632,2632,2632.01,,2711.56,2530,ETHUSDT,1.18,535.82
2025-05-28T09:04:33.462305,108673,108673,108673.1,,110675.2,107863.2,BTCUSDT,29.3675,0.0208
2025-05-28T09:04:33.463302,175.024,175.023,175.024,,179.34,171.886,SOLUSDT,126.4,1237
2025-05-28T09:04:34.242895,108673,108673,108673.1,,110675.2,107863.2,BTCUSDT,29.3675,0.0208
2025-05-28T09:04:34.244026,2632,2632,2632.01,,2711.56,2530,ETHUSDT,1.18,535.82
2025-05-28T09:04:34.244026,175.024,175.023,175.024,,179.34,171.886,SOLUSDT,126.4,1237
2025-05-28T09:04:34.380379,2632,2632,2632.01,,2711.56,2530,ETHUSDT,1.07,535.82
2025-05-28T09:04:34.381393,108673.1,108673,108673.1,,110675.2,107863.2,BTCUSDT,29.3675,0.0095
2025-05-28T09:04:34.381393,175.023,175.023,175.024,,179.34,171.886,SOLUSDT,115.2,1237
2025-05-28T09:04:34.672673,108673.1,108673,108673.1,,110675.2,107863.2,BTCUSDT,22.9261,2.6057
2025-05-28T09:04:34.673683,2632,2631.74,2631.75,,2711.56,2530,ETHUSDT,0.1,184.89
2025-05-28T09:04:34.674682,175.023,175.023,175.024,,179.34,171.886,SOLUSDT,0.1,1247.2
2025-05-28T09:04:35.006431,2631.19,2631.17,2631.19,,2711.56,2530,ETHUSDT,0.14,3.16
2025-05-28T09:04:35.363440,108673.1,108673,108673.1,,110675.2,107863.2,BTCUSDT,22.8128,2.6057
2025-05-28T09:04:35.364439,175.023,175.022,175.023,,179.34,171.886,SOLUSDT,15.4,1026.6
2025-05-28T09:04:35.475062,108673.1,108673,108673.1,,110675.2,107863.2,BTCUSDT,0.5556,9.2319
2025-05-28T09:04:35.475062,2631.17,2631.17,2631.18,,2711.56,2530,ETHUSDT,21.82,115.08
2025-05-28T09:04:35.507543,175.023,175.022,175.023,,179.34,171.886,SOLUSDT,38.5,1337.4
2025-05-28T09:04:35.821844,108673.1,108673,108673.1,,110675.2,107863.2,BTCUSDT,17.7514,5.1584
2025-05-28T09:04:35.822855,2631.17,2631.18,2631.59,,2711.56,2530,ETHUSDT,4.08,2.88
2025-05-28T09:04:35.823854,175.023,175.023,175.024,,179.34,171.886,SOLUSDT,76.6,72.7
2025-05-28T09:04:36.333267,108673.1,108673,108673.1,,110675.2,107863.2,BTCUSDT,18.855,3.2639
2025-05-28T09:04:36.333267,2631.17,2631.58,2631.59,,2711.56,2530,ETHUSDT,9.33,146.7
2025-05-28T09:04:36.334279,175.023,175.023,175.024,,179.34,171.886,SOLUSDT,119.1,72.7
2025-05-28T09:04:36.829282,2631.17,2631.58,2631.59,,2711.56,2530,ETHUSDT,9.33,146.7
2025-05-28T09:04:36.830287,108673.1,108673,108673.1,,110675.2,107863.2,BTCUSDT,18.855,3.2639
2025-05-28T09:04:36.934366,175.023,175.023,175.024,,179.34,171.886,SOLUSDT,119.1,72.7
2025-05-28T09:04:36.938858,108673.1,108673,108673.1,,110675.2,107863.2,BTCUSDT,11.4975,7.0551
2025-05-28T09:04:37.048750,2631.42,2631.41,2631.42,,2711.56,2530,ETHUSDT,13.32,112.29
2025-05-28T09:04:37.049987,175.023,175.022,175.023,,179.34,171.886,SOLUSDT,15.4,1496.3
2025-05-28T09:04:37.532443,108673.1,108673,108673.1,,110675.2,107863.2,BTCUSDT,9.7063,9.0906
2025-05-28T09:04:37.533481,2631.42,2631.41,2631.42,,2711.56,2530,ETHUSDT,37.08,102.87
2025-05-28T09:04:37.740357,175.022,175.022,175.023,,179.34,171.886,SOLUSDT,0.7,1496.5
2025-05-28T09:04:37.824679,108669,108669,108669.1,,110675.2,107863.2,BTCUSDT,6.9683,15.3461
2025-05-28T09:04:37.825672,2631.41,2631.41,2631.42,,2711.56,2530,ETHUSDT,3.28,195.08
2025-05-28T09:04:37.825672,175.022,175.022,175.023,,179.34,171.886,SOLUSDT,0.7,1517.4
