instId,channel,type,ts_recv,start_time,open_price,highest_price,lowest_price,closing_price,trading_volume_coin,trading_volume_usd
LINKUSDT,candle5m,SPOT,2025-06-10T21:25:04.402028,1749415800000,13.93,13.93,13.89,13.9,173.3726,2411.304275
LINKUSDT,candle5m,SPOT,2025-06-10T21:25:04.402052,1749416100000,13.9,13.91,13.88,13.9,279.4538,3883.639182
LINKUSDT,candle5m,SPOT,2025-06-10T21:25:04.402058,1749416400000,13.9,13.94,13.9,13.93,804.2875,11201.744001
LINKUSDT,candle5m,SPOT,2025-06-10T21:25:04.402062,1749416700000,13.93,13.95,13.93,13.94,792.6565,11050.39752
LINKUSDT,candle5m,SPOT,2025-06-10T21:25:04.402065,1749417000000,13.94,13.95,13.93,13.94,782.7925,10909.654384
LINKUSDT,candle5m,SPOT,2025-06-10T21:25:04.402068,1749417300000,13.94,13.95,13.92,13.94,838.5745,11683.327332
LINKUSDT,candle5m,SPOT,2025-06-10T21:25:04.402071,1749417600000,13.94,13.95,13.93,13.94,1095.1132,15267.456507
LINKUSDT,candle5m,SPOT,2025-06-10T21:25:04.402074,1749417900000,13.94,13.95,13.93,13.95,913.6216,12740.815286
LINKUSDT,candle5m,SPOT,2025-06-10T21:25:04.402077,1749418200000,13.95,13.95,13.92,13.93,255.2703,3558.057442
LINKUSDT,candle5m,SPOT,2025-06-10T21:25:04.402080,1749418500000,13.93,13.93,13.89,13.91,194.6265,2707.473314
LINKUSDT,candle5m,SPOT,2025-06-10T21:25:04.402083,1749418800000,13.91,13.93,13.9,13.92,141.5741,1970.308489
LINKUSDT,candle5m,SPOT,2025-06-10T21:25:04.402086,1749419100000,13.92,13.94,13.92,13.93,126.9753,1768.563685
LINKUSDT,candle5m,SPOT,2025-06-10T21:25:04.402089,1749419400000,13.93,13.98,13.93,13.95,324.8639,4533.657372
LINKUSDT,candle5m,SPOT,2025-06-10T21:25:04.402091,1749419700000,13.95,13.97,13.92,13.94,316.7391,4413.296427
LINKUSDT,candle5m,SPOT,2025-06-10T21:25:04.402094,1749420000000,13.94,13.94,13.9,13.91,616.5613,8581.664897
LINKUSDT,candle5m,SPOT,2025-06-10T21:25:04.402097,1749420300000,13.91,13.91,13.86,13.88,1327.5536,18452.509531
LINKUSDT,candle5m,SPOT,2025-06-10T21:25:04.402100,1749420600000,13.88,13.88,13.85,13.85,1622.4332,22497.505642
LINKUSDT,candle5m,SPOT,2025-06-10T21:25:04.402103,1749420900000,13.85,13.88,13.85,13.87,1115.1495,15464.281577
LINKUSDT,candle5m,SPOT,2025-06-10T21:25:04.402106,1749421200000,13.87,13.89,13.86,13.89,740.043,10269.17093
LINKUSDT,candle5m,SPOT,2025-06-10T21:25:04.402108,1749421500000,13.89,13.89,13.83,13.85,852.4432,11801.977878
LINKUSDT,candle5m,SPOT,2025-06-10T21:25:04.402111,1749421800000,13.85,13.85,13.81,13.82,876.7533,12121.737604
LINKUSDT,candle5m,SPOT,2025-06-10T21:25:04.402114,1749422100000,13.82,13.82,13.79,13.81,1779.2628,24554.793472
LINKUSDT,candle5m,SPOT,2025-06-10T21:25:04.402117,1749422400000,13.81,13.82,13.79,13.81,1253.878,17309.946261
LINKUSDT,candle5m,SPOT,2025-06-10T21:25:04.402119,1749422700000,13.81,13.82,13.75,13.77,2037.7572,28069.38672
LINKUSDT,candle5m,SPOT,2025-06-10T21:25:04.402122,1749423000000,13.77,13.77,13.72,13.74,2599.3566,35728.302373
LINKUSDT,candle5m,SPOT,2025-06-10T21:25:04.402125,1749423300000,13.74,13.75,13.73,13.74,2199.0586,30214.954025
LINKUSDT,candle5m,SPOT,2025-06-10T21:25:04.402128,1749423600000,13.74,13.74,13.71,13.72,2100.7772,28828.220113
LINKUSDT,candle5m,SPOT,2025-06-10T21:25:04.402131,1749423900000,13.72,13.74,13.71,13.72,1246.8349,17109.627478
LINKUSDT,candle5m,SPOT,2025-06-10T21:25:04.402133,1749424200000,13.72,13.73,13.7,13.72,1777.6945,24386.097701
LINKUSDT,candle5m,SPOT,2025-06-10T21:25:04.402136,1749424500000,13.72,13.75,13.7,13.74,2687.834,36887.534415
LINKUSDT,candle5m,SPOT,2025-06-10T21:25:04.402139,1749424800000,13.74,13.76,13.7,13.7,918.3807,12605.125052
LINKUSDT,candle5m,SPOT,2025-06-10T21:25:04.402145,1749425100000,13.7,13.71,13.68,13.7,1165.6113,15961.355159
LINKUSDT,candle5m,SPOT,2025-06-10T21:25:04.402148,1749425400000,13.7,13.72,13.68,13.7,1628.6664,22316.932386
LINKUSDT,candle5m,SPOT,2025-06-10T21:25:04.402151,1749425700000,13.7,13.7,13.67,13.68,1291.742,17679.691067
LINKUSDT,candle5m,SPOT,2025-06-10T21:25:04.402154,1749426000000,13.68,13.69,13.67,13.68,1423.7962,19480.302776
LINKUSDT,candle5m,SPOT,2025-06-10T21:25:04.402156,1749426300000,13.68,13.69,13.67,13.67,1253.7478,17148.832298
LINKUSDT,candle5m,SPOT,2025-06-10T21:25:04.402159,1749426600000,13.67,13.69,13.66,13.69,616.9454,8437.901672
LINKUSDT,candle5m,SPOT,2025-06-10T21:25:04.402161,1749426900000,13.69,13.72,13.68,13.72,1967.7551,26978.086336
LINKUSDT,candle5m,SPOT,2025-06-10T21:25:04.402164,1749427200000,13.72,13.78,13.71,13.76,2182.4234,30003.669999
LINKUSDT,candle5m,SPOT,2025-06-10T21:25:04.402167,1749427500000,13.76,13.77,13.73,13.73,2436.591,33490.529964
LINKUSDT,candle5m,SPOT,2025-06-10T21:25:04.402170,1749427800000,13.73,13.75,13.72,13.73,2183.1579,30000.347687
LINKUSDT,candle5m,SPOT,2025-06-10T21:25:04.402173,1749428100000,13.73,13.76,13.73,13.74,321.9866,4425.386243
LINKUSDT,candle5m,SPOT,2025-06-10T21:25:04.402176,1749428400000,13.74,13.74,13.7,13.72,827.592,11349.184033
LINKUSDT,candle5m,SPOT,2025-06-10T21:25:04.402178,1749428700000,13.72,13.76,13.69,13.74,636.5507,8731.401793
LINKUSDT,candle5m,SPOT,2025-06-10T21:25:04.402181,1749429000000,13.74,13.79,13.73,13.79,1228.059,16900.074985
LINKUSDT,candle5m,SPOT,2025-06-10T21:25:04.402183,1749429300000,13.79,13.8,13.73,13.73,913.7603,12587.86248
LINKUSDT,candle5m,SPOT,2025-06-10T21:25:04.402186,1749429600000,13.73,13.75,13.72,13.73,561.6271,7712.781639
LINKUSDT,candle5m,SPOT,2025-06-10T21:25:04.402189,1749429900000,13.73,13.74,13.69,13.74,751.4935,10305.484473
LINKUSDT,candle5m,SPOT,2025-06-10T21:25:04.402191,1749430200000,13.74,13.74,13.71,13.74,1498.4402,20564.201547
LINKUSDT,candle5m,SPOT,2025-06-10T21:25:04.402194,1749430500000,13.74,13.75,13.73,13.75,688.1525,9456.539608
TRXUSDT,candle5m,SPOT,2025-06-10T21:25:06.017166,1749415800000,0.283,0.283,0.2827,0.2828,52023.701,14716.22185863
TRXUSDT,candle5m,SPOT,2025-06-10T21:25:06.017178,1749416100000,0.2828,0.2829,0.2828,0.2829,42821.8513,12112.05331306
TRXUSDT,candle5m,SPOT,2025-06-10T21:25:06.017180,1749416400000,0.2829,0.2829,0.2827,0.2827,27178.7119,7686.01681868
TRXUSDT,candle5m,SPOT,2025-06-10T21:25:06.017182,1749416700000,0.2827,0.2828,0.2819,0.2821,83538.6996,23581.62687871
TRXUSDT,candle5m,SPOT,2025-06-10T21:25:06.017183,1749417000000,0.2821,0.2825,0.282,0.2824,202433.5217,57135.42522129
TRXUSDT,candle5m,SPOT,2025-06-10T21:25:06.017185,1749417300000,0.2824,0.2825,0.282,0.2823,50411.8941,14225.60466466
TRXUSDT,candle5m,SPOT,2025-06-10T21:25:06.017186,1749417600000,0.2823,0.2823,0.2822,0.2822,73754.8986,20817.35195169
TRXUSDT,candle5m,SPOT,2025-06-10T21:25:06.017187,1749417900000,0.2822,0.2824,0.2822,0.2823,19007.0528,5365.40762465
TRXUSDT,candle5m,SPOT,2025-06-10T21:25:06.017189,1749418200000,0.2823,0.2824,0.282,0.2822,51281.5106,14469.9447991
TRXUSDT,candle5m,SPOT,2025-06-10T21:25:06.017190,1749418500000,0.2822,0.2822,0.282,0.2821,49746.8166,14031.92404982
TRXUSDT,candle5m,SPOT,2025-06-10T21:25:06.017192,1749418800000,0.2821,0.2821,0.2819,0.2821,17650.8702,4977.44406207
TRXUSDT,candle5m,SPOT,2025-06-10T21:25:06.017193,1749419100000,0.2821,0.2821,0.2819,0.282,42276.207,11921.91170952
TRXUSDT,candle5m,SPOT,2025-06-10T21:25:06.017194,1749419400000,0.282,0.2823,0.2819,0.2822,29065.4806,8199.39247733
TRXUSDT,candle5m,SPOT,2025-06-10T21:25:06.017195,1749419700000,0.2822,0.2823,0.2819,0.2819,41855.2409,11810.08773237
TRXUSDT,candle5m,SPOT,2025-06-10T21:25:06.017197,1749420000000,0.2819,0.2821,0.2816,0.2817,36081.2565,10167.59399541
TRXUSDT,candle5m,SPOT,2025-06-10T21:25:06.017198,1749420300000,0.2817,0.282,0.2815,0.2816,143793.6956,40521.79325397
TRXUSDT,candle5m,SPOT,2025-06-10T21:25:06.017199,1749420600000,0.2816,0.2818,0.2815,0.2817,129502.5794,36470.35233632
TRXUSDT,candle5m,SPOT,2025-06-10T21:25:06.017201,1749420900000,0.2817,0.282,0.2816,0.2819,92236.1502,25991.55918719
TRXUSDT,candle5m,SPOT,2025-06-10T21:25:06.017202,1749421200000,0.2819,0.2819,0.2816,0.2816,48694.2556,13717.98459294
TRXUSDT,candle5m,SPOT,2025-06-10T21:25:06.017203,1749421500000,0.2816,0.2817,0.2815,0.2817,27217.7523,7664.21784306
TRXUSDT,candle5m,SPOT,2025-06-10T21:25:06.017205,1749421800000,0.2817,0.2821,0.2816,0.2821,165904.9065,46740.0184191
TRXUSDT,candle5m,SPOT,2025-06-10T21:25:06.017206,1749422100000,0.2821,0.2824,0.2819,0.2822,93623.3524,26415.56945035
TRXUSDT,candle5m,SPOT,2025-06-10T21:25:06.017208,1749422400000,0.2822,0.2828,0.2821,0.2822,145993.2355,41214.28086167
TRXUSDT,candle5m,SPOT,2025-06-10T21:25:06.017209,1749422700000,0.2822,0.2822,0.282,0.2821,214898.5607,60628.28667785
TRXUSDT,candle5m,SPOT,2025-06-10T21:25:06.017210,1749423000000,0.2821,0.2821,0.2818,0.2821,83368.5398,23504.00014607
TRXUSDT,candle5m,SPOT,2025-06-10T21:25:06.017211,1749423300000,0.2821,0.2821,0.2818,0.2819,60337.4346,17016.65955989
TRXUSDT,candle5m,SPOT,2025-06-10T21:25:06.017213,1749423600000,0.2819,0.2819,0.2815,0.2817,44658.2409,12579.03268355
TRXUSDT,candle5m,SPOT,2025-06-10T21:25:06.017214,1749423900000,0.2817,0.2818,0.2816,0.2818,88630.2757,24965.43714957
TRXUSDT,candle5m,SPOT,2025-06-10T21:25:06.017215,1749424200000,0.2818,0.2823,0.2817,0.2821,30165.3225,8507.15744354
TRXUSDT,candle5m,SPOT,2025-06-10T21:25:06.017217,1749424500000,0.2821,0.2822,0.282,0.2821,55622.0083,15689.41199979
TRXUSDT,candle5m,SPOT,2025-06-10T21:25:06.017218,1749424800000,0.2821,0.2821,0.2817,0.2818,46001.6041,12967.62042594
TRXUSDT,candle5m,SPOT,2025-06-10T21:25:06.017219,1749425100000,0.2818,0.282,0.2817,0.282,46078.5911,12988.87657227
TRXUSDT,candle5m,SPOT,2025-06-10T21:25:06.017221,1749425400000,0.282,0.2821,0.2817,0.2817,24370.0406,6869.00684762
TRXUSDT,candle5m,SPOT,2025-06-10T21:25:06.017222,1749425700000,0.2817,0.2819,0.2817,0.2819,50728.1487,14293.40048951
TRXUSDT,candle5m,SPOT,2025-06-10T21:25:06.017223,1749426000000,0.2819,0.282,0.2816,0.2819,35118.5871,9895.36356928
TRXUSDT,candle5m,SPOT,2025-06-10T21:25:06.017224,1749426300000,0.2819,0.2821,0.2817,0.2819,100899.5951,28442.03251514
TRXUSDT,candle5m,SPOT,2025-06-10T21:25:06.017226,1749426600000,0.2819,0.282,0.2817,0.2817,60214.5833,16970.52677879
TRXUSDT,candle5m,SPOT,2025-06-10T21:25:06.017227,1749426900000,0.2817,0.2818,0.2816,0.2818,34874.7096,9824.85411105
TRXUSDT,candle5m,SPOT,2025-06-10T21:25:06.017228,1749427200000,0.2818,0.2819,0.2816,0.2817,55707.9324,15694.95653769
TRXUSDT,candle5m,SPOT,2025-06-10T21:25:06.017229,1749427500000,0.2817,0.2818,0.2814,0.2818,74376.8568,20936.61929872
TRXUSDT,candle5m,SPOT,2025-06-10T21:25:06.017231,1749427800000,0.2818,0.2821,0.2816,0.2817,111671.9683,31480.90658404
TRXUSDT,candle5m,SPOT,2025-06-10T21:25:06.017232,1749428100000,0.2817,0.282,0.2816,0.2817,49567.2596,13964.18862199
TRXUSDT,candle5m,SPOT,2025-06-10T21:25:06.017233,1749428400000,0.2817,0.282,0.2816,0.2819,32131.4127,9053.17218885
TRXUSDT,candle5m,SPOT,2025-06-10T21:25:06.017235,1749428700000,0.2819,0.2823,0.2818,0.282,75436.2341,21275.50069955
TRXUSDT,candle5m,SPOT,2025-06-10T21:25:06.017236,1749429000000,0.282,0.282,0.2818,0.2819,117563.7136,33139.56615388
TRXUSDT,candle5m,SPOT,2025-06-10T21:25:06.017237,1749429300000,0.2819,0.282,0.2818,0.2819,57442.4656,16195.14606393
TRXUSDT,candle5m,SPOT,2025-06-10T21:25:06.017239,1749429600000,0.2819,0.2825,0.2819,0.2823,32037.424,9040.84066099
TRXUSDT,candle5m,SPOT,2025-06-10T21:25:06.017240,1749429900000,0.2823,0.2825,0.2821,0.2823,157560.3803,44469.27824881
TRXUSDT,candle5m,SPOT,2025-06-10T21:25:06.017241,1749430200000,0.2823,0.2823,0.2819,0.282,81090.1299,22872.77138801
TRXUSDT,candle5m,SPOT,2025-06-10T21:25:06.017242,1749430500000,0.282,0.2821,0.2819,0.2819,50738.9775,14306.8917923
XRPUSDT,candle5m,SPOT,2025-06-10T21:25:07.544097,1749415800000,2.2834,2.2844,2.2808,2.2827,123609.934,282190.8385345
XRPUSDT,candle5m,SPOT,2025-06-10T21:25:07.544116,1749416100000,2.2827,2.2831,2.2795,2.281,66137.3869,150850.65573838
XRPUSDT,candle5m,SPOT,2025-06-10T21:25:07.544119,1749416400000,2.281,2.2835,2.2803,2.2814,57087.1478,130289.3025886
XRPUSDT,candle5m,SPOT,2025-06-10T21:25:07.544122,1749416700000,2.2814,2.288,2.2807,2.2812,89790.8099,205062.6891327
XRPUSDT,candle5m,SPOT,2025-06-10T21:25:07.544124,1749417000000,2.2812,2.2819,2.2763,2.2764,107235.4273,244359.60441446
XRPUSDT,candle5m,SPOT,2025-06-10T21:25:07.544127,1749417300000,2.2764,2.2789,2.2754,2.278,122243.2201,278427.83087032
XRPUSDT,candle5m,SPOT,2025-06-10T21:25:07.544129,1749417600000,2.278,2.2826,2.2777,2.2815,71978.5927,164128.90613398
XRPUSDT,candle5m,SPOT,2025-06-10T21:25:07.544132,1749417900000,2.2815,2.2844,2.2811,2.2812,32753.7506,74777.64486244
XRPUSDT,candle5m,SPOT,2025-06-10T21:25:07.544134,1749418200000,2.2812,2.2822,2.2777,2.2778,35741.815,81490.17233054
XRPUSDT,candle5m,SPOT,2025-06-10T21:25:07.544137,1749418500000,2.2778,2.2796,2.2773,2.2794,22060.3116,50274.36482897
XRPUSDT,candle5m,SPOT,2025-06-10T21:25:07.544139,1749418800000,2.2794,2.2818,2.2786,2.2808,23515.3539,53607.52359973
XRPUSDT,candle5m,SPOT,2025-06-10T21:25:07.544142,1749419100000,2.2808,2.2808,2.2787,2.2797,23783.421,54222.76385802
XRPUSDT,candle5m,SPOT,2025-06-10T21:25:07.544145,1749419400000,2.2797,2.2818,2.2789,2.2795,33659.7602,76733.83596416
XRPUSDT,candle5m,SPOT,2025-06-10T21:25:07.544147,1749419700000,2.2795,2.2796,2.2729,2.2729,199904.6523,454938.22574371
XRPUSDT,candle5m,SPOT,2025-06-10T21:25:07.544149,1749420000000,2.2729,2.2745,2.2684,2.2704,207074.6464,470317.56376479
XRPUSDT,candle5m,SPOT,2025-06-10T21:25:07.544152,1749420300000,2.2704,2.2714,2.266,2.2669,109328.9567,248076.63651784
XRPUSDT,candle5m,SPOT,2025-06-10T21:25:07.544154,1749420600000,2.2669,2.2713,2.2659,2.2679,205135.6603,465395.90219013
XRPUSDT,candle5m,SPOT,2025-06-10T21:25:07.544157,1749420900000,2.2679,2.273,2.2679,2.2703,158775.1309,360622.04930983
XRPUSDT,candle5m,SPOT,2025-06-10T21:25:07.544160,1749421200000,2.2703,2.2724,2.2696,2.2704,75417.7813,171249.32789309
XRPUSDT,candle5m,SPOT,2025-06-10T21:25:07.544162,1749421500000,2.2704,2.2705,2.2657,2.2674,101584.0241,230315.47974511
XRPUSDT,candle5m,SPOT,2025-06-10T21:25:07.544165,1749421800000,2.2674,2.2677,2.2647,2.2654,121580.4267,275518.6099471
XRPUSDT,candle5m,SPOT,2025-06-10T21:25:07.544167,1749422100000,2.2654,2.2654,2.2615,2.2624,251075.1724,568175.54367947
XRPUSDT,candle5m,SPOT,2025-06-10T21:25:07.544169,1749422400000,2.2624,2.2633,2.2594,2.2626,197517.7875,446679.12560708
XRPUSDT,candle5m,SPOT,2025-06-10T21:25:07.544172,1749422700000,2.2626,2.2627,2.2568,2.2575,105677.0771,238947.40463734
XRPUSDT,candle5m,SPOT,2025-06-10T21:25:07.544174,1749423000000,2.2575,2.2605,2.2545,2.2593,171856.1617,388034.16468576
XRPUSDT,candle5m,SPOT,2025-06-10T21:25:07.544176,1749423300000,2.2593,2.2607,2.2581,2.2585,105971.7804,239440.1885086
XRPUSDT,candle5m,SPOT,2025-06-10T21:25:07.544179,1749423600000,2.2585,2.2608,2.2567,2.2594,104762.4457,236661.57349941
XRPUSDT,candle5m,SPOT,2025-06-10T21:25:07.544181,1749423900000,2.2594,2.2634,2.2557,2.256,152229.3178,343923.59126512
XRPUSDT,candle5m,SPOT,2025-06-10T21:25:07.544184,1749424200000,2.256,2.2591,2.2548,2.2591,88436.0923,199559.56035649
XRPUSDT,candle5m,SPOT,2025-06-10T21:25:07.544186,1749424500000,2.2591,2.2635,2.2589,2.2629,78149.4133,176702.0229337
XRPUSDT,candle5m,SPOT,2025-06-10T21:25:07.544189,1749424800000,2.2629,2.2643,2.26,2.2609,91874.2294,207859.19130395
XRPUSDT,candle5m,SPOT,2025-06-10T21:25:07.544191,1749425100000,2.2609,2.2623,2.2566,2.2592,64872.918,146547.94011067
XRPUSDT,candle5m,SPOT,2025-06-10T21:25:07.544193,1749425400000,2.2592,2.2629,2.258,2.2609,57740.8443,130528.33090397
XRPUSDT,candle5m,SPOT,2025-06-10T21:25:07.544196,1749425700000,2.2609,2.2622,2.259,2.2596,46566.5129,105262.77519544
XRPUSDT,candle5m,SPOT,2025-06-10T21:25:07.544198,1749426000000,2.2596,2.2651,2.2596,2.2636,62693.298,141882.50693414
XRPUSDT,candle5m,SPOT,2025-06-10T21:25:07.544201,1749426300000,2.2636,2.2649,2.2617,2.2632,44609.3286,100976.89726205
XRPUSDT,candle5m,SPOT,2025-06-10T21:25:07.544203,1749426600000,2.2632,2.2674,2.2618,2.2661,130271.8794,294972.04154012
XRPUSDT,candle5m,SPOT,2025-06-10T21:25:07.544205,1749426900000,2.2661,2.2666,2.2626,2.2665,147514.0645,334049.314308
XRPUSDT,candle5m,SPOT,2025-06-10T21:25:07.544208,1749427200000,2.2665,2.2676,2.2626,2.267,111253.7318,252031.55014597
XRPUSDT,candle5m,SPOT,2025-06-10T21:25:07.544210,1749427500000,2.267,2.267,2.2604,2.2621,105591.1664,238931.71542683
XRPUSDT,candle5m,SPOT,2025-06-10T21:25:07.544213,1749427800000,2.2621,2.2645,2.2613,2.2632,93755.0767,212143.99724984
XRPUSDT,candle5m,SPOT,2025-06-10T21:25:07.544215,1749428100000,2.2632,2.2637,2.2584,2.2595,47918.5967,108346.96279652
XRPUSDT,candle5m,SPOT,2025-06-10T21:25:07.544218,1749428400000,2.2595,2.2624,2.2558,2.2609,77466.3338,174917.75070511
XRPUSDT,candle5m,SPOT,2025-06-10T21:25:07.544220,1749428700000,2.2609,2.2643,2.2577,2.2597,104750.9236,236864.30835572
XRPUSDT,candle5m,SPOT,2025-06-10T21:25:07.544222,1749429000000,2.2597,2.2638,2.2596,2.2614,45277.399,102389.44196231
XRPUSDT,candle5m,SPOT,2025-06-10T21:25:07.544225,1749429300000,2.2614,2.2647,2.2584,2.2593,81834.8988,185160.53502846
XRPUSDT,candle5m,SPOT,2025-06-10T21:25:07.544227,1749429600000,2.2593,2.2633,2.2585,2.2621,78602.7688,177714.2933262
XRPUSDT,candle5m,SPOT,2025-06-10T21:25:07.544229,1749429900000,2.2621,2.2647,2.2569,2.2645,60912.1228,137704.11421779
XRPUSDT,candle5m,SPOT,2025-06-10T21:25:07.544232,1749430200000,2.2645,2.2646,2.2598,2.2607,47845.157,108205.01677935
XRPUSDT,candle5m,SPOT,2025-06-10T21:25:07.544234,1749430500000,2.2607,2.2607,2.2587,2.2596,29938.0635,67649.41740103
BTCUSDT,candle5m,SPOT,2025-06-10T21:25:09.223200,1749415800000,106211.98,106211.98,106151,106151,12.000128,1274470.71767828
BTCUSDT,candle5m,SPOT,2025-06-10T21:25:09.223211,1749416100000,106151,106172.01,106112,106124.6,7.7181,819115.07185638
BTCUSDT,candle5m,SPOT,2025-06-10T21:25:09.223214,1749416400000,106124.6,106172.01,106124.6,106172.01,3.947427,419007.16995327
BTCUSDT,candle5m,SPOT,2025-06-10T21:25:09.223215,1749416700000,106172.01,106184.66,106160.81,106184.65,2.923498,310380.829239
BTCUSDT,candle5m,SPOT,2025-06-10T21:25:09.223217,1749417000000,106184.65,106221.83,106184.63,106221.83,9.807096,1041377.81358005
BTCUSDT,candle5m,SPOT,2025-06-10T21:25:09.223219,1749417300000,106221.83,106256.01,106198.5,106256,7.810014,829462.45718499
BTCUSDT,candle5m,SPOT,2025-06-10T21:25:09.223220,1749417600000,106256,106265.8,106256,106265.8,5.163761,548725.61325063
BTCUSDT,candle5m,SPOT,2025-06-10T21:25:09.223222,1749417900000,106265.8,106297.2,106265.79,106292.04,5.559426,590931.52368044
BTCUSDT,candle5m,SPOT,2025-06-10T21:25:09.223225,1749418200000,106292.04,106292.05,106284.2,106284.21,3.305654,351364.61228549
BTCUSDT,candle5m,SPOT,2025-06-10T21:25:09.223227,1749418500000,106284.21,106284.21,106246.58,106246.59,5.433253,577406.95469015
BTCUSDT,candle5m,SPOT,2025-06-10T21:25:09.223231,1749418800000,106246.59,106266.81,106231.84,106266.8,2.223171,236203.10808223
BTCUSDT,candle5m,SPOT,2025-06-10T21:25:09.223233,1749419100000,106266.8,106299.19,106266.8,106299.18,2.126145,226006.09799631
BTCUSDT,candle5m,SPOT,2025-06-10T21:25:09.223234,1749419400000,106299.18,106466.51,106299.18,106409.47,22.100432,2351479.68118193
BTCUSDT,candle5m,SPOT,2025-06-10T21:25:09.223236,1749419700000,106409.47,106433.7,106314.89,106319,26.022093,2769047.49278437
BTCUSDT,candle5m,SPOT,2025-06-10T21:25:09.223237,1749420000000,106319,106348.88,106089,106089.01,21.358065,2267757.80151492
BTCUSDT,candle5m,SPOT,2025-06-10T21:25:09.223239,1749420300000,106089.01,106124.26,105957.21,105985.19,14.622124,1551262.63083193
BTCUSDT,candle5m,SPOT,2025-06-10T21:25:09.223240,1749420600000,105985.19,106042.37,105912.2,105944.99,41.355998,4383349.02484157
BTCUSDT,candle5m,SPOT,2025-06-10T21:25:09.223242,1749420900000,105944.99,106058.89,105934.99,106025.93,14.501214,1537315.92361918
BTCUSDT,candle5m,SPOT,2025-06-10T21:25:09.223245,1749421200000,106025.93,106100,106025.92,106099.99,7.180158,761518.6289429
BTCUSDT,candle5m,SPOT,2025-06-10T21:25:09.223246,1749421500000,106099.99,106100,105898.78,105998.27,17.655352,1870380.95253684
BTCUSDT,candle5m,SPOT,2025-06-10T21:25:09.223248,1749421800000,105998.27,106006.72,105934.59,105968.95,16.241639,1721120.32065375
BTCUSDT,candle5m,SPOT,2025-06-10T21:25:09.223249,1749422100000,105968.95,105968.96,105760.57,105806.96,21.446773,2269382.48942161
BTCUSDT,candle5m,SPOT,2025-06-10T21:25:09.223251,1749422400000,105806.96,105913.36,105806.95,105896.02,18.256955,1932708.97714187
BTCUSDT,candle5m,SPOT,2025-06-10T21:25:09.223252,1749422700000,105896.02,105896.02,105711.84,105732.74,8.91257,943067.63930051
BTCUSDT,candle5m,SPOT,2025-06-10T21:25:09.223253,1749423000000,105732.74,105804.75,105732.18,105769.01,27.535278,2912265.09114111
BTCUSDT,candle5m,SPOT,2025-06-10T21:25:09.223255,1749423300000,105769.01,105769.01,105739,105766.06,5.525857,584412.57360487
BTCUSDT,candle5m,SPOT,2025-06-10T21:25:09.223256,1749423600000,105766.06,105779.24,105665,105683.28,17.661482,1867373.29770389
BTCUSDT,candle5m,SPOT,2025-06-10T21:25:09.223258,1749423900000,105683.28,105787.51,105661.95,105661.95,19.297456,2039857.14915138
BTCUSDT,candle5m,SPOT,2025-06-10T21:25:09.223261,1749424200000,105661.95,105673.77,105614.77,105670.14,12.092348,1277277.03720763
BTCUSDT,candle5m,SPOT,2025-06-10T21:25:09.223262,1749424500000,105670.14,105708.06,105587,105704.09,9.382756,991324.83619804
BTCUSDT,candle5m,SPOT,2025-06-10T21:25:09.223264,1749424800000,105704.09,105745.78,105587.17,105594.55,15.467849,1634410.1004442
BTCUSDT,candle5m,SPOT,2025-06-10T21:25:09.223265,1749425100000,105594.55,105681.58,105577.78,105681.58,9.59461,1013314.29634075
BTCUSDT,candle5m,SPOT,2025-06-10T21:25:09.223267,1749425400000,105681.58,105784.67,105681.57,105700.56,16.948676,1791911.97944692
BTCUSDT,candle5m,SPOT,2025-06-10T21:25:09.223268,1749425700000,105700.56,105754.58,105680.99,105701.18,20.6594,2183884.99518612
BTCUSDT,candle5m,SPOT,2025-06-10T21:25:09.223269,1749426000000,105701.18,105750.02,105676,105687,7.919002,837034.79793222
BTCUSDT,candle5m,SPOT,2025-06-10T21:25:09.223271,1749426300000,105687,105700,105646.28,105646.31,6.486461,685451.14816509
BTCUSDT,candle5m,SPOT,2025-06-10T21:25:09.223272,1749426600000,105646.31,105675.25,105638,105672.49,7.380464,779752.5561026
BTCUSDT,candle5m,SPOT,2025-06-10T21:25:09.223273,1749426900000,105672.49,105769.78,105624.01,105730.52,9.62513,1017553.86640367
BTCUSDT,candle5m,SPOT,2025-06-10T21:25:09.223275,1749427200000,105730.52,105790.89,105686,105733.97,19.789085,2092331.59234769
BTCUSDT,candle5m,SPOT,2025-06-10T21:25:09.223278,1749427500000,105733.97,105753.88,105618,105715,20.089343,2123467.20336517
BTCUSDT,candle5m,SPOT,2025-06-10T21:25:09.223279,1749427800000,105715,105763.24,105680,105684.8,10.569074,1117427.63580318
BTCUSDT,candle5m,SPOT,2025-06-10T21:25:09.223281,1749428100000,105684.8,105789.07,105666,105698,11.715496,1238529.92254741
BTCUSDT,candle5m,SPOT,2025-06-10T21:25:09.223282,1749428400000,105698,105751.5,105609,105716.01,14.010523,1480627.38145117
BTCUSDT,candle5m,SPOT,2025-06-10T21:25:09.223284,1749428700000,105716.01,105856.9,105618,105775.75,20.236542,2140222.77015885
BTCUSDT,candle5m,SPOT,2025-06-10T21:25:09.223285,1749429000000,105775.75,105960.64,105775.75,105938.37,17.788707,1882926.70220616
BTCUSDT,candle5m,SPOT,2025-06-10T21:25:09.223286,1749429300000,105938.37,105957.84,105717.11,105717.11,17.896958,1895528.1146204
BTCUSDT,candle5m,SPOT,2025-06-10T21:25:09.223288,1749429600000,105717.11,105800.27,105715,105780.1,16.960833,1793766.59658119
BTCUSDT,candle5m,SPOT,2025-06-10T21:25:09.223289,1749429900000,105780.1,105780.1,105628,105708.59,21.258767,2246430.85573096
BTCUSDT,candle5m,SPOT,2025-06-10T21:25:09.223291,1749430200000,105708.59,105718.92,105646,105718.92,8.473159,895507.70991754
BTCUSDT,candle5m,SPOT,2025-06-10T21:25:09.223292,1749430500000,105718.92,105721.5,105668,105699.32,7.812309,825683.58416614
ETHUSDT,candle5m,SPOT,2025-06-10T21:25:10.870810,1749415800000,2532.45,2532.69,2529.46,2531.45,122.9161,311228.179132
ETHUSDT,candle5m,SPOT,2025-06-10T21:25:10.870822,1749416100000,2531.45,2531.82,2529.22,2531.16,207.6437,525495.221435
ETHUSDT,candle5m,SPOT,2025-06-10T21:25:10.870825,1749416400000,2531.16,2534.61,2531.15,2534.6,166.1478,420743.311903
ETHUSDT,candle5m,SPOT,2025-06-10T21:25:10.870827,1749416700000,2534.6,2535.76,2533.74,2535.27,147.4705,373879.556182
ETHUSDT,candle5m,SPOT,2025-06-10T21:25:10.870829,1749417000000,2535.27,2535.79,2535.06,2535.38,174.4681,442335.410237
ETHUSDT,candle5m,SPOT,2025-06-10T21:25:10.870831,1749417300000,2535.38,2535.8,2532.65,2535.8,126.8525,321500.544176
ETHUSDT,candle5m,SPOT,2025-06-10T21:25:10.870832,1749417600000,2535.8,2536.57,2534.47,2534.55,155.6521,394588.173044
ETHUSDT,candle5m,SPOT,2025-06-10T21:25:10.870835,1749417900000,2534.55,2535,2534.2,2534.59,99.7525,252837.207409
ETHUSDT,candle5m,SPOT,2025-06-10T21:25:10.870836,1749418200000,2534.59,2534.6,2532.63,2532.92,76.463,193710.936217
ETHUSDT,candle5m,SPOT,2025-06-10T21:25:10.870838,1749418500000,2532.92,2533.29,2532.24,2533.21,184.2155,466532.876631
ETHUSDT,candle5m,SPOT,2025-06-10T21:25:10.870840,1749418800000,2533.21,2535.33,2533.2,2535,120.4637,305286.366688
ETHUSDT,candle5m,SPOT,2025-06-10T21:25:10.870842,1749419100000,2535,2539.52,2535,2539.07,85.1086,215893.684221
ETHUSDT,candle5m,SPOT,2025-06-10T21:25:10.870844,1749419400000,2539.07,2548.22,2539.05,2544.31,920.0923,2341575.68643
ETHUSDT,candle5m,SPOT,2025-06-10T21:25:10.870845,1749419700000,2544.31,2544.7,2537.33,2538.26,570.5434,1450281.943084
ETHUSDT,candle5m,SPOT,2025-06-10T21:25:10.870847,1749420000000,2538.26,2540.04,2532.68,2534.27,564.025,1430160.522562
ETHUSDT,candle5m,SPOT,2025-06-10T21:25:10.870849,1749420300000,2534.27,2535.74,2524.73,2526.21,1205.9363,3053434.35965
ETHUSDT,candle5m,SPOT,2025-06-10T21:25:10.870850,1749420600000,2526.21,2529.99,2519.19,2520.27,2615.8267,6606587.887313
ETHUSDT,candle5m,SPOT,2025-06-10T21:25:10.870855,1749420900000,2520.27,2524.96,2520.24,2523.27,843.9185,2128614.394861
ETHUSDT,candle5m,SPOT,2025-06-10T21:25:10.870857,1749421200000,2523.27,2527.91,2523.26,2526.69,380.6122,961280.508178
ETHUSDT,candle5m,SPOT,2025-06-10T21:25:10.870858,1749421500000,2526.69,2526.7,2515.79,2518.55,526.9679,1327623.866949
ETHUSDT,candle5m,SPOT,2025-06-10T21:25:10.870860,1749421800000,2518.55,2520.86,2513.3,2516.39,2049.554,5159591.9252
ETHUSDT,candle5m,SPOT,2025-06-10T21:25:10.870862,1749422100000,2516.39,2516.49,2502.42,2506.98,3717.4397,9323261.115378
ETHUSDT,candle5m,SPOT,2025-06-10T21:25:10.870864,1749422400000,2506.98,2513.74,2506.35,2512.96,1012.1246,2539169.942625
ETHUSDT,candle5m,SPOT,2025-06-10T21:25:10.870865,1749422700000,2512.96,2514.1,2503,2506.35,891.5819,2236828.679219
ETHUSDT,candle5m,SPOT,2025-06-10T21:25:10.870867,1749423000000,2506.35,2507.46,2501.48,2507.09,1435.3308,3595242.727411
ETHUSDT,candle5m,SPOT,2025-06-10T21:25:10.870869,1749423300000,2507.09,2508.68,2506.15,2508.32,307.2083,770245.303538
ETHUSDT,candle5m,SPOT,2025-06-10T21:25:10.870871,1749423600000,2508.32,2508.32,2501.47,2502.33,470.4092,1178517.092609
ETHUSDT,candle5m,SPOT,2025-06-10T21:25:10.870874,1749423900000,2502.33,2508.24,2502.33,2507.03,878.9471,2202783.134934
ETHUSDT,candle5m,SPOT,2025-06-10T21:25:10.870876,1749424200000,2507.03,2510.84,2504.62,2510.02,210.9612,528922.377479
ETHUSDT,candle5m,SPOT,2025-06-10T21:25:10.870878,1749424500000,2510.02,2512.37,2507,2512.37,334.5029,839800.865101
ETHUSDT,candle5m,SPOT,2025-06-10T21:25:10.870880,1749424800000,2512.37,2514.04,2506.73,2507.81,494.7674,1242948.339938
ETHUSDT,candle5m,SPOT,2025-06-10T21:25:10.870881,1749425100000,2507.81,2509.64,2505.32,2509.64,164.3756,412130.477342
ETHUSDT,candle5m,SPOT,2025-06-10T21:25:10.870883,1749425400000,2509.64,2512.74,2509.07,2510.14,656.7331,1648923.305578
ETHUSDT,candle5m,SPOT,2025-06-10T21:25:10.870886,1749425700000,2510.14,2511.21,2507.72,2508.21,286.4967,718944.672413
ETHUSDT,candle5m,SPOT,2025-06-10T21:25:10.870887,1749426000000,2508.21,2509.67,2506.63,2508.26,519.5546,1303064.208215
ETHUSDT,candle5m,SPOT,2025-06-10T21:25:10.870889,1749426300000,2508.26,2510.15,2507.83,2508.47,86.04,215844.423552
ETHUSDT,candle5m,SPOT,2025-06-10T21:25:10.870891,1749426600000,2508.47,2509.95,2507.1,2509.16,167.472,420159.286253
ETHUSDT,candle5m,SPOT,2025-06-10T21:25:10.870896,1749426900000,2509.16,2511,2506.77,2510.54,175.7251,440915.917715
ETHUSDT,candle5m,SPOT,2025-06-10T21:25:10.870898,1749427200000,2510.54,2512.43,2508.86,2510.81,175.0656,439538.793847
ETHUSDT,candle5m,SPOT,2025-06-10T21:25:10.870900,1749427500000,2510.81,2511.85,2505,2508.53,393.3061,986519.392615
ETHUSDT,candle5m,SPOT,2025-06-10T21:25:10.870901,1749427800000,2508.53,2511.25,2507.49,2508.18,273.1546,685400.571351
ETHUSDT,candle5m,SPOT,2025-06-10T21:25:10.870903,1749428100000,2508.18,2510.75,2506.28,2508.03,173.2865,434682.568319
ETHUSDT,candle5m,SPOT,2025-06-10T21:25:10.870905,1749428400000,2508.03,2509.05,2502.34,2504.44,400.0126,1001966.507925
ETHUSDT,candle5m,SPOT,2025-06-10T21:25:10.870907,1749428700000,2504.44,2509.4,2501.06,2506.65,1485.2621,3719818.879321
ETHUSDT,candle5m,SPOT,2025-06-10T21:25:10.870908,1749429000000,2506.65,2510.7,2505.91,2509.9,457.9589,1148530.466049
ETHUSDT,candle5m,SPOT,2025-06-10T21:25:10.870910,1749429300000,2509.9,2511.34,2501.78,2501.78,214.1657,537319.450561
ETHUSDT,candle5m,SPOT,2025-06-10T21:25:10.870912,1749429600000,2501.78,2505.81,2501.78,2504.01,300.6255,752727.107334
ETHUSDT,candle5m,SPOT,2025-06-10T21:25:10.870915,1749429900000,2504.01,2504.02,2495.59,2502.11,1883.8849,4709682.260103
ETHUSDT,candle5m,SPOT,2025-06-10T21:25:10.870917,1749430200000,2502.11,2503.66,2499.64,2503.66,514.2452,1286362.647711
ETHUSDT,candle5m,SPOT,2025-06-10T21:25:10.870919,1749430500000,2503.66,2505.51,2503.1,2505.5,199.394,499292.048151
BNBUSDT,candle5m,SPOT,2025-06-10T21:25:12.438743,1749415800000,654.5,654.6,654.3,654.6,0.1854,121.35722
BNBUSDT,candle5m,SPOT,2025-06-10T21:25:12.438762,1749416100000,654.6,654.6,654.2,654.2,0.0358,23.42144
BNBUSDT,candle5m,SPOT,2025-06-10T21:25:12.438767,1749416400000,654.2,655.6,654.2,655.6,0.6626,433.92616
BNBUSDT,candle5m,SPOT,2025-06-10T21:25:12.438770,1749416700000,655.6,656.1,655.6,655.9,102.4233,67192.10924
BNBUSDT,candle5m,SPOT,2025-06-10T21:25:12.438773,1749417000000,655.9,656.1,655.7,655.7,28.4839,18688.06486
BNBUSDT,candle5m,SPOT,2025-06-10T21:25:12.438775,1749417300000,655.7,656,655.7,655.9,0.3005,197.1167
BNBUSDT,candle5m,SPOT,2025-06-10T21:25:12.438778,1749417600000,655.9,656.1,655.7,656,0.5429,356.08625
BNBUSDT,candle5m,SPOT,2025-06-10T21:25:12.438781,1749417900000,656,656,655.8,655.9,0.2323,152.36357
BNBUSDT,candle5m,SPOT,2025-06-10T21:25:12.438784,1749418200000,655.9,656.1,655.7,655.8,1.1695,767.09036
BNBUSDT,candle5m,SPOT,2025-06-10T21:25:12.438787,1749418500000,655.8,655.9,655.6,655.7,0.366,239.97187
BNBUSDT,candle5m,SPOT,2025-06-10T21:25:12.438789,1749418800000,655.7,655.9,655.6,655.7,0.5316,348.56639
BNBUSDT,candle5m,SPOT,2025-06-10T21:25:12.438792,1749419100000,655.7,655.9,655.5,655.6,0.5782,379.13998
BNBUSDT,candle5m,SPOT,2025-06-10T21:25:12.438794,1749419400000,655.6,656.2,655.6,656.2,0.23,150.85251
BNBUSDT,candle5m,SPOT,2025-06-10T21:25:12.438797,1749419700000,656.2,656.3,655.3,655.3,0.5149,337.68361
BNBUSDT,candle5m,SPOT,2025-06-10T21:25:12.438800,1749420000000,655.3,655.3,654.4,654.8,0.799,523.15847
BNBUSDT,candle5m,SPOT,2025-06-10T21:25:12.438802,1749420300000,654.8,654.8,654,654,1.011,661.84946
BNBUSDT,candle5m,SPOT,2025-06-10T21:25:12.438805,1749420600000,654,654.2,654,654.2,0.0379,24.79418
BNBUSDT,candle5m,SPOT,2025-06-10T21:25:12.438807,1749420900000,654.2,654.2,653.8,653.9,0.0408,26.67757
BNBUSDT,candle5m,SPOT,2025-06-10T21:25:12.438822,1749421200000,653.9,654,653.8,654,6.0153,3933.06188
BNBUSDT,candle5m,SPOT,2025-06-10T21:25:12.438826,1749421500000,654,654,653.2,653.4,1.3322,870.24778
BNBUSDT,candle5m,SPOT,2025-06-10T21:25:12.438829,1749421800000,653.4,653.4,652.9,653.3,1.7208,1124.13125
BNBUSDT,candle5m,SPOT,2025-06-10T21:25:12.438832,1749422100000,653.3,653.3,652.6,652.7,0.1367,89.2444
BNBUSDT,candle5m,SPOT,2025-06-10T21:25:12.438834,1749422400000,652.7,653,652.7,653,3.1023,2025.06251
BNBUSDT,candle5m,SPOT,2025-06-10T21:25:12.438837,1749422700000,653,653,652.3,652.3,0.1521,99.25983
BNBUSDT,candle5m,SPOT,2025-06-10T21:25:12.438839,1749423000000,652.3,652.5,652.2,652.5,1.5472,1009.33274
BNBUSDT,candle5m,SPOT,2025-06-10T21:25:12.438842,1749423300000,652.5,652.7,652.5,652.6,0.3223,210.31265
BNBUSDT,candle5m,SPOT,2025-06-10T21:25:12.438844,1749423600000,652.6,652.7,652.3,652.3,0.1495,97.52326
BNBUSDT,candle5m,SPOT,2025-06-10T21:25:12.438847,1749423900000,652.3,652.4,651.9,652.1,5.3522,3489.83384
BNBUSDT,candle5m,SPOT,2025-06-10T21:25:12.438849,1749424200000,652.1,652.1,651.9,652.1,7.8765,5135.47962
BNBUSDT,candle5m,SPOT,2025-06-10T21:25:12.438852,1749424500000,652.1,652.3,652.1,652.3,1.0968,715.43328
BNBUSDT,candle5m,SPOT,2025-06-10T21:25:12.438854,1749424800000,652.3,652.3,651.8,651.8,0.1419,92.50338
BNBUSDT,candle5m,SPOT,2025-06-10T21:25:12.438857,1749425100000,651.8,652,651.7,651.7,0.0213,13.8858
BNBUSDT,candle5m,SPOT,2025-06-10T21:25:12.438860,1749425400000,651.7,652.4,651.7,652.2,0.0713,46.50066
BNBUSDT,candle5m,SPOT,2025-06-10T21:25:12.438862,1749425700000,652.2,652.3,652.1,652.1,1.7366,1132.59168
BNBUSDT,candle5m,SPOT,2025-06-10T21:25:12.438865,1749426000000,652.1,652.3,652.1,652.1,1.925,1255.30168
BNBUSDT,candle5m,SPOT,2025-06-10T21:25:12.438867,1749426300000,652.1,652.1,651.9,651.9,0.193,125.85066
BNBUSDT,candle5m,SPOT,2025-06-10T21:25:12.438870,1749426600000,651.9,651.9,651.7,651.7,5.1565,3360.71955
BNBUSDT,candle5m,SPOT,2025-06-10T21:25:12.438872,1749426900000,651.7,651.9,651.6,651.9,0.1276,83.1513
BNBUSDT,candle5m,SPOT,2025-06-10T21:25:12.438875,1749427200000,651.9,652.1,651.9,652.1,0.7322,477.45204
BNBUSDT,candle5m,SPOT,2025-06-10T21:25:12.438877,1749427500000,652.1,652.2,651.7,652.2,0.0573,37.3485
BNBUSDT,candle5m,SPOT,2025-06-10T21:25:12.438880,1749427800000,652.2,652.2,652,652,0.0879,57.3108
BNBUSDT,candle5m,SPOT,2025-06-10T21:25:12.438883,1749428100000,652,652.3,652,652.1,1.2657,825.42931
BNBUSDT,candle5m,SPOT,2025-06-10T21:25:12.438885,1749428400000,652.1,652.1,651.8,651.8,3.0829,2010.04772
BNBUSDT,candle5m,SPOT,2025-06-10T21:25:12.438888,1749428700000,651.8,652.4,651.7,652.4,1.7754,1158.26326
BNBUSDT,candle5m,SPOT,2025-06-10T21:25:12.438890,1749429000000,652.4,652.8,652.4,652.8,0.2948,192.44227
BNBUSDT,candle5m,SPOT,2025-06-10T21:25:12.438893,1749429300000,652.8,653.5,652.8,653.2,0.1876,122.54547
BNBUSDT,candle5m,SPOT,2025-06-10T21:25:12.438896,1749429600000,653.2,653.2,652.4,652.6,0.8726,569.2857
BNBUSDT,candle5m,SPOT,2025-06-10T21:25:12.438898,1749429900000,652.6,652.6,651.7,652.1,1.9826,1293.472
BNBUSDT,candle5m,SPOT,2025-06-10T21:25:12.438901,1749430200000,652.1,652.2,651.8,652.2,0.0576,37.55077
BNBUSDT,candle5m,SPOT,2025-06-10T21:25:12.438903,1749430500000,652.2,652.6,652.2,652.6,1.2218,797.24278
SOLUSDT,candle5m,SPOT,2025-06-10T21:25:14.019938,1749415800000,154.04,154.27,153.92,154.16,7588.4539,1169449.917561
SOLUSDT,candle5m,SPOT,2025-06-10T21:25:14.019955,1749416100000,154.16,154.26,154.04,154.25,2185.3802,336887.575975
SOLUSDT,candle5m,SPOT,2025-06-10T21:25:14.019959,1749416400000,154.25,154.41,154.25,154.32,972.9761,150141.837127
SOLUSDT,candle5m,SPOT,2025-06-10T21:25:14.019962,1749416700000,154.32,154.4,154.25,154.35,670.5252,103472.742444
SOLUSDT,candle5m,SPOT,2025-06-10T21:25:14.019965,1749417000000,154.35,154.38,154.07,154.08,2522.3709,388901.33302
SOLUSDT,candle5m,SPOT,2025-06-10T21:25:14.019970,1749417300000,154.08,154.24,153.97,154.23,2220.2369,342088.680769
SOLUSDT,candle5m,SPOT,2025-06-10T21:25:14.019973,1749417600000,154.23,154.25,154.1,154.13,865.3228,133372.574686
SOLUSDT,candle5m,SPOT,2025-06-10T21:25:14.019976,1749417900000,154.13,154.23,154.13,154.23,537.3671,82857.310819
SOLUSDT,candle5m,SPOT,2025-06-10T21:25:14.019979,1749418200000,154.23,154.25,154.21,154.21,1191.0543,183689.166641
SOLUSDT,candle5m,SPOT,2025-06-10T21:25:14.019982,1749418500000,154.21,154.35,154.03,154.31,1025.0318,158034.090636
SOLUSDT,candle5m,SPOT,2025-06-10T21:25:14.019984,1749418800000,154.31,154.65,154.3,154.6,1614.2178,249328.244678
SOLUSDT,candle5m,SPOT,2025-06-10T21:25:14.019987,1749419100000,154.6,154.73,154.48,154.73,969.359,149822.496415
SOLUSDT,candle5m,SPOT,2025-06-10T21:25:14.019989,1749419400000,154.73,155.24,154.73,154.96,3309.9387,512829.495919
SOLUSDT,candle5m,SPOT,2025-06-10T21:25:14.019992,1749419700000,154.96,155.04,154.39,154.39,2288.9725,354347.515934
SOLUSDT,candle5m,SPOT,2025-06-10T21:25:14.019994,1749420000000,154.39,154.5,154.01,154.09,2600.9881,401130.340023
SOLUSDT,candle5m,SPOT,2025-06-10T21:25:14.019997,1749420300000,154.09,154.27,153.94,153.97,3082.0554,475160.964949
SOLUSDT,candle5m,SPOT,2025-06-10T21:25:14.019999,1749420600000,153.97,154.13,153.78,153.79,3324.7022,511759.095886
SOLUSDT,candle5m,SPOT,2025-06-10T21:25:14.020002,1749420900000,153.79,154.15,153.79,154.13,2476.2458,381430.994462
SOLUSDT,candle5m,SPOT,2025-06-10T21:25:14.020004,1749421200000,154.13,154.28,154.11,154.17,663.9996,102364.213485
SOLUSDT,candle5m,SPOT,2025-06-10T21:25:14.020007,1749421500000,154.17,154.17,153.64,153.71,3134.1514,481951.916984
SOLUSDT,candle5m,SPOT,2025-06-10T21:25:14.020009,1749421800000,153.71,153.79,153.46,153.56,2696.3608,414069.329764
SOLUSDT,candle5m,SPOT,2025-06-10T21:25:14.020011,1749422100000,153.56,153.56,153.09,153.19,4274.292,654757.744105
SOLUSDT,candle5m,SPOT,2025-06-10T21:25:14.020014,1749422400000,153.19,153.48,153.16,153.48,1700.6421,260692.77787
SOLUSDT,candle5m,SPOT,2025-06-10T21:25:14.020016,1749422700000,153.48,153.6,153.11,153.21,2581.4637,395921.161875
SOLUSDT,candle5m,SPOT,2025-06-10T21:25:14.020019,1749423000000,153.21,153.21,152.96,152.98,2527.0207,386836.173173
SOLUSDT,candle5m,SPOT,2025-06-10T21:25:14.020021,1749423300000,152.98,153.05,152.81,152.92,2993.425,457882.091382
SOLUSDT,candle5m,SPOT,2025-06-10T21:25:14.020024,1749423600000,152.92,152.99,152.68,152.71,2619.6457,400445.578147
SOLUSDT,candle5m,SPOT,2025-06-10T21:25:14.020026,1749423900000,152.71,152.89,152.56,152.63,3235.4541,494203.168922
SOLUSDT,candle5m,SPOT,2025-06-10T21:25:14.020029,1749424200000,152.63,152.63,152.44,152.59,3193.9145,487198.342544
SOLUSDT,candle5m,SPOT,2025-06-10T21:25:14.020031,1749424500000,152.59,152.77,152.4,152.66,4876.9122,744292.464754
SOLUSDT,candle5m,SPOT,2025-06-10T21:25:14.020033,1749424800000,152.66,152.84,152.35,152.39,1956.2103,298556.092458
SOLUSDT,candle5m,SPOT,2025-06-10T21:25:14.020036,1749425100000,152.39,152.56,152.21,152.56,1630.6812,248371.913324
SOLUSDT,candle5m,SPOT,2025-06-10T21:25:14.020038,1749425400000,152.56,152.8,152.5,152.59,1363.0314,208079.332898
SOLUSDT,candle5m,SPOT,2025-06-10T21:25:14.020041,1749425700000,152.59,152.65,152.44,152.52,842.7625,128551.679726
SOLUSDT,candle5m,SPOT,2025-06-10T21:25:14.020043,1749426000000,152.52,152.65,152.41,152.49,1105.3889,168577.134308
SOLUSDT,candle5m,SPOT,2025-06-10T21:25:14.020048,1749426300000,152.49,152.56,152.42,152.45,396.7443,60500.200832
SOLUSDT,candle5m,SPOT,2025-06-10T21:25:14.020051,1749426600000,152.45,152.45,152.35,152.37,691.6483,105391.736647
SOLUSDT,candle5m,SPOT,2025-06-10T21:25:14.020053,1749426900000,152.37,152.52,152.13,152.45,1135.1185,172942.8465
SOLUSDT,candle5m,SPOT,2025-06-10T21:25:14.020056,1749427200000,152.45,152.71,152.38,152.64,1788.2273,272784.526798
SOLUSDT,candle5m,SPOT,2025-06-10T21:25:14.020061,1749427500000,152.64,152.7,152.04,152.38,3604.9842,549211.354807
SOLUSDT,candle5m,SPOT,2025-06-10T21:25:14.020063,1749427800000,152.38,152.54,152.2,152.23,2269.8711,345789.185862
SOLUSDT,candle5m,SPOT,2025-06-10T21:25:14.020066,1749428100000,152.23,152.62,152.15,152.37,1560.932,237882.969445
SOLUSDT,candle5m,SPOT,2025-06-10T21:25:14.020069,1749428400000,152.37,152.44,151.98,152.16,1672.7965,254614.208023
SOLUSDT,candle5m,SPOT,2025-06-10T21:25:14.020071,1749428700000,152.16,152.51,151.84,152.24,2340.2549,356064.760745
SOLUSDT,candle5m,SPOT,2025-06-10T21:25:14.020073,1749429000000,152.24,152.84,152.22,152.76,2152.248,328112.959632
SOLUSDT,candle5m,SPOT,2025-06-10T21:25:14.020076,1749429300000,152.76,153.14,152.46,152.46,3914.6867,598407.789709
SOLUSDT,candle5m,SPOT,2025-06-10T21:25:14.020078,1749429600000,152.46,152.77,152.43,152.53,1944.2244,296659.910932
SOLUSDT,candle5m,SPOT,2025-06-10T21:25:14.020081,1749429900000,152.53,152.54,152.09,152.39,3266.0941,497349.851886
SOLUSDT,candle5m,SPOT,2025-06-10T21:25:14.020083,1749430200000,152.39,152.39,151.92,152.25,1999.8027,304287.108654
SOLUSDT,candle5m,SPOT,2025-06-10T21:25:14.020088,1749430500000,152.25,152.44,152.2,152.33,1397.7517,212867.791478
DOTUSDT,candle5m,SPOT,2025-06-10T21:25:15.637099,1749415800000,4.063,4.066,4.057,4.059,2585.3271,10502.7307799
DOTUSDT,candle5m,SPOT,2025-06-10T21:25:15.637113,1749416100000,4.059,4.06,4.052,4.056,4456.7457,18076.0223803
DOTUSDT,candle5m,SPOT,2025-06-10T21:25:15.637117,1749416400000,4.056,4.064,4.056,4.063,4223.2624,17150.8523222
DOTUSDT,candle5m,SPOT,2025-06-10T21:25:15.637119,1749416700000,4.063,4.066,4.062,4.065,3017.3786,12263.7305235
DOTUSDT,candle5m,SPOT,2025-06-10T21:25:15.637122,1749417000000,4.065,4.065,4.06,4.063,5045.8026,20497.7936999
DOTUSDT,candle5m,SPOT,2025-06-10T21:25:15.637124,1749417300000,4.063,4.065,4.056,4.062,2925.1538,11878.8304139
DOTUSDT,candle5m,SPOT,2025-06-10T21:25:15.637126,1749417600000,4.062,4.064,4.057,4.06,3398.3486,13798.1544504
DOTUSDT,candle5m,SPOT,2025-06-10T21:25:15.637129,1749417900000,4.06,4.063,4.059,4.061,1806.1901,7334.4362279
DOTUSDT,candle5m,SPOT,2025-06-10T21:25:15.637132,1749418200000,4.061,4.065,4.061,4.063,900.5763,3658.5699344
DOTUSDT,candle5m,SPOT,2025-06-10T21:25:15.637137,1749418500000,4.063,4.063,4.049,4.049,1057.8212,4292.9860633
DOTUSDT,candle5m,SPOT,2025-06-10T21:25:15.637140,1749418800000,4.049,4.059,4.049,4.058,568.4587,2303.8304178
DOTUSDT,candle5m,SPOT,2025-06-10T21:25:15.637142,1749419100000,4.058,4.064,4.058,4.063,1120.2518,4548.7011982
DOTUSDT,candle5m,SPOT,2025-06-10T21:25:15.637144,1749419400000,4.063,4.074,4.061,4.071,866.6291,3523.7301852
DOTUSDT,candle5m,SPOT,2025-06-10T21:25:15.637146,1749419700000,4.071,4.074,4.061,4.064,852.7457,3466.9099345
DOTUSDT,candle5m,SPOT,2025-06-10T21:25:15.637148,1749420000000,4.064,4.067,4.046,4.048,904.038,3664.3310852
DOTUSDT,candle5m,SPOT,2025-06-10T21:25:15.637151,1749420300000,4.048,4.051,4.037,4.038,2032.8004,8224.5755001
DOTUSDT,candle5m,SPOT,2025-06-10T21:25:15.637153,1749420600000,4.038,4.045,4.035,4.039,2940.2269,11877.4678386
DOTUSDT,candle5m,SPOT,2025-06-10T21:25:15.637155,1749420900000,4.039,4.044,4.035,4.037,3620.7266,14626.568404
DOTUSDT,candle5m,SPOT,2025-06-10T21:25:15.637158,1749421200000,4.037,4.044,4.037,4.041,2028.6243,8196.8498481
DOTUSDT,candle5m,SPOT,2025-06-10T21:25:15.637172,1749421500000,4.041,4.042,4.033,4.036,1610.0765,6499.3286179
DOTUSDT,candle5m,SPOT,2025-06-10T21:25:15.637175,1749421800000,4.036,4.039,4.032,4.035,1469.4761,5927.1805293
DOTUSDT,candle5m,SPOT,2025-06-10T21:25:15.637177,1749422100000,4.035,4.036,4.024,4.03,2943.841,11861.7056622
DOTUSDT,candle5m,SPOT,2025-06-10T21:25:15.637180,1749422400000,4.03,4.036,4.028,4.036,2650.6574,10687.4081053
DOTUSDT,candle5m,SPOT,2025-06-10T21:25:15.637182,1749422700000,4.036,4.038,4.025,4.031,2760.4906,11135.8286089
DOTUSDT,candle5m,SPOT,2025-06-10T21:25:15.637184,1749423000000,4.031,4.031,4.025,4.027,1849.8863,7449.6192343
DOTUSDT,candle5m,SPOT,2025-06-10T21:25:15.637187,1749423300000,4.027,4.029,4.026,4.027,1925.6781,7755.5831516
DOTUSDT,candle5m,SPOT,2025-06-10T21:25:15.637189,1749423600000,4.027,4.028,4.021,4.023,1233.162,4962.6381872
DOTUSDT,candle5m,SPOT,2025-06-10T21:25:15.637191,1749423900000,4.023,4.029,4.021,4.022,952.8762,3834.1730036
DOTUSDT,candle5m,SPOT,2025-06-10T21:25:15.637193,1749424200000,4.022,4.028,4.019,4.026,7202.0384,28992.2562625
DOTUSDT,candle5m,SPOT,2025-06-10T21:25:15.637196,1749424500000,4.026,4.031,4.022,4.03,1046.0915,4212.1960782
DOTUSDT,candle5m,SPOT,2025-06-10T21:25:15.637198,1749424800000,4.03,4.035,4.021,4.024,1027.8741,4141.2442764
DOTUSDT,candle5m,SPOT,2025-06-10T21:25:15.637200,1749425100000,4.024,4.025,4.019,4.025,822.342,3306.8638814
DOTUSDT,candle5m,SPOT,2025-06-10T21:25:15.637202,1749425400000,4.025,4.03,4.022,4.026,1110.329,4469.7390546
DOTUSDT,candle5m,SPOT,2025-06-10T21:25:15.637205,1749425700000,4.026,4.028,4.019,4.021,1185.4978,4769.7337431
DOTUSDT,candle5m,SPOT,2025-06-10T21:25:15.637207,1749426000000,4.021,4.025,4.021,4.023,1187.1663,4775.4814384
DOTUSDT,candle5m,SPOT,2025-06-10T21:25:15.637209,1749426300000,4.023,4.025,4.021,4.023,777.2153,3127.0068553
DOTUSDT,candle5m,SPOT,2025-06-10T21:25:15.637211,1749426600000,4.023,4.027,4.02,4.027,1568.9319,6311.1586496
DOTUSDT,candle5m,SPOT,2025-06-10T21:25:15.637214,1749426900000,4.027,4.027,4.02,4.025,1679.9729,6761.1810035
DOTUSDT,candle5m,SPOT,2025-06-10T21:25:15.637216,1749427200000,4.025,4.029,4.023,4.025,2122.384,8543.8834212
DOTUSDT,candle5m,SPOT,2025-06-10T21:25:15.637218,1749427500000,4.025,4.026,4.015,4.022,1551.3856,6235.1032339
DOTUSDT,candle5m,SPOT,2025-06-10T21:25:15.637220,1749427800000,4.022,4.028,4.019,4.022,1248.4516,5023.9284737
DOTUSDT,candle5m,SPOT,2025-06-10T21:25:15.637223,1749428100000,4.022,4.03,4.019,4.023,2682.6164,10792.6452604
DOTUSDT,candle5m,SPOT,2025-06-10T21:25:15.637225,1749428400000,4.023,4.024,4.013,4.016,6125.0466,24610.469313
DOTUSDT,candle5m,SPOT,2025-06-10T21:25:15.637227,1749428700000,4.016,4.027,4.012,4.024,3200.8799,12864.5320608
DOTUSDT,candle5m,SPOT,2025-06-10T21:25:15.637229,1749429000000,4.024,4.038,4.023,4.035,4716.8366,19010.262492
DOTUSDT,candle5m,SPOT,2025-06-10T21:25:15.637231,1749429300000,4.035,4.042,4.028,4.03,3505.194,14138.9714886
DOTUSDT,candle5m,SPOT,2025-06-10T21:25:15.637233,1749429600000,4.03,4.037,4.027,4.028,1903.2849,7671.7927476
DOTUSDT,candle5m,SPOT,2025-06-10T21:25:15.637235,1749429900000,4.028,4.029,4.016,4.02,1633.6107,6568.9742517
DOTUSDT,candle5m,SPOT,2025-06-10T21:25:15.637238,1749430200000,4.02,4.023,4.011,4.022,1628.6539,6543.3876584
DOTUSDT,candle5m,SPOT,2025-06-10T21:25:15.637240,1749430500000,4.022,4.026,4.019,4.025,1389.1934,5587.6404083
AVAXUSDT,candle5m,SPOT,2025-06-10T21:25:17.183786,1749415800000,21.39,21.42,21.37,21.41,634.6225,13578.136452
AVAXUSDT,candle5m,SPOT,2025-06-10T21:25:17.183802,1749416100000,21.41,21.42,21.32,21.32,997.9381,21297.395369
AVAXUSDT,candle5m,SPOT,2025-06-10T21:25:17.183805,1749416400000,21.32,21.46,21.32,21.46,1343.0031,28728.657604
AVAXUSDT,candle5m,SPOT,2025-06-10T21:25:17.183807,1749416700000,21.46,21.47,21.42,21.47,749.0758,16059.148566
AVAXUSDT,candle5m,SPOT,2025-06-10T21:25:17.183810,1749417000000,21.47,21.47,21.42,21.45,705.0738,15115.335042
AVAXUSDT,candle5m,SPOT,2025-06-10T21:25:17.183812,1749417300000,21.45,21.47,21.41,21.46,871.7605,18692.510271
AVAXUSDT,candle5m,SPOT,2025-06-10T21:25:17.183814,1749417600000,21.46,21.48,21.42,21.47,1357.5615,29119.042557
AVAXUSDT,candle5m,SPOT,2025-06-10T21:25:17.183816,1749417900000,21.47,21.48,21.43,21.44,465.1636,9979.443437
AVAXUSDT,candle5m,SPOT,2025-06-10T21:25:17.183819,1749418200000,21.44,21.46,21.44,21.45,487.6884,10462.480934
AVAXUSDT,candle5m,SPOT,2025-06-10T21:25:17.183821,1749418500000,21.45,21.46,21.39,21.43,498.1981,10676.814524
AVAXUSDT,candle5m,SPOT,2025-06-10T21:25:17.183823,1749418800000,21.43,21.45,21.41,21.45,484.1648,10376.899208
AVAXUSDT,candle5m,SPOT,2025-06-10T21:25:17.183825,1749419100000,21.45,21.45,21.42,21.43,632.9556,13567.931701
AVAXUSDT,candle5m,SPOT,2025-06-10T21:25:17.183828,1749419400000,21.43,21.48,21.43,21.46,623.0863,13372.199197
AVAXUSDT,candle5m,SPOT,2025-06-10T21:25:17.183830,1749419700000,21.46,21.48,21.38,21.38,2677.7743,57334.37296
AVAXUSDT,candle5m,SPOT,2025-06-10T21:25:17.183832,1749420000000,21.38,21.43,21.27,21.32,2297.6587,49004.997849
AVAXUSDT,candle5m,SPOT,2025-06-10T21:25:17.183834,1749420300000,21.32,21.35,21.28,21.28,2729.9084,58226.058444
AVAXUSDT,candle5m,SPOT,2025-06-10T21:25:17.183837,1749420600000,21.28,21.29,21.23,21.25,1414.9446,30082.212659
AVAXUSDT,candle5m,SPOT,2025-06-10T21:25:17.183839,1749420900000,21.25,21.29,21.25,21.29,1117.6187,23766.855019
AVAXUSDT,candle5m,SPOT,2025-06-10T21:25:17.183842,1749421200000,21.29,21.32,21.28,21.31,578.4023,12318.214492
AVAXUSDT,candle5m,SPOT,2025-06-10T21:25:17.183844,1749421500000,21.31,21.31,21.17,21.2,941.953,19981.363524
AVAXUSDT,candle5m,SPOT,2025-06-10T21:25:17.183846,1749421800000,21.2,21.22,21.15,21.18,800.0268,16941.712271
AVAXUSDT,candle5m,SPOT,2025-06-10T21:25:17.183848,1749422100000,21.18,21.18,21.11,21.14,1474.9041,31168.293356
AVAXUSDT,candle5m,SPOT,2025-06-10T21:25:17.183850,1749422400000,21.14,21.18,21.14,21.17,1508.5962,31909.033693
AVAXUSDT,candle5m,SPOT,2025-06-10T21:25:17.183852,1749422700000,21.17,21.19,21.13,21.16,850.8415,18001.621773
AVAXUSDT,candle5m,SPOT,2025-06-10T21:25:17.183854,1749423000000,21.16,21.16,21.13,21.15,780.1788,16502.726534
AVAXUSDT,candle5m,SPOT,2025-06-10T21:25:17.183856,1749423300000,21.15,21.17,21.13,21.16,757.214,16020.551271
AVAXUSDT,candle5m,SPOT,2025-06-10T21:25:17.183859,1749423600000,21.16,21.17,21.11,21.16,885.8217,18726.0312
AVAXUSDT,candle5m,SPOT,2025-06-10T21:25:17.183861,1749423900000,21.16,21.19,21.13,21.14,619.7234,13107.776891
AVAXUSDT,candle5m,SPOT,2025-06-10T21:25:17.183863,1749424200000,21.14,21.16,21.1,21.16,380.3324,8034.343714
AVAXUSDT,candle5m,SPOT,2025-06-10T21:25:17.183865,1749424500000,21.16,21.2,21.13,21.19,941.1894,19918.251829
AVAXUSDT,candle5m,SPOT,2025-06-10T21:25:17.183867,1749424800000,21.19,21.23,21.15,21.16,3507.6945,74383.355427
AVAXUSDT,candle5m,SPOT,2025-06-10T21:25:17.183869,1749425100000,21.16,21.2,21.14,21.19,934.3525,19773.127767
AVAXUSDT,candle5m,SPOT,2025-06-10T21:25:17.183871,1749425400000,21.19,21.23,21.17,21.18,588.0833,12461.909353
AVAXUSDT,candle5m,SPOT,2025-06-10T21:25:17.183873,1749425700000,21.18,21.18,21.12,21.14,1352.765,28608.543266
AVAXUSDT,candle5m,SPOT,2025-06-10T21:25:17.183875,1749426000000,21.14,21.14,21.1,21.11,1659.4356,35048.415379
AVAXUSDT,candle5m,SPOT,2025-06-10T21:25:17.183878,1749426300000,21.11,21.12,21.03,21.04,1344.5742,28329.170475
AVAXUSDT,candle5m,SPOT,2025-06-10T21:25:17.183880,1749426600000,21.04,21.07,21.03,21.07,785.6112,16543.593156
AVAXUSDT,candle5m,SPOT,2025-06-10T21:25:17.183882,1749426900000,21.07,21.07,21.02,21.05,2011.7306,42323.517398
AVAXUSDT,candle5m,SPOT,2025-06-10T21:25:17.183884,1749427200000,21.05,21.14,21.03,21.09,1541.1802,32485.112524
AVAXUSDT,candle5m,SPOT,2025-06-10T21:25:17.183886,1749427500000,21.09,21.12,21.01,21.04,2045.2648,43083.485166
AVAXUSDT,candle5m,SPOT,2025-06-10T21:25:17.183889,1749427800000,21.04,21.04,20.99,21.02,1167.2812,24533.794218
AVAXUSDT,candle5m,SPOT,2025-06-10T21:25:17.183891,1749428100000,21.02,21.07,20.99,20.99,737.5817,15510.146227
AVAXUSDT,candle5m,SPOT,2025-06-10T21:25:17.183893,1749428400000,20.99,21.01,20.94,20.94,503.0928,10546.503633
AVAXUSDT,candle5m,SPOT,2025-06-10T21:25:17.183895,1749428700000,20.94,21.03,20.92,20.99,384.3201,8062.332707
AVAXUSDT,candle5m,SPOT,2025-06-10T21:25:17.183897,1749429000000,20.99,21.06,20.98,21.02,775.1083,16286.604204
AVAXUSDT,candle5m,SPOT,2025-06-10T21:25:17.183899,1749429300000,21.02,21.07,20.95,20.95,646.5285,13596.995837
AVAXUSDT,candle5m,SPOT,2025-06-10T21:25:17.183901,1749429600000,20.95,20.97,20.93,20.94,544.01,11397.731211
AVAXUSDT,candle5m,SPOT,2025-06-10T21:25:17.183903,1749429900000,20.94,20.95,20.88,20.94,1562.3578,32686.06804
AVAXUSDT,candle5m,SPOT,2025-06-10T21:25:17.183905,1749430200000,20.94,20.94,20.88,20.93,1012.9903,21183.495099
AVAXUSDT,candle5m,SPOT,2025-06-10T21:25:17.183907,1749430500000,20.93,20.95,20.92,20.93,746.6387,15629.378908
ADAUSDT,candle5m,SPOT,2025-06-10T21:25:18.866988,1749415800000,0.6747,0.6752,0.674,0.6748,15465.72,10435.3554676
ADAUSDT,candle5m,SPOT,2025-06-10T21:25:18.867004,1749416100000,0.6748,0.6755,0.674,0.6755,20454.431,13801.7443797
ADAUSDT,candle5m,SPOT,2025-06-10T21:25:18.867008,1749416400000,0.6755,0.6782,0.6754,0.6781,49821.434,33712.5633691
ADAUSDT,candle5m,SPOT,2025-06-10T21:25:18.867011,1749416700000,0.6781,0.6787,0.6771,0.6785,48297.35,32761.0460109
ADAUSDT,candle5m,SPOT,2025-06-10T21:25:18.867013,1749417000000,0.6785,0.6788,0.6768,0.6769,43920.105,29763.7920415
ADAUSDT,candle5m,SPOT,2025-06-10T21:25:18.867016,1749417300000,0.6769,0.6775,0.6759,0.6768,73606.871,49789.3461098
ADAUSDT,candle5m,SPOT,2025-06-10T21:25:18.867019,1749417600000,0.6768,0.6773,0.6764,0.6772,51012.64,34529.2013886
ADAUSDT,candle5m,SPOT,2025-06-10T21:25:18.867024,1749417900000,0.6772,0.678,0.677,0.6778,27366.671,18544.5592619
ADAUSDT,candle5m,SPOT,2025-06-10T21:25:18.867026,1749418200000,0.6778,0.6779,0.677,0.6771,23122.179,15666.929227
ADAUSDT,candle5m,SPOT,2025-06-10T21:25:18.867029,1749418500000,0.6771,0.6771,0.6748,0.6749,23247.132,15704.504502
ADAUSDT,candle5m,SPOT,2025-06-10T21:25:18.867032,1749418800000,0.6749,0.6769,0.6749,0.6768,15446.841,10438.8021249
ADAUSDT,candle5m,SPOT,2025-06-10T21:25:18.867035,1749419100000,0.6768,0.677,0.6764,0.6764,27072.446,18317.6524402
ADAUSDT,candle5m,SPOT,2025-06-10T21:25:18.867037,1749419400000,0.6764,0.6776,0.6763,0.6775,31759.27,21493.5095077
ADAUSDT,candle5m,SPOT,2025-06-10T21:25:18.867040,1749419700000,0.6775,0.6778,0.6754,0.6757,29629.736,20039.8181787
ADAUSDT,candle5m,SPOT,2025-06-10T21:25:18.867042,1749420000000,0.6757,0.6761,0.6734,0.6734,38041.873,25655.5777468
ADAUSDT,candle5m,SPOT,2025-06-10T21:25:18.867045,1749420300000,0.6734,0.6744,0.6719,0.6722,70188.675,47259.109777
ADAUSDT,candle5m,SPOT,2025-06-10T21:25:18.867047,1749420600000,0.6722,0.6728,0.6711,0.6714,102944.534,69165.2565728
ADAUSDT,candle5m,SPOT,2025-06-10T21:25:18.867051,1749420900000,0.6714,0.6722,0.6713,0.6717,123053.695,82667.8107062
ADAUSDT,candle5m,SPOT,2025-06-10T21:25:18.867053,1749421200000,0.6717,0.6723,0.6715,0.672,94261.264,63331.6758801
ADAUSDT,candle5m,SPOT,2025-06-10T21:25:18.867056,1749421500000,0.672,0.6721,0.6702,0.6708,108315.854,72640.5214785
ADAUSDT,candle5m,SPOT,2025-06-10T21:25:18.867058,1749421800000,0.6708,0.671,0.6694,0.6708,39578.562,26534.8159109
ADAUSDT,candle5m,SPOT,2025-06-10T21:25:18.867061,1749422100000,0.6708,0.671,0.669,0.6694,43096.581,28851.4846416
ADAUSDT,candle5m,SPOT,2025-06-10T21:25:18.867064,1749422400000,0.6694,0.6708,0.6692,0.6707,125287.753,83943.8632044
ADAUSDT,candle5m,SPOT,2025-06-10T21:25:18.867066,1749422700000,0.6707,0.671,0.6691,0.6694,172777.518,115793.9949904
ADAUSDT,candle5m,SPOT,2025-06-10T21:25:18.867068,1749423000000,0.6694,0.6695,0.6684,0.6692,115072.11,76970.3336462
ADAUSDT,candle5m,SPOT,2025-06-10T21:25:18.867071,1749423300000,0.6692,0.6697,0.6691,0.6695,90694.209,60718.8711952
ADAUSDT,candle5m,SPOT,2025-06-10T21:25:18.867073,1749423600000,0.6695,0.6697,0.6681,0.6689,80730.726,53997.9486204
ADAUSDT,candle5m,SPOT,2025-06-10T21:25:18.867076,1749423900000,0.6689,0.6699,0.6679,0.6682,84740.253,56652.5212287
ADAUSDT,candle5m,SPOT,2025-06-10T21:25:18.867078,1749424200000,0.6682,0.6694,0.6676,0.6694,50166.063,33533.439729
ADAUSDT,candle5m,SPOT,2025-06-10T21:25:18.867080,1749424500000,0.6694,0.67,0.6687,0.6698,44179.524,29577.5261426
ADAUSDT,candle5m,SPOT,2025-06-10T21:25:18.867083,1749424800000,0.6698,0.6701,0.6676,0.6681,51799.413,34651.1372695
ADAUSDT,candle5m,SPOT,2025-06-10T21:25:18.867085,1749425100000,0.6681,0.6689,0.6679,0.6688,20034.57,13387.900412
ADAUSDT,candle5m,SPOT,2025-06-10T21:25:18.867088,1749425400000,0.6688,0.6696,0.6684,0.6691,33960.201,22725.677983
ADAUSDT,candle5m,SPOT,2025-06-10T21:25:18.867090,1749425700000,0.6691,0.6696,0.6684,0.6687,13954.839,9335.2557997
ADAUSDT,candle5m,SPOT,2025-06-10T21:25:18.867092,1749426000000,0.6687,0.6693,0.6682,0.6691,12778.397,8546.7267608
ADAUSDT,candle5m,SPOT,2025-06-10T21:25:18.867095,1749426300000,0.6691,0.6699,0.669,0.6694,13615.021,9113.6058321
ADAUSDT,candle5m,SPOT,2025-06-10T21:25:18.867098,1749426600000,0.6694,0.6704,0.6689,0.6699,21433.315,14349.1040434
ADAUSDT,candle5m,SPOT,2025-06-10T21:25:18.867100,1749426900000,0.6699,0.6704,0.6688,0.6702,12966.585,8684.1197737
ADAUSDT,candle5m,SPOT,2025-06-10T21:25:18.867103,1749427200000,0.6702,0.6718,0.6698,0.6717,18688.117,12535.3461757
ADAUSDT,candle5m,SPOT,2025-06-10T21:25:18.867105,1749427500000,0.6717,0.6719,0.6691,0.6701,27843.55,18674.2060827
ADAUSDT,candle5m,SPOT,2025-06-10T21:25:18.867107,1749427800000,0.6701,0.6709,0.6692,0.6696,62590.276,41939.8024916
ADAUSDT,candle5m,SPOT,2025-06-10T21:25:18.867110,1749428100000,0.6696,0.6702,0.668,0.6682,69149.286,46258.1537282
ADAUSDT,candle5m,SPOT,2025-06-10T21:25:18.867112,1749428400000,0.6682,0.6688,0.6667,0.6683,45258.97,30211.5044833
ADAUSDT,candle5m,SPOT,2025-06-10T21:25:18.867115,1749428700000,0.6683,0.6698,0.6671,0.6687,25334.499,16932.9762878
ADAUSDT,candle5m,SPOT,2025-06-10T21:25:18.867117,1749429000000,0.6687,0.67,0.668,0.6692,52606.035,35186.050382
ADAUSDT,candle5m,SPOT,2025-06-10T21:25:18.867119,1749429300000,0.6692,0.6698,0.6672,0.6674,41227.162,27574.9139326
ADAUSDT,candle5m,SPOT,2025-06-10T21:25:18.867121,1749429600000,0.6674,0.6684,0.6668,0.6681,26975.768,18008.0167815
ADAUSDT,candle5m,SPOT,2025-06-10T21:25:18.867124,1749429900000,0.6681,0.6684,0.6664,0.6684,29902.858,19956.2232845
ADAUSDT,candle5m,SPOT,2025-06-10T21:25:18.867127,1749430200000,0.6684,0.6684,0.667,0.6677,25148.238,16792.2258107
ADAUSDT,candle5m,SPOT,2025-06-10T21:25:18.867129,1749430500000,0.6677,0.6684,0.6675,0.6684,20670.934,13808.7843818
