ts,price,size,side,tradeId,instId,channel,type,ts_recv
1749565475974,15.08,9.9502,buy,1316338502140899377,LINKUSDT,trade,SPOT,2025-06-10T21:24:46.960208
1749565475974,15.08,9.9502,buy,1316338502140899375,LINKUSDT,trade,SPOT,2025-06-10T21:24:46.960223
1749565475974,15.08,9.9502,buy,1316338502140899373,LINKUSDT,trade,SPOT,2025-06-10T21:24:46.960227
1749565475974,15.08,0.3000,buy,1316338502140899371,LINKUSDT,trade,SPOT,2025-06-10T21:24:46.960229
1749565474251,15.08,0.1000,buy,1316338494914113537,LINKUSDT,trade,SPOT,2025-06-10T21:24:46.960230
1749565473383,15.08,154.5781,buy,1316338491273457670,LINKUSDT,trade,SPOT,2025-06-10T21:24:46.960232
1749565469223,15.08,0.3647,buy,1316338473825153071,LINKUSDT,trade,SPOT,2025-06-10T21:24:46.960234
1749565462232,15.07,1.3188,sell,1316338444502773774,LINKUSDT,trade,SPOT,2025-06-10T21:24:46.960236
1749565461750,15.08,0.2150,buy,1316338442481119241,LINKUSDT,trade,SPOT,2025-06-10T21:24:46.960237
1749565459837,15.07,1.2961,sell,1316338434457415840,LINKUSDT,trade,SPOT,2025-06-10T21:24:46.960239
1749565457903,15.07,3.1671,sell,1316338426345631745,LINKUSDT,trade,SPOT,2025-06-10T21:24:46.960240
1749565456646,15.07,1.4641,sell,1316338421073391617,LINKUSDT,trade,SPOT,2025-06-10T21:24:46.960241
1749565455363,15.07,1.1891,sell,1316338415692099776,LINKUSDT,trade,SPOT,2025-06-10T21:24:46.960251
1749565454310,15.07,1.4333,sell,1316338411275497472,LINKUSDT,trade,SPOT,2025-06-10T21:24:46.960253
1749565452912,15.07,0.7327,sell,1316338405411860481,LINKUSDT,trade,SPOT,2025-06-10T21:24:46.960254
1749565451969,15.07,2.8041,sell,1316338401456631813,LINKUSDT,trade,SPOT,2025-06-10T21:24:46.960256
1749565450346,15.07,0.7075,sell,1316338394649276489,LINKUSDT,trade,SPOT,2025-06-10T21:24:46.960257
1749565449539,15.07,11.0302,sell,1316338391264473091,LINKUSDT,trade,SPOT,2025-06-10T21:24:46.960259
1749565448158,15.07,0.4322,sell,1316338385472139360,LINKUSDT,trade,SPOT,2025-06-10T21:24:46.960260
1749565447035,15.07,2.6969,sell,1316338380761936004,LINKUSDT,trade,SPOT,2025-06-10T21:24:46.960262
1749565445686,15.07,0.4231,sell,1316338375103819825,LINKUSDT,trade,SPOT,2025-06-10T21:24:46.960263
1749565445593,15.07,0.4000,buy,1316338374713749506,LINKUSDT,trade,SPOT,2025-06-10T21:24:46.960265
1749565444607,15.06,2.6394,sell,1316338370578165763,LINKUSDT,trade,SPOT,2025-06-10T21:24:46.960266
1749565443573,15.07,138.1386,buy,1316338366241255425,LINKUSDT,trade,SPOT,2025-06-10T21:24:46.960267
1749565443073,15.06,0.8276,sell,1316338364144103429,LINKUSDT,trade,SPOT,2025-06-10T21:24:46.960269
1749565442062,15.06,2.6015,sell,1316338359903662082,LINKUSDT,trade,SPOT,2025-06-10T21:24:46.960270
1749565440509,15.06,3.2550,sell,1316338353389908122,LINKUSDT,trade,SPOT,2025-06-10T21:24:46.960272
1749565440124,15.06,0.4199,sell,1316338351775101049,LINKUSDT,trade,SPOT,2025-06-10T21:24:46.960273
1749565437913,15.06,0.7999,sell,1316338342501494784,LINKUSDT,trade,SPOT,2025-06-10T21:24:46.960275
1749565437400,15.06,0.4110,sell,1316338340349816835,LINKUSDT,trade,SPOT,2025-06-10T21:24:46.960276
1749565436476,15.06,9.0000,buy,1316338336474280034,LINKUSDT,trade,SPOT,2025-06-10T21:24:46.960277
1749565436476,15.06,9.0000,buy,1316338336474280032,LINKUSDT,trade,SPOT,2025-06-10T21:24:46.960279
1749565436476,15.06,9.0000,buy,1316338336474280030,LINKUSDT,trade,SPOT,2025-06-10T21:24:46.960282
1749565436476,15.06,0.4000,buy,1316338336474280028,LINKUSDT,trade,SPOT,2025-06-10T21:24:46.960284
1749565435507,15.05,0.7814,sell,1316338332409999491,LINKUSDT,trade,SPOT,2025-06-10T21:24:46.960285
1749565435023,15.05,0.8033,sell,1316338330379956227,LINKUSDT,trade,SPOT,2025-06-10T21:24:46.960287
1749565433324,15.05,1.0075,sell,1316338323253833729,LINKUSDT,trade,SPOT,2025-06-10T21:24:46.960288
1749565432964,15.05,0.7680,sell,1316338321743884327,LINKUSDT,trade,SPOT,2025-06-10T21:24:46.960289
1749565432557,15.05,3.1610,sell,1316338320036802565,LINKUSDT,trade,SPOT,2025-06-10T21:24:46.960291
1749565430884,15.05,1.9704,sell,1316338313019731973,LINKUSDT,trade,SPOT,2025-06-10T21:24:46.960292
1749565430160,15.05,0.7710,sell,1316338309983055905,LINKUSDT,trade,SPOT,2025-06-10T21:24:46.960293
1749565428453,15.05,7.7624,sell,1316338302823378946,LINKUSDT,trade,SPOT,2025-06-10T21:24:46.960295
1749565427697,15.05,0.7547,sell,1316338299652485174,LINKUSDT,trade,SPOT,2025-06-10T21:24:46.960296
1749565425903,15.05,1.8925,sell,1316338292127903747,LINKUSDT,trade,SPOT,2025-06-10T21:24:46.960298
1749565425267,15.05,0.7454,sell,1316338289460326490,LINKUSDT,trade,SPOT,2025-06-10T21:24:46.960299
1749565424436,15.05,0.4273,sell,1316338285974859777,LINKUSDT,trade,SPOT,2025-06-10T21:24:46.960301
1749565423409,15.05,1.8687,sell,1316338281667309607,LINKUSDT,trade,SPOT,2025-06-10T21:24:46.960302
1749565422624,15.05,0.4410,sell,1316338278374781073,LINKUSDT,trade,SPOT,2025-06-10T21:24:46.960304
1749565421803,15.05,0.4178,sell,1316338274931257441,LINKUSDT,trade,SPOT,2025-06-10T21:24:46.960305
1749565420827,15.05,1.8392,sell,1316338270837616643,LINKUSDT,trade,SPOT,2025-06-10T21:24:46.960307
1749565487730,0.2932,542.4855,buy,1316338551449137182,TRXUSDT,trade,SPOT,2025-06-10T21:24:48.558277
1749565487115,0.2931,284.3582,sell,1316338548869640193,TRXUSDT,trade,SPOT,2025-06-10T21:24:48.558288
1749565486298,0.2932,383.1633,buy,1316338545442893867,TRXUSDT,trade,SPOT,2025-06-10T21:24:48.558290
1749565485684,0.2932,368.8736,buy,1316338542867591172,TRXUSDT,trade,SPOT,2025-06-10T21:24:48.558291
1749565485219,0.2931,297.8556,sell,1316338540917239809,TRXUSDT,trade,SPOT,2025-06-10T21:24:48.558292
1749565484456,0.2932,198.2349,buy,1316338537716985857,TRXUSDT,trade,SPOT,2025-06-10T21:24:48.558294
1749565483593,0.2932,500.1429,buy,1316338534097301580,TRXUSDT,trade,SPOT,2025-06-10T21:24:48.558295
1749565482980,0.2932,3542.7040,buy,1316338531526193156,TRXUSDT,trade,SPOT,2025-06-10T21:24:48.558296
1749565482980,0.2932,46.6773,buy,1316338531526193154,TRXUSDT,trade,SPOT,2025-06-10T21:24:48.558297
1749565482128,0.2931,264.9059,sell,1316338527952646145,TRXUSDT,trade,SPOT,2025-06-10T21:24:48.558299
1749565480961,0.2931,397.0438,sell,1316338523057893378,TRXUSDT,trade,SPOT,2025-06-10T21:24:48.558300
1749565480147,0.2932,226.7313,buy,1316338519643729921,TRXUSDT,trade,SPOT,2025-06-10T21:24:48.558301
1749565479434,0.2931,233.7891,sell,1316338516653191170,TRXUSDT,trade,SPOT,2025-06-10T21:24:48.558302
1749565479224,0.2931,153.4377,sell,1316338515772387331,TRXUSDT,trade,SPOT,2025-06-10T21:24:48.558304
1749565477959,0.2932,468.9226,buy,1316338510466592769,TRXUSDT,trade,SPOT,2025-06-10T21:24:48.558305
1749565476893,0.2932,244.7279,buy,1316338505995464706,TRXUSDT,trade,SPOT,2025-06-10T21:24:48.558306
1749565475877,0.2931,307.9620,sell,1316338501734051841,TRXUSDT,trade,SPOT,2025-06-10T21:24:48.558307
1749565474963,0.2931,352.0442,sell,1316338497900457985,TRXUSDT,trade,SPOT,2025-06-10T21:24:48.558308
1749565473896,0.2931,306.5001,sell,1316338493425135627,TRXUSDT,trade,SPOT,2025-06-10T21:24:48.558309
1749565472979,0.2932,354.1903,buy,1316338489578959011,TRXUSDT,trade,SPOT,2025-06-10T21:24:48.558310
1749565471815,0.2931,336.5401,sell,1316338484696788994,TRXUSDT,trade,SPOT,2025-06-10T21:24:48.558311
1749565470999,0.2932,411.9688,buy,1316338481274236932,TRXUSDT,trade,SPOT,2025-06-10T21:24:48.558312
1749565469583,0.2932,377.4580,buy,1316338475335102466,TRXUSDT,trade,SPOT,2025-06-10T21:24:48.558313
1749565468564,0.2931,306.9078,sell,1316338471061106689,TRXUSDT,trade,SPOT,2025-06-10T21:24:48.558314
1749565467193,0.2931,410.6861,sell,1316338465310715991,TRXUSDT,trade,SPOT,2025-06-10T21:24:48.558316
1749565466681,0.2932,193.5439,buy,1316338463163232261,TRXUSDT,trade,SPOT,2025-06-10T21:24:48.558317
1749565466016,0.2932,268.0954,buy,1316338460374020280,TRXUSDT,trade,SPOT,2025-06-10T21:24:48.558318
1749565465253,0.2932,417.4461,buy,1316338457173766220,TRXUSDT,trade,SPOT,2025-06-10T21:24:48.558319
1749565463836,0.2931,355.2083,sell,1316338451230437376,TRXUSDT,trade,SPOT,2025-06-10T21:24:48.558320
1749565462567,0.2932,230.3452,buy,1316338445907865602,TRXUSDT,trade,SPOT,2025-06-10T21:24:48.558321
1749565461955,0.2932,207.5433,buy,1316338443340951636,TRXUSDT,trade,SPOT,2025-06-10T21:24:48.558322
1749565461340,0.2932,313.2905,buy,1316338440761454595,TRXUSDT,trade,SPOT,2025-06-10T21:24:48.558323
1749565460475,0.2931,277.9731,sell,1316338437133381663,TRXUSDT,trade,SPOT,2025-06-10T21:24:48.558324
1749565459059,0.2932,390.8621,buy,1316338431194247169,TRXUSDT,trade,SPOT,2025-06-10T21:24:48.558325
1749565458798,0.2931,285.2788,sell,1316338430099533825,TRXUSDT,trade,SPOT,2025-06-10T21:24:48.558326
1749565457480,0.2931,324.1857,sell,1316338424571441153,TRXUSDT,trade,SPOT,2025-06-10T21:24:48.558327
1749565457017,0.2931,82.8047,sell,1316338422629478401,TRXUSDT,trade,SPOT,2025-06-10T21:24:48.558329
1749565456301,0.2932,397.7708,buy,1316338419626356835,TRXUSDT,trade,SPOT,2025-06-10T21:24:48.558330
1749565455536,0.2932,317.7582,buy,1316338416417714179,TRXUSDT,trade,SPOT,2025-06-10T21:24:48.558331
1749565455170,0.2931,227.3654,sell,1316338414882598913,TRXUSDT,trade,SPOT,2025-06-10T21:24:48.558332
1749565453796,0.2931,491.3376,sell,1316338409119625217,TRXUSDT,trade,SPOT,2025-06-10T21:24:48.558333
1749565452981,0.2931,259.5675,sell,1316338405701267533,TRXUSDT,trade,SPOT,2025-06-10T21:24:48.558335
1749565452262,0.2932,224.3410,buy,1316338402685562881,TRXUSDT,trade,SPOT,2025-06-10T21:24:48.558336
1749565451348,0.2932,348.5317,buy,1316338398851969025,TRXUSDT,trade,SPOT,2025-06-10T21:24:48.558337
1749565450584,0.2931,233.1227,sell,1316338395647520849,TRXUSDT,trade,SPOT,2025-06-10T21:24:48.558338
1749565449719,0.2931,283.1865,sell,1316338392019447810,TRXUSDT,trade,SPOT,2025-06-10T21:24:48.558339
1749565449458,0.2931,378.7007,sell,1316338390924734466,TRXUSDT,trade,SPOT,2025-06-10T21:24:48.558340
1749565449046,0.2932,601.5785,buy,1316338389196681328,TRXUSDT,trade,SPOT,2025-06-10T21:24:48.558341
1749565448434,0.2931,366.6648,sell,1316338386629767210,TRXUSDT,trade,SPOT,2025-06-10T21:24:48.558342
1749565447973,0.2932,292.2288,buy,1316338384696193027,TRXUSDT,trade,SPOT,2025-06-10T21:24:48.558343
1749565489586,2.2876,56.6398,buy,1316338559233761313,XRPUSDT,trade,SPOT,2025-06-10T21:24:50.180679
1749565489125,2.2876,52.7970,buy,1316338557300187246,XRPUSDT,trade,SPOT,2025-06-10T21:24:50.180693
1749565488610,2.2875,30.2514,sell,1316338555140120602,XRPUSDT,trade,SPOT,2025-06-10T21:24:50.180696
1749565487794,2.2875,35.2186,sell,1316338551717568514,XRPUSDT,trade,SPOT,2025-06-10T21:24:50.180698
1749565487480,2.2876,40.7820,buy,1316338550400557057,XRPUSDT,trade,SPOT,2025-06-10T21:24:50.180700
1749565487266,2.2875,69.4277,sell,1316338549502976001,XRPUSDT,trade,SPOT,2025-06-10T21:24:50.180702
1749565486550,2.2875,37.3202,sell,1316338546499854337,XRPUSDT,trade,SPOT,2025-06-10T21:24:50.180704
1749565486122,2.2876,6.6011,buy,1316338544704692228,XRPUSDT,trade,SPOT,2025-06-10T21:24:50.180706
1749565486088,2.2876,64.9605,buy,1316338544562085889,XRPUSDT,trade,SPOT,2025-06-10T21:24:50.180708
1749565485524,2.2875,26.5440,sell,1316338542196498517,XRPUSDT,trade,SPOT,2025-06-10T21:24:50.180710
1749565485059,2.2875,35.3469,sell,1316338540246147155,XRPUSDT,trade,SPOT,2025-06-10T21:24:50.180712
1749565484444,2.2875,37.7328,sell,1316338537666650208,XRPUSDT,trade,SPOT,2025-06-10T21:24:50.180714
1749565483932,2.2876,73.5346,buy,1316338535519166466,XRPUSDT,trade,SPOT,2025-06-10T21:24:50.180715
1749565483869,2.2875,36.9860,sell,1316338535254925320,XRPUSDT,trade,SPOT,2025-06-10T21:24:50.180717
1749565483254,2.2876,35.0611,buy,1316338532675428471,XRPUSDT,trade,SPOT,2025-06-10T21:24:50.180719
1749565483093,2.2876,53.0967,buy,1316338532000145410,XRPUSDT,trade,SPOT,2025-06-10T21:24:50.180721
1749565482730,2.2875,60.6307,sell,1316338530477613121,XRPUSDT,trade,SPOT,2025-06-10T21:24:50.180723
1749565482266,2.2876,29.5684,buy,1316338528531456059,XRPUSDT,trade,SPOT,2025-06-10T21:24:50.180725
1749565481730,2.2876,0.9997,buy,1316338526283309061,XRPUSDT,trade,SPOT,2025-06-10T21:24:50.180727
1749565481701,2.2876,39.8013,buy,1316338526161674288,XRPUSDT,trade,SPOT,2025-06-10T21:24:50.180729
1749565481342,2.2875,45.7023,sell,1316338524655919148,XRPUSDT,trade,SPOT,2025-06-10T21:24:50.180731
1749565480933,2.2876,68.8652,buy,1316338522940448769,XRPUSDT,trade,SPOT,2025-06-10T21:24:50.180733
1749565480473,2.2875,38.9096,sell,1316338521011068952,XRPUSDT,trade,SPOT,2025-06-10T21:24:50.180734
1749565479857,2.2876,46.5608,buy,1316338518427377670,XRPUSDT,trade,SPOT,2025-06-10T21:24:50.180736
1749565479598,2.2875,41.3551,sell,1316338517341052929,XRPUSDT,trade,SPOT,2025-06-10T21:24:50.180738
1749565479277,2.2876,62.3215,buy,1316338515994681712,XRPUSDT,trade,SPOT,2025-06-10T21:24:50.180742
1749565478964,2.2876,20.8706,buy,1316338514681864195,XRPUSDT,trade,SPOT,2025-06-10T21:24:50.180745
1749565478901,2.2876,39.0763,buy,1316338514417623197,XRPUSDT,trade,SPOT,2025-06-10T21:24:50.180747
1749565478388,2.2876,47.2945,buy,1316338512265945089,XRPUSDT,trade,SPOT,2025-06-10T21:24:50.180749
1749565478129,2.2876,46.9192,buy,1316338511179620383,XRPUSDT,trade,SPOT,2025-06-10T21:24:50.180751
1749565477765,2.2875,43.6805,sell,1316338509652893698,XRPUSDT,trade,SPOT,2025-06-10T21:24:50.180753
1749565477603,2.2876,45.1058,buy,1316338508973416474,XRPUSDT,trade,SPOT,2025-06-10T21:24:50.180754
1749565477391,2.2876,0.6557,buy,1316338508084224030,XRPUSDT,trade,SPOT,2025-06-10T21:24:50.180756
1749565476944,2.2876,52.5922,buy,1316338506209370114,XRPUSDT,trade,SPOT,2025-06-10T21:24:50.180759
1749565476433,2.2875,53.8615,sell,1316338504066080871,XRPUSDT,trade,SPOT,2025-06-10T21:24:50.180761
1749565476072,2.2875,51.0295,sell,1316338502551937029,XRPUSDT,trade,SPOT,2025-06-10T21:24:50.180763
1749565475608,2.2875,26.5657,sell,1316338500605780020,XRPUSDT,trade,SPOT,2025-06-10T21:24:50.180765
1749565475145,2.2875,18.7576,sell,1316338498663817218,XRPUSDT,trade,SPOT,2025-06-10T21:24:50.180767
1749565474729,2.2876,42.5840,buy,1316338496918986772,XRPUSDT,trade,SPOT,2025-06-10T21:24:50.180769
1749565474118,2.2876,20.6440,buy,1316338494356267032,XRPUSDT,trade,SPOT,2025-06-10T21:24:50.180770
1749565473706,2.2876,66.9392,buy,1316338492628213762,XRPUSDT,trade,SPOT,2025-06-10T21:24:50.180772
1749565473342,2.2875,37.0025,sell,1316338491101487106,XRPUSDT,trade,SPOT,2025-06-10T21:24:50.180774
1749565472976,2.2874,510.8644,sell,1316338489566371881,XRPUSDT,trade,SPOT,2025-06-10T21:24:50.180776
1749565472976,2.2874,35.6075,sell,1316338489566371877,XRPUSDT,trade,SPOT,2025-06-10T21:24:50.180778
1749565472929,2.2874,87.4854,sell,1316338489369239613,XRPUSDT,trade,SPOT,2025-06-10T21:24:50.180782
1749565472743,2.2873,2.3649,buy,1316338488589099022,XRPUSDT,trade,SPOT,2025-06-10T21:24:50.180784
1749565472516,2.2873,29.6337,buy,1316338487636992002,XRPUSDT,trade,SPOT,2025-06-10T21:24:50.180786
1749565472207,2.2873,31.5775,buy,1316338486340952065,XRPUSDT,trade,SPOT,2025-06-10T21:24:50.180788
1749565471594,2.2873,30.6299,buy,1316338483769843720,XRPUSDT,trade,SPOT,2025-06-10T21:24:50.180790
1749565470931,2.2873,36.5380,buy,1316338480989020225,XRPUSDT,trade,SPOT,2025-06-10T21:24:50.180792
1749565491309,109115.37,0.055083,sell,1316338566460215307,BTCUSDT,trade,SPOT,2025-06-10T21:24:51.758904
1749565491047,109115.38,0.009490,buy,1316338565361307663,BTCUSDT,trade,SPOT,2025-06-10T21:24:51.758924
1749565490686,109115.38,0.025414,buy,1316338563847164162,BTCUSDT,trade,SPOT,2025-06-10T21:24:51.758929
1749565490427,109115.38,0.036394,buy,1316338562760839172,BTCUSDT,trade,SPOT,2025-06-10T21:24:51.758933
1749565490220,109115.37,0.030869,sell,1316338561892618242,BTCUSDT,trade,SPOT,2025-06-10T21:24:51.758936
1749565489809,109115.37,0.034537,sell,1316338560168759299,BTCUSDT,trade,SPOT,2025-06-10T21:24:51.758939
1749565489247,109115.38,0.045112,buy,1316338557811560482,BTCUSDT,trade,SPOT,2025-06-10T21:24:51.758941
1749565488839,109115.37,0.052790,sell,1316338556100284419,BTCUSDT,trade,SPOT,2025-06-10T21:24:51.758944
1749565488532,109115.37,0.021431,sell,1316338554812633089,BTCUSDT,trade,SPOT,2025-06-10T21:24:51.758946
1749565488475,109115.37,0.022839,sell,1316338554573557820,BTCUSDT,trade,SPOT,2025-06-10T21:24:51.758949
1749565488418,109115.38,0.054974,buy,1316338554334482433,BTCUSDT,trade,SPOT,2025-06-10T21:24:51.758952
1749565488258,109115.38,0.044545,buy,1316338553663393793,BTCUSDT,trade,SPOT,2025-06-10T21:24:51.758955
1749565487798,109115.37,0.043255,sell,1316338551734013957,BTCUSDT,trade,SPOT,2025-06-10T21:24:51.758957
1749565487670,109115.38,0.004457,buy,1316338551197143045,BTCUSDT,trade,SPOT,2025-06-10T21:24:51.758960
1749565487670,109115.38,0.000183,buy,1316338551197143043,BTCUSDT,trade,SPOT,2025-06-10T21:24:51.758962
1749565487670,109115.38,0.004581,buy,1316338551197143041,BTCUSDT,trade,SPOT,2025-06-10T21:24:51.758965
1749565487588,109115.38,0.065704,buy,1316338550853210118,BTCUSDT,trade,SPOT,2025-06-10T21:24:51.758967
1749565487077,109115.37,0.031979,sell,1316338548709920769,BTCUSDT,trade,SPOT,2025-06-10T21:24:51.758971
1749565486565,109115.38,0.049897,buy,1316338546562437123,BTCUSDT,trade,SPOT,2025-06-10T21:24:51.758974
1749565486114,109115.37,0.000367,sell,1316338544670806017,BTCUSDT,trade,SPOT,2025-06-10T21:24:51.758976
1749565485951,109115.38,0.065420,buy,1316338543987134467,BTCUSDT,trade,SPOT,2025-06-10T21:24:51.758979
1749565485388,109115.37,0.048298,sell,1316338541625741313,BTCUSDT,trade,SPOT,2025-06-10T21:24:51.758981
1749565485025,109115.37,0.046280,sell,1316338540103208965,BTCUSDT,trade,SPOT,2025-06-10T21:24:51.758984
1749565484616,109115.37,0.029993,sell,1316338538387738625,BTCUSDT,trade,SPOT,2025-06-10T21:24:51.758986
1749565484158,109115.37,0.032872,sell,1316338536466747393,BTCUSDT,trade,SPOT,2025-06-10T21:24:51.758988
1749565483698,109115.38,0.044214,buy,1316338534537367555,BTCUSDT,trade,SPOT,2025-06-10T21:24:51.758991
1749565483336,109115.38,0.099402,buy,1316338533019029505,BTCUSDT,trade,SPOT,2025-06-10T21:24:51.758994
1749565483079,109107.61,0.035111,buy,1316338531941093437,BTCUSDT,trade,SPOT,2025-06-10T21:24:51.758996
1749565483079,109106.05,0.002014,buy,1316338531941093435,BTCUSDT,trade,SPOT,2025-06-10T21:24:51.758999
1749565483079,109104.16,0.000183,buy,1316338531941093433,BTCUSDT,trade,SPOT,2025-06-10T21:24:51.759001
1749565482872,109104.15,0.023954,sell,1316338531072872459,BTCUSDT,trade,SPOT,2025-06-10T21:24:51.759004
1749565482409,109104.15,0.032197,sell,1316338529130909700,BTCUSDT,trade,SPOT,2025-06-10T21:24:51.759006
1749565482355,109100.00,0.000099,buy,1316338528904417290,BTCUSDT,trade,SPOT,2025-06-10T21:24:51.759009
1749565482355,109100.00,0.035804,buy,1316338528904417288,BTCUSDT,trade,SPOT,2025-06-10T21:24:51.759011
1749565482355,109100.00,0.052360,buy,1316338528904417286,BTCUSDT,trade,SPOT,2025-06-10T21:24:51.759014
1749565482355,109100.00,0.000183,buy,1316338528904417284,BTCUSDT,trade,SPOT,2025-06-10T21:24:51.759016
1749565482355,109100.00,0.000018,buy,1316338528904417282,BTCUSDT,trade,SPOT,2025-06-10T21:24:51.759022
1749565481999,109100.00,0.016619,buy,1316338527411245059,BTCUSDT,trade,SPOT,2025-06-10T21:24:51.759024
1749565481539,109099.99,0.049976,sell,1316338525481865305,BTCUSDT,trade,SPOT,2025-06-10T21:24:51.759027
1749565481231,109100.00,0.022774,buy,1316338524190019585,BTCUSDT,trade,SPOT,2025-06-10T21:24:51.759029
1749565480820,109099.99,0.039198,sell,1316338522466160722,BTCUSDT,trade,SPOT,2025-06-10T21:24:51.759032
1749565480211,109100.00,0.053576,buy,1316338519911829582,BTCUSDT,trade,SPOT,2025-06-10T21:24:51.759034
1749565480004,109099.99,0.061440,sell,1316338519043608577,BTCUSDT,trade,SPOT,2025-06-10T21:24:51.759037
1749565479746,109099.99,0.055033,sell,1316338517961478163,BTCUSDT,trade,SPOT,2025-06-10T21:24:51.759039
1749565479338,109100.00,0.045868,buy,1316338516250202113,BTCUSDT,trade,SPOT,2025-06-10T21:24:51.759042
1749565478879,109099.99,0.055744,sell,1316338514325016578,BTCUSDT,trade,SPOT,2025-06-10T21:24:51.759044
1749565478319,109100.00,0.053008,buy,1316338511976206341,BTCUSDT,trade,SPOT,2025-06-10T21:24:51.759046
1749565477756,109100.00,0.043024,buy,1316338509614813187,BTCUSDT,trade,SPOT,2025-06-10T21:24:51.759049
1749565477420,109099.99,0.000902,sell,1316338508205527042,BTCUSDT,trade,SPOT,2025-06-10T21:24:51.759051
1749565477294,109100.00,0.035639,buy,1316338507677044737,BTCUSDT,trade,SPOT,2025-06-10T21:24:51.759054
1749565493076,2744.64,0.0080,sell,1316338573871489025,ETHUSDT,trade,SPOT,2025-06-10T21:24:53.394872
1749565493068,2744.64,0.2166,sell,1316338573837934595,ETHUSDT,trade,SPOT,2025-06-10T21:24:53.394882
1749565493068,2744.64,0.7920,sell,1316338573837934593,ETHUSDT,trade,SPOT,2025-06-10T21:24:53.394884
1749565492999,2744.65,0.0522,buy,1316338573548527618,ETHUSDT,trade,SPOT,2025-06-10T21:24:53.394885
1749565492894,2744.64,0.0590,sell,1316338573108125744,ETHUSDT,trade,SPOT,2025-06-10T21:24:53.394886
1749565492879,2744.65,0.0275,buy,1316338573045211138,ETHUSDT,trade,SPOT,2025-06-10T21:24:53.394888
1749565492837,2744.65,0.2693,buy,1316338572869050400,ETHUSDT,trade,SPOT,2025-06-10T21:24:53.394889
1749565492719,2744.65,0.0431,buy,1316338572374122497,ETHUSDT,trade,SPOT,2025-06-10T21:24:53.394890
1749565492682,2744.65,0.0145,buy,1316338572218933340,ETHUSDT,trade,SPOT,2025-06-10T21:24:53.394891
1749565492675,2744.65,0.0073,buy,1316338572189573122,ETHUSDT,trade,SPOT,2025-06-10T21:24:53.394892
1749565492634,2744.64,0.0349,sell,1316338572017606657,ETHUSDT,trade,SPOT,2025-06-10T21:24:53.394893
1749565492623,2744.65,0.0649,buy,1316338571971469315,ETHUSDT,trade,SPOT,2025-06-10T21:24:53.394895
1749565492566,2744.64,0.0316,sell,1316338571732393986,ETHUSDT,trade,SPOT,2025-06-10T21:24:53.394896
1749565492562,2744.65,0.0467,buy,1316338571715616771,ETHUSDT,trade,SPOT,2025-06-10T21:24:53.394897
1749565492562,2744.65,0.0072,buy,1316338571715616769,ETHUSDT,trade,SPOT,2025-06-10T21:24:53.394898
1749565492559,2744.64,0.0172,sell,1316338571703034109,ETHUSDT,trade,SPOT,2025-06-10T21:24:53.394899
1749565492477,2744.64,0.0211,sell,1316338571359101063,ETHUSDT,trade,SPOT,2025-06-10T21:24:53.394900
1749565492463,2744.64,0.3616,sell,1316338571300380735,ETHUSDT,trade,SPOT,2025-06-10T21:24:53.394901
1749565492350,2744.64,0.3129,sell,1316338570826424321,ETHUSDT,trade,SPOT,2025-06-10T21:24:53.394902
1749565492245,2744.64,0.0507,sell,1316338570386022464,ETHUSDT,trade,SPOT,2025-06-10T21:24:53.394903
1749565492236,2744.65,0.2085,buy,1316338570348273665,ETHUSDT,trade,SPOT,2025-06-10T21:24:53.394904
1749565492120,2744.20,0.0072,buy,1316338569861734403,ETHUSDT,trade,SPOT,2025-06-10T21:24:53.394906
1749565492120,2744.20,0.0751,buy,1316338569861734401,ETHUSDT,trade,SPOT,2025-06-10T21:24:53.394907
1749565492106,2744.19,0.0427,sell,1316338569803014197,ETHUSDT,trade,SPOT,2025-06-10T21:24:53.394908
1749565492021,2744.19,0.4382,sell,1316338569446498305,ETHUSDT,trade,SPOT,2025-06-10T21:24:53.394909
1749565491969,2744.20,0.0539,buy,1316338569228394498,ETHUSDT,trade,SPOT,2025-06-10T21:24:53.394910
1749565491966,2744.20,0.0549,buy,1316338569215811587,ETHUSDT,trade,SPOT,2025-06-10T21:24:53.394911
1749565491959,2744.20,0.0422,buy,1316338569186451459,ETHUSDT,trade,SPOT,2025-06-10T21:24:53.394914
1749565491942,2744.20,0.0240,buy,1316338569115148289,ETHUSDT,trade,SPOT,2025-06-10T21:24:53.394915
1749565491892,2744.19,0.0348,sell,1316338568905433089,ETHUSDT,trade,SPOT,2025-06-10T21:24:53.394918
1749565491883,2744.19,0.0519,sell,1316338568867684356,ETHUSDT,trade,SPOT,2025-06-10T21:24:53.394920
1749565491856,2744.20,0.3185,buy,1316338568754438145,ETHUSDT,trade,SPOT,2025-06-10T21:24:53.394921
1749565491787,2744.19,0.0073,sell,1316338568465031170,ETHUSDT,trade,SPOT,2025-06-10T21:24:53.394922
1749565491743,2744.19,0.1597,sell,1316338568280481795,ETHUSDT,trade,SPOT,2025-06-10T21:24:53.394923
1749565491733,2744.19,0.0559,sell,1316338568238538755,ETHUSDT,trade,SPOT,2025-06-10T21:24:53.394925
1749565491673,2744.19,0.0352,sell,1316338567986880596,ETHUSDT,trade,SPOT,2025-06-10T21:24:53.394926
1749565491655,2744.19,0.0563,sell,1316338567911383042,ETHUSDT,trade,SPOT,2025-06-10T21:24:53.394927
1749565491629,2744.20,0.3138,buy,1316338567802331137,ETHUSDT,trade,SPOT,2025-06-10T21:24:53.394928
1749565491609,2744.19,0.0590,sell,1316338567718445057,ETHUSDT,trade,SPOT,2025-06-10T21:24:53.394929
1749565491416,2744.19,0.0913,sell,1316338566908944385,ETHUSDT,trade,SPOT,2025-06-10T21:24:53.394930
1749565491415,2744.19,0.1799,sell,1316338566904750083,ETHUSDT,trade,SPOT,2025-06-10T21:24:53.394931
1749565491390,2744.19,0.0431,sell,1316338566799892483,ETHUSDT,trade,SPOT,2025-06-10T21:24:53.394932
1749565491273,2744.19,0.0818,sell,1316338566309159005,ETHUSDT,trade,SPOT,2025-06-10T21:24:53.394934
1749565491253,2744.19,0.1509,sell,1316338566225272835,ETHUSDT,trade,SPOT,2025-06-10T21:24:53.394935
1749565491168,2744.20,0.1723,buy,1316338565868756994,ETHUSDT,trade,SPOT,2025-06-10T21:24:53.394936
1749565491142,2744.19,0.2927,sell,1316338565759705094,ETHUSDT,trade,SPOT,2025-06-10T21:24:53.394937
1749565491033,2744.20,0.0074,buy,1316338565302525955,ETHUSDT,trade,SPOT,2025-06-10T21:24:53.394939
1749565490963,2744.20,0.0141,buy,1316338565008924673,ETHUSDT,trade,SPOT,2025-06-10T21:24:53.394941
1749565490947,2744.19,0.0409,sell,1316338564941815811,ETHUSDT,trade,SPOT,2025-06-10T21:24:53.394942
1749565490934,2744.20,0.0045,buy,1316338564887289861,ETHUSDT,trade,SPOT,2025-06-10T21:24:53.394943
1749565483967,662.2,0.0061,buy,1316338535665971207,BNBUSDT,trade,SPOT,2025-06-10T21:24:54.908235
1749565477101,662.1,0.0076,sell,1316338506867879943,BNBUSDT,trade,SPOT,2025-06-10T21:24:54.908249
1749565446760,662.0,0.0052,buy,1316338379608502273,BNBUSDT,trade,SPOT,2025-06-10T21:24:54.908251
1749565445897,661.9,0.0208,sell,1316338375988818004,BNBUSDT,trade,SPOT,2025-06-10T21:24:54.908252
1749565433856,661.8,0.0175,sell,1316338325485203641,BNBUSDT,trade,SPOT,2025-06-10T21:24:54.908253
1749565431118,661.9,0.0151,buy,1316338314001199149,BNBUSDT,trade,SPOT,2025-06-10T21:24:54.908255
1749565429516,661.9,0.0091,buy,1316338307281924097,BNBUSDT,trade,SPOT,2025-06-10T21:24:54.908256
1749565402703,661.7,0.0079,sell,1316338194820050946,BNBUSDT,trade,SPOT,2025-06-10T21:24:54.908257
1749565396900,661.7,0.1573,sell,1316338170480504834,BNBUSDT,trade,SPOT,2025-06-10T21:24:54.908258
1749565395588,661.7,0.0035,sell,1316338164977578151,BNBUSDT,trade,SPOT,2025-06-10T21:24:54.908259
1749565356595,661.7,0.0075,buy,1316338001429082113,BNBUSDT,trade,SPOT,2025-06-10T21:24:54.908260
1749565313299,661.7,0.0151,buy,1316337819832496129,BNBUSDT,trade,SPOT,2025-06-10T21:24:54.908261
1749565300194,661.9,0.0076,sell,1316337764866142357,BNBUSDT,trade,SPOT,2025-06-10T21:24:54.908263
1749565292418,661.8,0.0075,buy,1316337732251234401,BNBUSDT,trade,SPOT,2025-06-10T21:24:54.908264
1749565274455,661.8,0.0075,buy,1316337656908951554,BNBUSDT,trade,SPOT,2025-06-10T21:24:54.908265
1749565234137,661.7,0.0066,sell,1316337487803002882,BNBUSDT,trade,SPOT,2025-06-10T21:24:54.908266
1749565228109,661.8,0.0016,buy,1316337462519738369,BNBUSDT,trade,SPOT,2025-06-10T21:24:54.908267
1749565225119,661.7,0.0060,buy,1316337449978769465,BNBUSDT,trade,SPOT,2025-06-10T21:24:54.908268
1749565219466,661.6,0.0297,sell,1316337426268368946,BNBUSDT,trade,SPOT,2025-06-10T21:24:54.908269
1749565187945,661.8,0.5091,sell,1316337294059712515,BNBUSDT,trade,SPOT,2025-06-10T21:24:54.908271
1749565187945,661.8,2.5000,sell,1316337294059712513,BNBUSDT,trade,SPOT,2025-06-10T21:24:54.908272
1749565179399,661.9,0.0025,buy,1316337258215190647,BNBUSDT,trade,SPOT,2025-06-10T21:24:54.908273
1749565110164,662.0,0.0139,sell,1316336967822553137,BNBUSDT,trade,SPOT,2025-06-10T21:24:54.908274
1749565095448,662.0,0.0098,buy,1316336906099175591,BNBUSDT,trade,SPOT,2025-06-10T21:24:54.908275
1749565054757,661.9,0.0142,sell,1316336735428751361,BNBUSDT,trade,SPOT,2025-06-10T21:24:54.908276
1749565048320,662.0,0.0077,sell,1316336708430016563,BNBUSDT,trade,SPOT,2025-06-10T21:24:54.908278
1749564993590,662.0,0.0246,buy,1316336478875758593,BNBUSDT,trade,SPOT,2025-06-10T21:24:54.908279
1749564979234,662.0,0.0030,buy,1316336418662330371,BNBUSDT,trade,SPOT,2025-06-10T21:24:54.908280
1749564973114,661.9,0.1026,sell,1316336392993189898,BNBUSDT,trade,SPOT,2025-06-10T21:24:54.908281
1749564973114,662.1,0.0062,sell,1316336392993189896,BNBUSDT,trade,SPOT,2025-06-10T21:24:54.908282
1749564962665,662.2,0.0660,buy,1316336349166907487,BNBUSDT,trade,SPOT,2025-06-10T21:24:54.908283
1749564962665,662.2,0.2360,buy,1316336349166907485,BNBUSDT,trade,SPOT,2025-06-10T21:24:54.908284
1749564961041,662.2,0.0345,buy,1316336342355357697,BNBUSDT,trade,SPOT,2025-06-10T21:24:54.908285
1749564949581,662.3,0.0080,buy,1316336294288633858,BNBUSDT,trade,SPOT,2025-06-10T21:24:54.908286
1749564943216,662.3,0.0754,buy,1316336267591888897,BNBUSDT,trade,SPOT,2025-06-10T21:24:54.908288
1749564918972,662.5,0.7547,sell,1316336165905182733,BNBUSDT,trade,SPOT,2025-06-10T21:24:54.908289
1749564890793,662.9,0.0301,buy,1316336047713890305,BNBUSDT,trade,SPOT,2025-06-10T21:24:54.908290
1749564889086,662.8,0.0200,sell,1316336040554213443,BNBUSDT,trade,SPOT,2025-06-10T21:24:54.908291
1749564883598,662.8,0.2321,sell,1316336017535873055,BNBUSDT,trade,SPOT,2025-06-10T21:24:54.908292
1749564877102,662.9,0.0016,buy,1316335990289674341,BNBUSDT,trade,SPOT,2025-06-10T21:24:54.908293
1749564874053,662.9,0.0035,buy,1316335977501241348,BNBUSDT,trade,SPOT,2025-06-10T21:24:54.908294
1749564799454,663.3,0.0150,buy,1316335664610357250,BNBUSDT,trade,SPOT,2025-06-10T21:24:54.908296
1749564788265,663.4,0.0090,buy,1316335617680289879,BNBUSDT,trade,SPOT,2025-06-10T21:24:54.908297
1749564784111,663.0,0.0047,buy,1316335600257150977,BNBUSDT,trade,SPOT,2025-06-10T21:24:54.908298
1749564742793,662.8,0.0150,buy,1316335426956898306,BNBUSDT,trade,SPOT,2025-06-10T21:24:54.908299
1749564742173,662.7,0.0161,sell,1316335424356429862,BNBUSDT,trade,SPOT,2025-06-10T21:24:54.908300
1749564730270,662.9,0.0729,buy,1316335374431629426,BNBUSDT,trade,SPOT,2025-06-10T21:24:54.908301
1749564717914,662.8,0.0121,sell,1316335322606809093,BNBUSDT,trade,SPOT,2025-06-10T21:24:54.908302
1749564687706,662.6,0.0079,buy,1316335195905273860,BNBUSDT,trade,SPOT,2025-06-10T21:24:54.908303
1749564678831,662.4,0.0305,sell,1316335158680825941,BNBUSDT,trade,SPOT,2025-06-10T21:24:54.908304
1749565496097,158.57,0.1261,sell,1316338586542874625,SOLUSDT,trade,SPOT,2025-06-10T21:24:56.601148
1749565493991,158.57,0.0609,sell,1316338577709670405,SOLUSDT,trade,SPOT,2025-06-10T21:24:56.601164
1749565491601,158.57,0.0120,sell,1316338567685283843,SOLUSDT,trade,SPOT,2025-06-10T21:24:56.601168
1749565491601,158.57,0.0478,sell,1316338567685283840,SOLUSDT,trade,SPOT,2025-06-10T21:24:56.601170
1749565490524,158.57,0.0783,sell,1316338563168018433,SOLUSDT,trade,SPOT,2025-06-10T21:24:56.601173
1749565490457,158.57,26.9500,sell,1316338562887000152,SOLUSDT,trade,SPOT,2025-06-10T21:24:56.601176
1749565488460,158.59,1.4160,buy,1316338554510975046,SOLUSDT,trade,SPOT,2025-06-10T21:24:56.601178
1749565488460,158.59,11.8125,buy,1316338554510975044,SOLUSDT,trade,SPOT,2025-06-10T21:24:56.601180
1749565488460,158.58,1.8487,buy,1316338554510975042,SOLUSDT,trade,SPOT,2025-06-10T21:24:56.601183
1749565488460,158.58,4.4109,buy,1316338554510975040,SOLUSDT,trade,SPOT,2025-06-10T21:24:56.601185
1749565488460,158.58,10.0000,buy,1316338554510975038,SOLUSDT,trade,SPOT,2025-06-10T21:24:56.601188
1749565488460,158.57,2.0244,buy,1316338554510975036,SOLUSDT,trade,SPOT,2025-06-10T21:24:56.601190
1749565488460,158.57,0.8672,buy,1316338554510975034,SOLUSDT,trade,SPOT,2025-06-10T21:24:56.601192
1749565488460,158.56,23.2034,buy,1316338554510975032,SOLUSDT,trade,SPOT,2025-06-10T21:24:56.601195
1749565488460,158.56,4.3001,buy,1316338554510975030,SOLUSDT,trade,SPOT,2025-06-10T21:24:56.601197
1749565488460,158.56,11.8125,buy,1316338554510975028,SOLUSDT,trade,SPOT,2025-06-10T21:24:56.601199
1749565488460,158.55,10.0000,buy,1316338554510975026,SOLUSDT,trade,SPOT,2025-06-10T21:24:56.601202
1749565488460,158.55,4.6804,buy,1316338554510975024,SOLUSDT,trade,SPOT,2025-06-10T21:24:56.601204
1749565488460,158.53,11.8125,buy,1316338554510975022,SOLUSDT,trade,SPOT,2025-06-10T21:24:56.601207
1749565488460,158.53,0.1261,buy,1316338554510975020,SOLUSDT,trade,SPOT,2025-06-10T21:24:56.601209
1749565488441,158.52,23.4000,sell,1316338554431283210,SOLUSDT,trade,SPOT,2025-06-10T21:24:56.601211
1749565480646,158.53,27.2800,buy,1316338521736683535,SOLUSDT,trade,SPOT,2025-06-10T21:24:56.601213
1749565479712,158.55,0.6937,sell,1316338517819203590,SOLUSDT,trade,SPOT,2025-06-10T21:24:56.601216
1749565479684,158.55,0.0436,sell,1316338517701763152,SOLUSDT,trade,SPOT,2025-06-10T21:24:56.601218
1749565479684,158.55,0.1261,sell,1316338517701763150,SOLUSDT,trade,SPOT,2025-06-10T21:24:56.601220
1749565479684,158.55,0.1261,sell,1316338517701763148,SOLUSDT,trade,SPOT,2025-06-10T21:24:56.601223
1749565479669,158.55,1.2306,sell,1316338517638848516,SOLUSDT,trade,SPOT,2025-06-10T21:24:56.601225
1749565475837,158.53,0.2100,buy,1316338501566275586,SOLUSDT,trade,SPOT,2025-06-10T21:24:56.601227
1749565475686,158.52,0.0648,buy,1316338500932935682,SOLUSDT,trade,SPOT,2025-06-10T21:24:56.601229
1749565475686,158.52,0.1261,buy,1316338500932935680,SOLUSDT,trade,SPOT,2025-06-10T21:24:56.601232
1749565474106,158.51,0.4548,sell,1316338494305935405,SOLUSDT,trade,SPOT,2025-06-10T21:24:56.601234
1749565472984,158.52,1.3559,buy,1316338489599926274,SOLUSDT,trade,SPOT,2025-06-10T21:24:56.601236
1749565472981,158.51,0.1261,buy,1316338489587343362,SOLUSDT,trade,SPOT,2025-06-10T21:24:56.601239
1749565471986,158.51,10.2400,buy,1316338485414010906,SOLUSDT,trade,SPOT,2025-06-10T21:24:56.601241
1749565469038,158.47,0.1262,buy,1316338473049202690,SOLUSDT,trade,SPOT,2025-06-10T21:24:56.601243
1749565465474,158.51,0.1261,sell,1316338458100703239,SOLUSDT,trade,SPOT,2025-06-10T21:24:56.601246
1749565465474,158.51,0.1261,sell,1316338458100703237,SOLUSDT,trade,SPOT,2025-06-10T21:24:56.601248
1749565465474,158.51,1.0579,sell,1316338458100703235,SOLUSDT,trade,SPOT,2025-06-10T21:24:56.601253
1749565465384,158.51,0.9054,sell,1316338457723215877,SOLUSDT,trade,SPOT,2025-06-10T21:24:56.601256
1749565465384,158.51,0.1261,sell,1316338457723215875,SOLUSDT,trade,SPOT,2025-06-10T21:24:56.601259
1749565465384,158.51,0.1261,sell,1316338457723215873,SOLUSDT,trade,SPOT,2025-06-10T21:24:56.601270
1749565463686,158.52,30.5700,buy,1316338450601287681,SOLUSDT,trade,SPOT,2025-06-10T21:24:56.601274
1749565462984,158.52,0.2152,buy,1316338447656886341,SOLUSDT,trade,SPOT,2025-06-10T21:24:56.601276
1749565462984,158.52,0.1261,buy,1316338447656886339,SOLUSDT,trade,SPOT,2025-06-10T21:24:56.601278
1749565460418,158.52,35.6600,buy,1316338436894302266,SOLUSDT,trade,SPOT,2025-06-10T21:24:56.601281
1749565458337,158.50,0.1881,buy,1316338428165955587,SOLUSDT,trade,SPOT,2025-06-10T21:24:56.601283
1749565458337,158.50,0.1261,buy,1316338428165955585,SOLUSDT,trade,SPOT,2025-06-10T21:24:56.601286
1749565457113,158.48,0.0648,buy,1316338423032127493,SOLUSDT,trade,SPOT,2025-06-10T21:24:56.601288
1749565457113,158.48,0.1262,buy,1316338423032127491,SOLUSDT,trade,SPOT,2025-06-10T21:24:56.601290
1749565451902,158.47,0.0495,sell,1316338401175609376,SOLUSDT,trade,SPOT,2025-06-10T21:24:56.601292
1749565496903,4.235,6.9401,sell,1316338589923459127,DOTUSDT,trade,SPOT,2025-06-10T21:24:58.192667
1749565494679,4.235,5.9661,sell,1316338580595326994,DOTUSDT,trade,SPOT,2025-06-10T21:24:58.192679
1749565491552,4.235,12.9907,sell,1316338567479738369,DOTUSDT,trade,SPOT,2025-06-10T21:24:58.192681
1749565489379,4.235,8.3572,sell,1316338558365515778,DOTUSDT,trade,SPOT,2025-06-10T21:24:58.192683
1749565486596,4.236,11.2823,buy,1316338546692767745,DOTUSDT,trade,SPOT,2025-06-10T21:24:58.192684
1749565485479,4.235,12.3830,sell,1316338542007730300,DOTUSDT,trade,SPOT,2025-06-10T21:24:58.192686
1749565482005,4.235,12.8467,buy,1316338527436718081,DOTUSDT,trade,SPOT,2025-06-10T21:24:58.192687
1749565481136,4.234,12.9717,sell,1316338523791867994,DOTUSDT,trade,SPOT,2025-06-10T21:24:58.192689
1749565480123,4.234,10.4521,sell,1316338519543037953,DOTUSDT,trade,SPOT,2025-06-10T21:24:58.192691
1749565478052,4.234,2.1968,sell,1316338510856634371,DOTUSDT,trade,SPOT,2025-06-10T21:24:58.192692
1749565477133,4.235,6.1905,buy,1316338507002069028,DOTUSDT,trade,SPOT,2025-06-10T21:24:58.192694
1749565475314,4.234,8.9216,buy,1316338499372630017,DOTUSDT,trade,SPOT,2025-06-10T21:24:58.192695
1749565474147,4.234,10.6682,buy,1316338494477877251,DOTUSDT,trade,SPOT,2025-06-10T21:24:58.192697
1749565472173,4.233,3.5532,sell,1316338486198321153,DOTUSDT,trade,SPOT,2025-06-10T21:24:58.192698
1749565471302,4.234,6.1406,buy,1316338482545082371,DOTUSDT,trade,SPOT,2025-06-10T21:24:58.192700
1749565470267,4.234,9.0036,buy,1316338478203977729,DOTUSDT,trade,SPOT,2025-06-10T21:24:58.192701
1749565469102,4.234,9.6187,buy,1316338473317613569,DOTUSDT,trade,SPOT,2025-06-10T21:24:58.192703
1749565467234,4.234,8.2009,buy,1316338465482653697,DOTUSDT,trade,SPOT,2025-06-10T21:24:58.192704
1749565465516,4.233,5.5871,buy,1316338458276839429,DOTUSDT,trade,SPOT,2025-06-10T21:24:58.192706
1749565464098,4.234,7.8118,sell,1316338452329316353,DOTUSDT,trade,SPOT,2025-06-10T21:24:58.192707
1749565462580,4.235,14.4121,buy,1316338445962362881,DOTUSDT,trade,SPOT,2025-06-10T21:24:58.192709
1749565461311,4.235,12.9850,buy,1316338440639791140,DOTUSDT,trade,SPOT,2025-06-10T21:24:58.192710
1749565459241,4.234,10.1145,sell,1316338431957581860,DOTUSDT,trade,SPOT,2025-06-10T21:24:58.192712
1749565457871,4.234,10.6908,buy,1316338426211385345,DOTUSDT,trade,SPOT,2025-06-10T21:24:58.192713
1749565455749,4.233,7.0192,sell,1316338417311072257,DOTUSDT,trade,SPOT,2025-06-10T21:24:58.192714
1749565454030,4.233,9.8151,sell,1316338410101063681,DOTUSDT,trade,SPOT,2025-06-10T21:24:58.192716
1749565452806,4.234,3.4525,buy,1316338404967235585,DOTUSDT,trade,SPOT,2025-06-10T21:24:58.192718
1749565451338,4.233,8.6916,buy,1316338398809997313,DOTUSDT,trade,SPOT,2025-06-10T21:24:58.192719
1749565449764,4.234,7.7818,buy,1316338392208162818,DOTUSDT,trade,SPOT,2025-06-10T21:24:58.192720
1749565448898,4.233,5.8033,buy,1316338388575895593,DOTUSDT,trade,SPOT,2025-06-10T21:24:58.192722
1749565447584,4.235,11.7168,buy,1316338383064580097,DOTUSDT,trade,SPOT,2025-06-10T21:24:58.192723
1749565446814,4.233,10.6520,sell,1316338379834966017,DOTUSDT,trade,SPOT,2025-06-10T21:24:58.192725
1749565445893,4.233,7.8832,buy,1316338375972012251,DOTUSDT,trade,SPOT,2025-06-10T21:24:58.192726
1749565445077,4.232,7.9982,buy,1316338372549459969,DOTUSDT,trade,SPOT,2025-06-10T21:24:58.192728
1749565443608,4.232,6.3956,sell,1316338366388027395,DOTUSDT,trade,SPOT,2025-06-10T21:24:58.192729
1749565441636,4.232,8.1035,buy,1316338358116859905,DOTUSDT,trade,SPOT,2025-06-10T21:24:58.192731
1749565439816,4.231,3.5729,sell,1316338350483226625,DOTUSDT,trade,SPOT,2025-06-10T21:24:58.192732
1749565439202,4.232,10.6010,buy,1316338347907923969,DOTUSDT,trade,SPOT,2025-06-10T21:24:58.192734
1749565439140,4.232,8.5402,buy,1316338347647877211,DOTUSDT,trade,SPOT,2025-06-10T21:24:58.192736
1749565437621,4.229,6.5532,sell,1316338341276729437,DOTUSDT,trade,SPOT,2025-06-10T21:24:58.192737
1749565437108,4.229,4.6995,sell,1316338339125051393,DOTUSDT,trade,SPOT,2025-06-10T21:24:58.192739
1749565436090,4.229,8.5412,buy,1316338334855249925,DOTUSDT,trade,SPOT,2025-06-10T21:24:58.192741
1749565434321,4.228,10.8634,sell,1316338327435526200,DOTUSDT,trade,SPOT,2025-06-10T21:24:58.192743
1749565433706,4.228,6.5666,sell,1316338324856029185,DOTUSDT,trade,SPOT,2025-06-10T21:24:58.192744
1749565432790,4.227,8.6378,sell,1316338321014046724,DOTUSDT,trade,SPOT,2025-06-10T21:24:58.192746
1749565431675,4.227,9.1671,sell,1316338316337397818,DOTUSDT,trade,SPOT,2025-06-10T21:24:58.192747
1749565430708,4.227,1.5307,sell,1316338312281505804,DOTUSDT,trade,SPOT,2025-06-10T21:24:58.192748
1749565429994,4.227,4.6010,sell,1316338309286772740,DOTUSDT,trade,SPOT,2025-06-10T21:24:58.192750
1749565428478,4.229,11.1738,buy,1316338302928207873,DOTUSDT,trade,SPOT,2025-06-10T21:24:58.192752
1749565427609,4.229,7.6790,buy,1316338299283357706,DOTUSDT,trade,SPOT,2025-06-10T21:24:58.192753
1749565498377,22.01,59.7108,sell,1316338596105863168,AVAXUSDT,trade,SPOT,2025-06-10T21:24:59.826635
1749565495083,22.02,1.8925,sell,1316338582289825796,AVAXUSDT,trade,SPOT,2025-06-10T21:24:59.826656
1749565487545,22.01,0.2607,sell,1316338550673162241,AVAXUSDT,trade,SPOT,2025-06-10T21:24:59.826659
1749565485125,22.01,0.2558,sell,1316338540522946561,AVAXUSDT,trade,SPOT,2025-06-10T21:24:59.826662
1749565482692,22.01,0.2512,sell,1316338530318204928,AVAXUSDT,trade,SPOT,2025-06-10T21:24:59.826664
1749565480141,22.00,0.2474,sell,1316338519618535449,AVAXUSDT,trade,SPOT,2025-06-10T21:24:59.826667
1749565477641,22.01,0.4819,sell,1316338509132775535,AVAXUSDT,trade,SPOT,2025-06-10T21:24:59.826669
1749565475184,22.01,1.8907,sell,1316338498827370496,AVAXUSDT,trade,SPOT,2025-06-10T21:24:59.826672
1749565470258,22.01,41.0088,sell,1316338478166229114,AVAXUSDT,trade,SPOT,2025-06-10T21:24:59.826674
1749565466733,22.00,33.4125,buy,1316338463381307402,AVAXUSDT,trade,SPOT,2025-06-10T21:24:59.826677
1749565466683,22.00,194.4155,sell,1316338463171592341,AVAXUSDT,trade,SPOT,2025-06-10T21:24:59.826679
1749565466603,22.00,129.8608,buy,1316338462836047873,AVAXUSDT,trade,SPOT,2025-06-10T21:24:59.826681
1749565466599,22.00,14.4884,buy,1316338462819270665,AVAXUSDT,trade,SPOT,2025-06-10T21:24:59.826684
1749565466599,22.00,12.8373,buy,1316338462819270663,AVAXUSDT,trade,SPOT,2025-06-10T21:24:59.826686
1749565466599,22.00,0.5001,buy,1316338462819270661,AVAXUSDT,trade,SPOT,2025-06-10T21:24:59.826688
1749565466599,22.00,33.4125,buy,1316338462819270659,AVAXUSDT,trade,SPOT,2025-06-10T21:24:59.826691
1749565466446,21.99,0.4771,sell,1316338462177542267,AVAXUSDT,trade,SPOT,2025-06-10T21:24:59.826693
1749565464014,21.99,0.4698,sell,1316338451976994891,AVAXUSDT,trade,SPOT,2025-06-10T21:24:59.826695
1749565461579,21.99,0.9163,sell,1316338441763864579,AVAXUSDT,trade,SPOT,2025-06-10T21:24:59.826698
1749565458998,21.99,3.6015,sell,1316338430938365953,AVAXUSDT,trade,SPOT,2025-06-10T21:24:59.826700
1749565456000,21.99,1.0266,sell,1316338418363842562,AVAXUSDT,trade,SPOT,2025-06-10T21:24:59.826702
1749565455122,22.00,40.3165,buy,1316338414681243649,AVAXUSDT,trade,SPOT,2025-06-10T21:24:59.826705
1749565453596,21.99,1.0122,sell,1316338408280735745,AVAXUSDT,trade,SPOT,2025-06-10T21:24:59.826707
1749565451221,21.98,0.9978,sell,1316338398319263749,AVAXUSDT,trade,SPOT,2025-06-10T21:24:59.826709
1749565448735,21.99,0.9804,sell,1316338387892224001,AVAXUSDT,trade,SPOT,2025-06-10T21:24:59.826712
1749565446215,21.99,0.9654,sell,1316338377322577922,AVAXUSDT,trade,SPOT,2025-06-10T21:24:59.826714
1749565443657,21.99,1.8827,sell,1316338366593548306,AVAXUSDT,trade,SPOT,2025-06-10T21:24:59.826716
1749565442297,21.99,141.9366,buy,1316338360889294862,AVAXUSDT,trade,SPOT,2025-06-10T21:24:59.826729
1749565442297,21.99,0.6044,buy,1316338360889294860,AVAXUSDT,trade,SPOT,2025-06-10T21:24:59.826733
1749565442297,21.99,12.4220,buy,1316338360889294858,AVAXUSDT,trade,SPOT,2025-06-10T21:24:59.826735
1749565442292,21.99,20.9905,buy,1316338360868323330,AVAXUSDT,trade,SPOT,2025-06-10T21:24:59.826738
1749565441114,21.98,7.3817,sell,1316338355927433219,AVAXUSDT,trade,SPOT,2025-06-10T21:24:59.826740
1749565439570,21.98,0.6891,buy,1316338349451427841,AVAXUSDT,trade,SPOT,2025-06-10T21:24:59.826742
1749565437067,21.98,10.8275,buy,1316338338953084929,AVAXUSDT,trade,SPOT,2025-06-10T21:24:59.826745
1749565434850,21.97,13.3832,buy,1316338329654312961,AVAXUSDT,trade,SPOT,2025-06-10T21:24:59.826747
1749565431792,21.96,3.4666,buy,1316338316828131329,AVAXUSDT,trade,SPOT,2025-06-10T21:24:59.826750
1749565431325,21.96,17.9903,sell,1316338314869391362,AVAXUSDT,trade,SPOT,2025-06-10T21:24:59.826752
1749565429259,21.96,15.7754,sell,1316338306203959299,AVAXUSDT,trade,SPOT,2025-06-10T21:24:59.826754
1749565427792,21.96,18.3134,sell,1316338300050915330,AVAXUSDT,trade,SPOT,2025-06-10T21:24:59.826756
1749565427614,21.96,0.6503,sell,1316338299304329217,AVAXUSDT,trade,SPOT,2025-06-10T21:24:59.826759
1749565422468,21.97,10.7620,sell,1316338277720440839,AVAXUSDT,trade,SPOT,2025-06-10T21:24:59.826761
1749565422468,21.97,3.9380,sell,1316338277720440837,AVAXUSDT,trade,SPOT,2025-06-10T21:24:59.826871
1749565421404,21.98,8.8981,buy,1316338273257701377,AVAXUSDT,trade,SPOT,2025-06-10T21:24:59.826895
1749565417677,21.98,18.7000,buy,1316338257625530370,AVAXUSDT,trade,SPOT,2025-06-10T21:24:59.826899
1749565417555,21.98,0.2285,buy,1316338257113825282,AVAXUSDT,trade,SPOT,2025-06-10T21:24:59.826902
1749565413096,21.97,12.3266,sell,1316338238411423745,AVAXUSDT,trade,SPOT,2025-06-10T21:24:59.826906
1749565411562,21.97,116.0620,sell,1316338231977361543,AVAXUSDT,trade,SPOT,2025-06-10T21:24:59.826908
1749565411509,21.97,69.4771,buy,1316338231755063303,AVAXUSDT,trade,SPOT,2025-06-10T21:24:59.826911
1749565411509,21.97,1.0268,buy,1316338231755063301,AVAXUSDT,trade,SPOT,2025-06-10T21:24:59.826914
1749565411509,21.97,33.4125,buy,1316338231755063299,AVAXUSDT,trade,SPOT,2025-06-10T21:24:59.826916
1749565501027,0.6985,66.796,sell,1316338607220772971,ADAUSDT,trade,SPOT,2025-06-10T21:25:01.415888
1749565500917,0.6985,73.535,sell,1316338606759399425,ADAUSDT,trade,SPOT,2025-06-10T21:25:01.415902
1749565500857,0.6986,3321.493,buy,1316338606507741185,ADAUSDT,trade,SPOT,2025-06-10T21:25:01.415905
1749565500508,0.6986,8.597,buy,1316338605043929089,ADAUSDT,trade,SPOT,2025-06-10T21:25:01.415907
1749565500297,0.6985,43.866,sell,1316338604158930946,ADAUSDT,trade,SPOT,2025-06-10T21:25:01.415909
1749565500188,0.6985,46.886,sell,1316338603701751809,ADAUSDT,trade,SPOT,2025-06-10T21:25:01.415911
1749565499826,0.6985,57.734,sell,1316338602183413764,ADAUSDT,trade,SPOT,2025-06-10T21:25:01.415912
1749565499515,0.6986,39.540,buy,1316338600878985217,ADAUSDT,trade,SPOT,2025-06-10T21:25:01.415914
1749565499403,0.6986,53.427,buy,1316338600409223221,ADAUSDT,trade,SPOT,2025-06-10T21:25:01.415916
1749565498790,0.6986,72.003,buy,1316338597838114818,ADAUSDT,trade,SPOT,2025-06-10T21:25:01.415917
1749565498261,0.6986,27.390,buy,1316338595619328001,ADAUSDT,trade,SPOT,2025-06-10T21:25:01.415919
1749565497948,0.6986,60.122,buy,1316338594306510871,ADAUSDT,trade,SPOT,2025-06-10T21:25:01.415921
1749565497788,0.6986,53.586,buy,1316338593635422210,ADAUSDT,trade,SPOT,2025-06-10T21:25:01.415922
1749565497530,0.6986,46.953,buy,1316338592553291777,ADAUSDT,trade,SPOT,2025-06-10T21:25:01.415924
1749565497169,0.6985,19.127,sell,1316338591039148033,ADAUSDT,trade,SPOT,2025-06-10T21:25:01.415926
1749565496655,0.6986,43.108,buy,1316338588883275777,ADAUSDT,trade,SPOT,2025-06-10T21:25:01.415927
1749565496547,0.6985,70.725,sell,1316338588430290945,ADAUSDT,trade,SPOT,2025-06-10T21:25:01.415929
1749565496186,0.6986,73.956,buy,1316338586916147201,ADAUSDT,trade,SPOT,2025-06-10T21:25:01.415931
1749565495828,0.6986,56.502,buy,1316338585414586369,ADAUSDT,trade,SPOT,2025-06-10T21:25:01.415933
1749565495617,0.6986,64.902,buy,1316338584529588225,ADAUSDT,trade,SPOT,2025-06-10T21:25:01.415934
1749565495359,0.6985,46.230,sell,1316338583447457795,ADAUSDT,trade,SPOT,2025-06-10T21:25:01.415936
1749565494859,0.6985,68.836,sell,1316338581350305793,ADAUSDT,trade,SPOT,2025-06-10T21:25:01.415937
1749565494648,0.6985,83.138,sell,1316338580465307809,ADAUSDT,trade,SPOT,2025-06-10T21:25:01.415939
1749565494492,0.6985,44.588,sell,1316338579810996226,ADAUSDT,trade,SPOT,2025-06-10T21:25:01.415941
1749565494231,0.6986,65.909,buy,1316338578716282881,ADAUSDT,trade,SPOT,2025-06-10T21:25:01.415942
1749565494120,0.6986,51.539,buy,1316338578250715183,ADAUSDT,trade,SPOT,2025-06-10T21:25:01.415944
1749565493606,0.6986,47.491,buy,1316338576094842882,ADAUSDT,trade,SPOT,2025-06-10T21:25:01.415946
1749565493395,0.6986,43.365,buy,1316338575209844738,ADAUSDT,trade,SPOT,2025-06-10T21:25:01.415947
1749565493033,0.6985,62.844,sell,1316338573691506689,ADAUSDT,trade,SPOT,2025-06-10T21:25:01.415949
1749565492625,0.6986,47.141,buy,1316338571980230715,ADAUSDT,trade,SPOT,2025-06-10T21:25:01.415950
1749565492364,0.6985,47.919,sell,1316338570885517316,ADAUSDT,trade,SPOT,2025-06-10T21:25:01.415952
1749565491801,0.6984,43.700,sell,1316338568524124161,ADAUSDT,trade,SPOT,2025-06-10T21:25:01.415954
1749565491441,0.6985,32.127,buy,1316338567014174757,ADAUSDT,trade,SPOT,2025-06-10T21:25:01.415955
1749565490980,0.6985,74.469,buy,1316338565080600746,ADAUSDT,trade,SPOT,2025-06-10T21:25:01.415957
1749565490369,0.6985,47.423,buy,1316338562517880833,ADAUSDT,trade,SPOT,2025-06-10T21:25:01.415959
1749565489860,0.6984,49.160,sell,1316338560382980097,ADAUSDT,trade,SPOT,2025-06-10T21:25:01.415960
1749565489699,0.6984,90.782,sell,1316338559707697154,ADAUSDT,trade,SPOT,2025-06-10T21:25:01.415962
1749565489238,0.6985,77.475,buy,1316338557774123010,ADAUSDT,trade,SPOT,2025-06-10T21:25:01.415964
1749565488876,0.6985,36.401,buy,1316338556255784961,ADAUSDT,trade,SPOT,2025-06-10T21:25:01.415965
1749565488619,0.6984,65.671,sell,1316338555177848834,ADAUSDT,trade,SPOT,2025-06-10T21:25:01.415967
1749565488407,0.6984,72.803,sell,1316338554288656386,ADAUSDT,trade,SPOT,2025-06-10T21:25:01.415969
1749565487847,0.6985,54.936,buy,1316338551939846215,ADAUSDT,trade,SPOT,2025-06-10T21:25:01.415971
1749565487229,0.6985,68.474,buy,1316338549347766281,ADAUSDT,trade,SPOT,2025-06-10T21:25:01.415973
1749565486822,0.6984,43.730,buy,1316338547640684546,ADAUSDT,trade,SPOT,2025-06-10T21:25:01.415975
1749565486261,0.6984,106.828,buy,1316338545287680001,ADAUSDT,trade,SPOT,2025-06-10T21:25:01.415976
1749565486004,0.6983,67.804,sell,1316338544209743873,ADAUSDT,trade,SPOT,2025-06-10T21:25:01.415978
1749565485343,0.6984,27.459,buy,1316338541437308930,ADAUSDT,trade,SPOT,2025-06-10T21:25:01.415979
1749565485182,0.6983,62.066,sell,1316338540762025993,ADAUSDT,trade,SPOT,2025-06-10T21:25:01.415981
1749565484720,0.6984,52.575,buy,1316338538824257537,ADAUSDT,trade,SPOT,2025-06-10T21:25:01.415983
1749565484310,0.6983,63.134,sell,1316338537104592897,ADAUSDT,trade,SPOT,2025-06-10T21:25:01.415984
