thoi_gian,timestamp_api,instId,trade_id,price,size,side,action
2025-06-07T13:52:56.202624,1749279174425,SOLUSDT,1315137666408718437,152.21,0.7656,buy,snapshot
2025-06-07T13:52:56.202624,1749279167917,SOLUSDT,1315137639112187905,152.21,956.1800,buy,snapshot
2025-06-07T13:52:56.202624,1749279166508,SOLUSDT,1315137633202413569,152.21,14.2800,buy,snapshot
2025-06-07T13:52:56.202624,1749279165755,SOLUSDT,1315137630044102656,152.24,0.1000,sell,snapshot
2025-06-07T13:52:56.202624,1749279165618,SOLUSDT,1315137629469483039,152.25,0.1000,sell,snapshot
2025-06-07T13:52:56.202624,1749279165618,SOLUSDT,1315137629469483037,152.25,0.2647,sell,snapshot
2025-06-07T13:52:56.212831,1749279165615,SOLUSDT,1315137629456900097,152.25,0.8799,sell,snapshot
2025-06-07T13:52:56.212831,1749279165564,SOLUSDT,1315137629242990651,152.25,0.8918,sell,snapshot
2025-06-07T13:52:56.214622,1749279164512,SOLUSDT,1315137624830582784,152.27,0.1000,sell,snapshot
2025-06-07T13:52:56.214622,1749279164118,SOLUSDT,1315137623178027133,152.28,0.1000,buy,snapshot
2025-06-07T13:52:56.215666,1749279164118,SOLUSDT,1315137623178027129,152.28,0.0040,buy,snapshot
2025-06-07T13:52:56.215666,1749279164118,SOLUSDT,1315137623178027125,152.28,0.0167,buy,snapshot
2025-06-07T13:52:56.216837,1749279164118,SOLUSDT,1315137623178027120,152.28,0.1323,buy,snapshot
2025-06-07T13:52:56.216837,1749279164118,SOLUSDT,1315137623178027116,152.28,0.0083,buy,snapshot
2025-06-07T13:52:56.218055,1749279164118,SOLUSDT,1315137623178027111,152.27,0.3593,buy,snapshot
2025-06-07T13:52:56.218372,1749279164118,SOLUSDT,1315137623178027107,152.27,0.7942,buy,snapshot
2025-06-07T13:52:56.219173,1749279164118,SOLUSDT,1315137623178027104,152.27,0.0057,buy,snapshot
2025-06-07T13:52:56.219173,1749279164045,SOLUSDT,1315137622871842844,152.26,4.8441,buy,snapshot
2025-06-07T13:52:56.219173,1749279164036,SOLUSDT,1315137622834094117,152.26,0.6567,buy,snapshot
2025-06-07T13:52:56.219173,1749279164036,SOLUSDT,1315137622834094105,152.26,2.0397,buy,snapshot
2025-06-07T13:52:56.219173,1749279164035,SOLUSDT,1315137622829899785,152.26,0.7781,buy,snapshot
2025-06-07T13:52:56.219173,1749279164035,SOLUSDT,1315137622829899783,152.26,0.0284,buy,snapshot
2025-06-07T13:52:56.221961,1749279164035,SOLUSDT,1315137622829899781,152.26,0.0050,buy,snapshot
2025-06-07T13:52:56.221961,1749279164035,SOLUSDT,1315137622829899779,152.26,0.0037,buy,snapshot
2025-06-07T13:52:56.221961,1749279164035,SOLUSDT,1315137622829899777,152.26,0.0109,buy,snapshot
2025-06-07T13:52:56.221961,1749279162888,SOLUSDT,1315137618019033111,152.25,0.0051,buy,snapshot
2025-06-07T13:52:56.224025,1749279162888,SOLUSDT,1315137618019033109,152.25,0.0067,buy,snapshot
2025-06-07T13:52:56.224025,1749279162888,SOLUSDT,1315137618019033107,152.25,0.0224,buy,snapshot
2025-06-07T13:52:56.225314,1749279162888,SOLUSDT,1315137618019033105,152.25,0.1289,buy,snapshot
2025-06-07T13:52:56.226220,1749279162888,SOLUSDT,1315137618019033103,152.25,0.0478,buy,snapshot
2025-06-07T13:52:56.226673,1749279162888,SOLUSDT,1315137618019033101,152.25,0.0057,buy,snapshot
2025-06-07T13:52:56.226673,1749279162888,SOLUSDT,1315137618019033099,152.25,0.0164,buy,snapshot
2025-06-07T13:52:56.227553,1749279162888,SOLUSDT,1315137618019033097,152.25,0.0079,buy,snapshot
2025-06-07T13:52:56.227553,1749279162888,SOLUSDT,1315137618019033095,152.25,0.0115,buy,snapshot
2025-06-07T13:52:56.227553,1749279162888,SOLUSDT,1315137618019033093,152.25,0.0064,buy,snapshot
2025-06-07T13:52:56.227553,1749279162888,SOLUSDT,1315137618019033091,152.25,0.0069,buy,snapshot
2025-06-07T13:52:56.227553,1749279162801,SOLUSDT,1315137617654128653,152.24,0.0917,buy,snapshot
2025-06-07T13:52:56.227553,1749279162801,SOLUSDT,1315137617654128651,152.24,0.1026,buy,snapshot
2025-06-07T13:52:56.227553,1749279162801,SOLUSDT,1315137617654128649,152.24,0.1185,buy,snapshot
2025-06-07T13:52:56.227553,1749279162801,SOLUSDT,1315137617654128647,152.24,0.0061,buy,snapshot
2025-06-07T13:52:56.227553,1749279162801,SOLUSDT,1315137617654128645,152.24,0.0180,buy,snapshot
2025-06-07T13:52:56.227553,1749279162625,SOLUSDT,1315137616915931163,152.23,0.0046,buy,snapshot
2025-06-07T13:52:56.232401,1749279162625,SOLUSDT,1315137616915931161,152.23,0.0301,buy,snapshot
2025-06-07T13:52:56.233707,1749279162625,SOLUSDT,1315137616915931159,152.23,0.0422,buy,snapshot
2025-06-07T13:52:56.233707,1749279162625,SOLUSDT,1315137616915931157,152.22,0.0160,buy,snapshot
2025-06-07T13:52:56.234919,1749279162625,SOLUSDT,1315137616915931155,152.22,0.1070,buy,snapshot
2025-06-07T13:52:56.235199,1749279162625,SOLUSDT,1315137616915931153,152.22,0.0091,buy,snapshot
2025-06-07T13:52:56.235199,1749279162625,SOLUSDT,1315137616915931151,152.22,0.0098,buy,snapshot
2025-06-07T13:52:56.236092,1749279162625,SOLUSDT,1315137616915931149,152.22,0.0102,buy,snapshot
2025-06-07T13:52:56.236092,1749279162625,SOLUSDT,1315137616915931147,152.22,0.0041,buy,snapshot
2025-06-07T13:52:56.277203,1749279176224,BTCUSDT,1315137673953939457,105220.12,0.031396,sell,snapshot
2025-06-07T13:52:56.285926,1749279176065,BTCUSDT,1315137673287045183,105220.12,0.040301,sell,snapshot
2025-06-07T13:52:56.285926,1749279175658,BTCUSDT,1315137671579963393,105221.40,0.047224,sell,snapshot
2025-06-07T13:52:56.285926,1749279175395,BTCUSDT,1315137670476861443,105224.70,0.053578,sell,snapshot
2025-06-07T13:52:56.285926,1749279175185,BTCUSDT,1315137669596057683,105224.71,0.061097,buy,snapshot
2025-06-07T13:52:56.296746,1749279174622,BTCUSDT,1315137667234664463,105224.71,0.028095,buy,snapshot
2025-06-07T13:52:56.299004,1749279174551,BTCUSDT,1315137666936868954,105224.71,0.000032,buy,snapshot
2025-06-07T13:52:56.299004,1749279173859,BTCUSDT,1315137664034410497,105224.70,0.061937,sell,snapshot
2025-06-07T13:52:56.300523,1749279173501,BTCUSDT,1315137662532849868,105224.71,0.018030,buy,snapshot
2025-06-07T13:52:56.301338,1749279173088,BTCUSDT,1315137660800602114,105224.70,0.071119,sell,snapshot
2025-06-07T13:52:56.301884,1749279172827,BTCUSDT,1315137659705888769,105224.70,0.042162,sell,snapshot
2025-06-07T13:52:56.302678,1749279172367,BTCUSDT,1315137657776508931,105224.70,0.054775,sell,snapshot
2025-06-07T13:52:56.302678,1749279172209,BTCUSDT,1315137657113808937,105224.71,0.066224,buy,snapshot
2025-06-07T13:52:56.302678,1749279171999,BTCUSDT,1315137656233005144,105224.71,0.072519,buy,snapshot
2025-06-07T13:52:56.302678,1749279171739,BTCUSDT,1315137655142486017,105224.70,0.038695,sell,snapshot
2025-06-07T13:52:56.302678,1749279171280,BTCUSDT,1315137653217300481,105224.71,0.070163,buy,snapshot
2025-06-07T13:52:56.302678,1749279170822,BTCUSDT,1315137651296309250,105224.71,0.039499,buy,snapshot
2025-06-07T13:52:56.302678,1749279170615,BTCUSDT,1315137650428088321,105224.70,0.058367,sell,snapshot
2025-06-07T13:52:56.307364,1749279170358,BTCUSDT,1315137649350152235,105224.71,0.066774,buy,snapshot
2025-06-07T13:52:56.307364,1749279169797,BTCUSDT,1315137646997147655,105224.70,0.042403,sell,snapshot
2025-06-07T13:52:56.308775,1749279169687,BTCUSDT,1315137646535774298,105224.70,0.058893,sell,snapshot
2025-06-07T13:52:56.308775,1749279169329,BTCUSDT,1315137645034213377,105224.70,0.061422,sell,snapshot
2025-06-07T13:52:56.308775,1749279168971,BTCUSDT,1315137643532652546,105224.71,0.076223,buy,snapshot
2025-06-07T13:52:56.308775,1749279168613,BTCUSDT,1315137642031091717,105224.70,0.060272,sell,snapshot
2025-06-07T13:52:56.311352,1749279168303,BTCUSDT,1315137640730857564,105224.71,0.059506,buy,snapshot
2025-06-07T13:52:56.311969,1749279167941,BTCUSDT,1315137639212519425,105225.03,0.038435,sell,snapshot
2025-06-07T13:52:56.312585,1749279167872,BTCUSDT,1315137638923112543,105226.70,0.001957,sell,snapshot
2025-06-07T13:52:56.312585,1749279167872,BTCUSDT,1315137638923112540,105227.70,0.006899,sell,snapshot
2025-06-07T13:52:56.312585,1749279167872,BTCUSDT,1315137638923112532,105227.70,0.030860,sell,snapshot
2025-06-07T13:52:56.314384,1749279167872,BTCUSDT,1315137638923112527,105227.70,0.046533,sell,snapshot
2025-06-07T13:52:56.314384,1749279167868,BTCUSDT,1315137638906335238,105227.70,0.223467,sell,snapshot
2025-06-07T13:52:56.315661,1749279167868,BTCUSDT,1315137638906335236,105227.70,0.010000,sell,snapshot
2025-06-07T13:52:56.315661,1749279167732,BTCUSDT,1315137638335909995,105227.70,0.053942,sell,snapshot
2025-06-07T13:52:56.316705,1749279167223,BTCUSDT,1315137636201009156,105227.70,0.051345,sell,snapshot
2025-06-07T13:52:56.317166,1749279167062,BTCUSDT,1315137635525726209,105227.71,0.047556,buy,snapshot
2025-06-07T13:52:56.317977,1749279166828,BTCUSDT,1315137634544259074,105227.71,0.000084,buy,snapshot
2025-06-07T13:52:56.318529,1749279166753,BTCUSDT,1315137634229686277,105227.71,0.058963,buy,snapshot
2025-06-07T13:52:56.319153,1749279166645,BTCUSDT,1315137633776701534,105227.71,0.057038,buy,snapshot
2025-06-07T13:52:56.319153,1749279166237,BTCUSDT,1315137632065425509,105227.70,0.065071,sell,snapshot
2025-06-07T13:52:56.319153,1749279166235,BTCUSDT,1315137632057036801,105227.71,0.001037,buy,snapshot
2025-06-07T13:52:56.320899,1749279165927,BTCUSDT,1315137630765191169,105227.71,0.053140,buy,snapshot
2025-06-07T13:52:56.320899,1749279165567,BTCUSDT,1315137629255241793,105227.71,0.052683,buy,snapshot
2025-06-07T13:52:56.320899,1749279165360,BTCUSDT,1315137628387020891,105227.70,0.054110,sell,snapshot
2025-06-07T13:52:56.320899,1749279164902,BTCUSDT,1315137626466029693,105227.70,0.065149,sell,snapshot
2025-06-07T13:52:56.320899,1749279164545,BTCUSDT,1315137624968663044,105227.70,0.025696,sell,snapshot
2025-06-07T13:52:56.320899,1749279164457,BTCUSDT,1315137624599564354,105227.71,0.000028,buy,snapshot
2025-06-07T13:52:56.320899,1749279164238,BTCUSDT,1315137623681011713,105227.70,0.040161,sell,snapshot
2025-06-07T13:52:56.324015,1749279163879,BTCUSDT,1315137622175256707,105227.71,0.056542,buy,snapshot
2025-06-07T13:52:56.324015,1749279163522,BTCUSDT,1315137620677890049,105227.71,0.097394,buy,snapshot
2025-06-07T13:52:56.325131,1749279163262,BTCUSDT,1315137619587371009,105227.70,0.044768,sell,snapshot
2025-06-07T13:52:56.368429,1749279176089,ETHUSDT,1315137673387647021,2496.15,0.0400,buy,snapshot
2025-06-07T13:52:56.368429,1749279175665,ETHUSDT,1315137671609262081,2496.15,0.0320,buy,snapshot
2025-06-07T13:52:56.368429,1749279175577,ETHUSDT,1315137671240163329,2496.15,0.0734,buy,snapshot
2025-06-07T13:52:56.368429,1749279175300,ETHUSDT,1315137670078341194,2496.15,0.7482,buy,snapshot
2025-06-07T13:52:56.368429,1749279175088,ETHUSDT,1315137669189148673,2496.15,0.4473,buy,snapshot
2025-06-07T13:52:56.372574,1749279174780,ETHUSDT,1315137667897303041,2496.15,0.0472,buy,snapshot
2025-06-07T13:52:56.372574,1749279174777,ETHUSDT,1315137667884720209,2496.15,0.3250,buy,snapshot
2025-06-07T13:52:56.372574,1749279174464,ETHUSDT,1315137666571902977,2496.15,0.1131,buy,snapshot
2025-06-07T13:52:56.374029,1749279174361,ETHUSDT,1315137666139889892,2496.15,0.0368,buy,snapshot
2025-06-07T13:52:56.374029,1749279174361,ETHUSDT,1315137666139889890,2496.15,0.0012,buy,snapshot
2025-06-07T13:52:56.375194,1749279174361,ETHUSDT,1315137666139889888,2496.15,0.0021,buy,snapshot
2025-06-07T13:52:56.375194,1749279174249,ETHUSDT,1315137665670127618,2496.14,0.5392,sell,snapshot
2025-06-07T13:52:56.375194,1749279174162,ETHUSDT,1315137665305223169,2496.14,0.0734,sell,snapshot
2025-06-07T13:52:56.377395,1749279174038,ETHUSDT,1315137664785129486,2496.15,0.7382,buy,snapshot
2025-06-07T13:52:56.377395,1749279173976,ETHUSDT,1315137664525082812,2496.14,0.0520,sell,snapshot
2025-06-07T13:52:56.377395,1749279173878,ETHUSDT,1315137664114040833,2496.15,0.6592,buy,snapshot
2025-06-07T13:52:56.378738,1749279173817,ETHUSDT,1315137663858188290,2496.14,0.5623,sell,snapshot
2025-06-07T13:52:56.378738,1749279173403,ETHUSDT,1315137662121746632,2496.14,0.6120,sell,snapshot
2025-06-07T13:52:56.378738,1749279173243,ETHUSDT,1315137661450657795,2496.14,0.3134,sell,snapshot
2025-06-07T13:52:56.378738,1749279173032,ETHUSDT,1315137660565659748,2496.15,0.3069,buy,snapshot
2025-06-07T13:52:56.378738,1749279172722,ETHUSDT,1315137659265425486,2496.15,0.5706,buy,snapshot
2025-06-07T13:52:56.382057,1749279172673,ETHUSDT,1315137659059904513,2496.15,0.0734,buy,snapshot
2025-06-07T13:52:56.382365,1749279172561,ETHUSDT,1315137658590142465,2496.15,0.3415,buy,snapshot
2025-06-07T13:52:56.382365,1749279172200,ETHUSDT,1315137657075998721,2496.14,0.7425,sell,snapshot
2025-06-07T13:52:56.383483,1749279172197,ETHUSDT,1315137657063415864,2496.15,0.0198,buy,snapshot
2025-06-07T13:52:56.384535,1749279171987,ETHUSDT,1315137656182611970,2496.14,0.3749,sell,snapshot
2025-06-07T13:52:56.384866,1749279171773,ETHUSDT,1315137655285030916,2496.14,0.3580,sell,snapshot
2025-06-07T13:52:56.385461,1749279171673,ETHUSDT,1315137654865600514,2496.14,0.0687,sell,snapshot
2025-06-07T13:52:56.385461,1749279171660,ETHUSDT,1315137654811074571,2496.15,0.5663,buy,snapshot
2025-06-07T13:52:56.385461,1749279171446,ETHUSDT,1315137653913493505,2496.14,0.4866,sell,snapshot
2025-06-07T13:52:56.385461,1749279171296,ETHUSDT,1315137653284347982,2496.15,0.0801,buy,snapshot
2025-06-07T13:52:56.385461,1749279171181,ETHUSDT,1315137652802002945,2496.14,0.5746,sell,snapshot
2025-06-07T13:52:56.385461,1749279171018,ETHUSDT,1315137652118331394,2496.15,0.5921,buy,snapshot
2025-06-07T13:52:56.385461,1749279170969,ETHUSDT,1315137651912810497,2496.15,0.0248,buy,snapshot
2025-06-07T13:52:56.385461,1749279170677,ETHUSDT,1315137650688073729,2496.14,0.0734,sell,snapshot
2025-06-07T13:52:56.385461,1749279170652,ETHUSDT,1315137650583216129,2496.15,0.5446,buy,snapshot
2025-06-07T13:52:56.390680,1749279170428,ETHUSDT,1315137649643692033,2496.14,0.0409,sell,snapshot
2025-06-07T13:52:56.390680,1749279170338,ETHUSDT,1315137649266204713,2496.15,0.4278,buy,snapshot
2025-06-07T13:52:56.391876,1749279170127,ETHUSDT,1315137648381206533,2496.14,0.2305,sell,snapshot
2025-06-07T13:52:56.393058,1749279169863,ETHUSDT,1315137647273910273,2496.15,0.4682,buy,snapshot
2025-06-07T13:52:56.393406,1749279169551,ETHUSDT,1315137645965287425,2496.14,0.7620,sell,snapshot
2025-06-07T13:52:56.393846,1749279169464,ETHUSDT,1315137645600382977,2496.14,0.3094,sell,snapshot
2025-06-07T13:52:56.393846,1749279169240,ETHUSDT,1315137644660858881,2496.14,0.5650,sell,snapshot
2025-06-07T13:52:56.393846,1749279169143,ETHUSDT,1315137644254011489,2496.15,0.0734,buy,snapshot
2025-06-07T13:52:56.393846,1749279169079,ETHUSDT,1315137643985575938,2496.14,0.1608,sell,snapshot
2025-06-07T13:52:56.393846,1749279168969,ETHUSDT,1315137643524202497,2496.15,0.7116,buy,snapshot
2025-06-07T13:52:56.396536,1749279168756,ETHUSDT,1315137642630815745,2496.15,0.6630,buy,snapshot
2025-06-07T13:52:56.396536,1749279168594,ETHUSDT,1315137641951338563,2496.15,0.5255,buy,snapshot
2025-06-07T13:52:56.396536,1749279168332,ETHUSDT,1315137640852430849,2496.14,0.4237,sell,snapshot
2025-06-07T13:52:56.396536,1749279168221,ETHUSDT,1315137640386863238,2496.14,0.5026,sell,snapshot
2025-06-07T13:53:55.942958,1749279236428,BTCUSDT,1315137926467817539,105171.81,0.025940,buy,update
2025-06-07T13:53:55.995534,1749279236485,BTCUSDT,1315137926706892800,105171.81,0.032060,buy,update
2025-06-07T13:53:56.076229,1749279236553,ETHUSDT,1315137926992044034,2493.86,0.3925,sell,update
2025-06-07T13:53:56.094002,1749279236583,BTCUSDT,1315137927117934602,105171.80,0.006899,sell,update
2025-06-07T13:53:56.095757,1749279236583,BTCUSDT,1315137927117934600,105171.80,0.010000,sell,update
2025-06-07T13:53:56.097504,1749279236583,BTCUSDT,1315137927117934598,105171.80,0.009995,sell,update
2025-06-07T13:53:56.099238,1749279236583,BTCUSDT,1315137927117934596,105171.80,0.000037,sell,update
2025-06-07T13:53:56.100979,1749279236583,BTCUSDT,1315137927117934594,105171.80,0.005330,sell,update
2025-06-07T13:53:56.102962,1749279236583,BTCUSDT,1315137927117934592,105171.80,0.003772,sell,update
2025-06-07T13:53:56.281030,1749279236742,BTCUSDT,1315137927784828929,105170.58,0.041435,sell,update
2025-06-07T13:53:56.392823,1749279236879,ETHUSDT,1315137928359387138,2493.87,0.0688,buy,update
2025-06-07T13:53:56.444860,1749279236917,ETHUSDT,1315137928518770690,2493.87,0.3712,buy,update
2025-06-07T13:53:56.485566,1749279236950,BTCUSDT,1315137928657244305,105170.59,0.022663,buy,update
2025-06-07T13:53:56.677412,1749279237157,BTCUSDT,1315137929525465143,105170.58,0.043833,sell,update
2025-06-07T13:53:56.876180,1749279237365,BTCUSDT,1315137930397880322,105170.59,0.032203,buy,update
2025-06-07T13:53:56.959742,1749279237431,ETHUSDT,1315137930674642945,2493.86,0.3193,sell,update
2025-06-07T13:53:56.959742,1749279237426,ETHUSDT,1315137930653671522,2493.87,0.0400,buy,update
2025-06-07T13:53:57.047754,1749279237544,ETHUSDT,1315137931148599296,2493.87,0.3839,buy,update
2025-06-07T13:53:57.305778,1749279237772,BTCUSDT,1315137932104962051,105170.58,0.067521,sell,update
2025-06-07T13:53:57.401103,1749279237905,ETHUSDT,1315137932662743041,2493.87,0.4248,buy,update
2025-06-07T13:53:57.744026,1749279238216,ETHUSDT,1315137933967171585,2493.87,0.1979,buy,update
2025-06-07T13:53:57.751119,1749279238233,BTCUSDT,1315137934038536194,105170.58,0.026737,sell,update
2025-06-07T13:53:57.821467,1749279238293,ETHUSDT,1315137934290132993,2493.87,0.0320,buy,update
2025-06-07T13:53:57.918696,1749279238413,ETHUSDT,1315137934793449474,2493.86,0.3096,sell,update
2025-06-07T13:53:57.959618,1749279238443,BTCUSDT,1315137934919340297,105170.59,0.026568,buy,update
2025-06-07T13:53:57.994819,1749279238470,ETHUSDT,1315137935032524802,2493.86,0.0923,sell,update
2025-06-07T13:53:58.060547,1749279238545,BTCUSDT,1315137935347159042,105170.59,0.000028,buy,update
2025-06-07T13:53:58.143719,1749279238629,ETHUSDT,1315137935699419137,2493.87,0.4434,buy,update
2025-06-07T13:53:58.164869,1749279238651,BTCUSDT,1315137935791755265,105170.58,0.053683,sell,update
2025-06-07T13:53:58.310837,1749279238809,BTCUSDT,1315137936454455297,105170.58,0.059132,sell,update
2025-06-07T13:53:58.423066,1749279238894,ETHUSDT,1315137936810909697,2493.87,0.2981,buy,update
2025-06-07T13:53:58.513806,1749279239009,ETHUSDT,1315137937293254657,2493.86,0.0406,sell,update
2025-06-07T13:53:58.567377,1749279239056,ETHUSDT,1315137937490386945,2493.86,0.1879,sell,update
2025-06-07T13:53:58.842872,1749279239225,ETHUSDT,1315137938199224321,2493.87,0.1065,buy,update
2025-06-07T13:53:58.845982,1749279239275,ETHUSDT,1315137938408939532,2493.86,0.0121,sell,update
2025-06-07T13:53:58.973604,1749279239465,ETHUSDT,1315137939205857335,2493.87,0.0796,buy,update
2025-06-07T13:53:59.021657,1749279239518,ETHUSDT,1315137939428155393,2493.86,0.2822,sell,update
2025-06-07T13:53:59.260801,1749279239730,ETHUSDT,1315137940317347842,2493.87,0.3423,buy,update
2025-06-07T13:53:59.403362,1749279239885,ETHUSDT,1315137940967464960,2493.86,0.0688,sell,update
2025-06-07T13:53:59.660248,1749279240142,ETHUSDT,1315137942045401366,2493.87,0.3346,buy,update
2025-06-07T13:53:59.715043,1749279240204,ETHUSDT,1315137942305447937,2493.86,0.4953,sell,update
2025-06-07T13:53:59.765784,1749279240252,ETHUSDT,1315137942506774651,2493.87,0.0481,buy,update
2025-06-07T13:54:00.136895,1749279240617,ETHUSDT,1315137944037695493,2493.87,0.4242,buy,update
2025-06-07T13:54:00.263083,1749279240720,BTCUSDT,1315137944469770241,105170.58,0.034619,sell,update
2025-06-07T13:54:00.365932,1749279240852,SOLUSDT,1315137945023750237,151.92,0.1000,sell,update
2025-06-07T13:54:00.367564,1749279240852,SOLUSDT,1315137945023750235,151.92,0.2200,sell,update
2025-06-07T13:54:00.369298,1749279240852,SOLUSDT,1315137945023750233,151.92,0.1524,sell,update
2025-06-07T13:54:00.369298,1749279240852,SOLUSDT,1315137945023750231,151.93,0.1000,sell,update
2025-06-07T13:54:00.373745,1749279240852,SOLUSDT,1315137945023750229,151.93,0.1000,sell,update
2025-06-07T13:54:00.375727,1749279240852,SOLUSDT,1315137945023750227,151.93,0.2200,sell,update
2025-06-07T13:54:00.377631,1749279240852,SOLUSDT,1315137945023750225,151.93,0.1524,sell,update
2025-06-07T13:54:00.379125,1749279240852,SOLUSDT,1315137945023750223,151.94,0.1000,sell,update
2025-06-07T13:54:00.380505,1749279240852,SOLUSDT,1315137945023750221,151.94,0.2200,sell,update
2025-06-07T13:54:00.381322,1749279240852,SOLUSDT,1315137945023750219,151.94,0.1524,sell,update
2025-06-07T13:54:00.383107,1749279240850,SOLUSDT,1315137945015361556,151.95,0.3344,sell,update
2025-06-07T13:54:00.385655,1749279240848,SOLUSDT,1315137945006972935,151.95,0.6656,sell,update
2025-06-07T13:54:00.386101,1749279240848,SOLUSDT,1315137945006972933,151.95,0.2200,sell,update
2025-06-07T13:54:00.386101,1749279240848,SOLUSDT,1315137945006972931,151.95,0.1524,sell,update
2025-06-07T13:54:00.402731,1749279240882,BTCUSDT,1315137945149247489,105170.59,0.033018,buy,update
2025-06-07T13:54:00.491104,1749279240978,ETHUSDT,1315137945551839234,2493.86,0.2923,sell,update
2025-06-07T13:54:00.712836,1749279241190,BTCUSDT,1315137946441093121,105170.58,0.020420,sell,update
2025-06-07T13:54:00.792354,1749279241279,ETHUSDT,1315137946814324737,2493.87,0.0481,buy,update
2025-06-07T13:54:00.814590,1749279241289,ETHUSDT,1315137946856267780,2493.87,0.2723,buy,update
2025-06-07T13:54:00.929311,1749279241410,SOLUSDT,1315137947364171793,151.92,26.3296,buy,update
2025-06-07T13:54:00.959876,1749279241451,ETHUSDT,1315137947535745084,2493.86,0.3579,sell,update
2025-06-07T13:54:01.062897,1749279241548,ETHUSDT,1315137947942592513,2493.86,0.0409,sell,update
2025-06-07T13:54:01.069038,1749279241547,BTCUSDT,1315137947938459650,105170.58,0.024938,sell,update
2025-06-07T13:54:01.172056,1749279241647,BTCUSDT,1315137948357890090,105170.58,0.010000,sell,update
2025-06-07T13:54:01.176966,1749279241647,BTCUSDT,1315137948357890088,105170.58,0.000033,sell,update
2025-06-07T13:54:01.176966,1749279241647,BTCUSDT,1315137948357890086,105170.58,0.009810,sell,update
2025-06-07T13:54:01.178721,1749279241647,BTCUSDT,1315137948357890083,105170.58,0.010000,sell,update
2025-06-07T13:54:01.180462,1749279241647,BTCUSDT,1315137948357890080,105170.58,0.009152,sell,update
2025-06-07T13:54:01.182199,1749279241647,BTCUSDT,1315137948357890075,105170.58,0.000710,sell,update
2025-06-07T13:54:01.246012,1749279241718,BTCUSDT,1315137948655685666,105169.80,0.001046,sell,update
2025-06-07T13:54:01.274808,1749279241744,BTCUSDT,1315137948764737538,105169.80,0.000059,buy,update
2025-06-07T13:54:01.331991,1749279241805,BTCUSDT,1315137949020590081,105167.80,0.041362,sell,update
2025-06-07T13:54:01.409091,1749279241867,ETHUSDT,1315137949280575601,2493.85,0.3179,buy,update
2025-06-07T13:54:01.435247,1749279241931,ETHUSDT,1315137949549010945,2493.85,0.0561,buy,update
2025-06-07T13:54:01.496116,1749279241963,BTCUSDT,1315137949683290134,105167.80,0.049246,sell,update
2025-06-07T13:54:01.496116,1749279241978,ETHUSDT,1315137949746143234,2493.84,0.2123,sell,update
2025-06-07T13:54:01.653034,1749279242112,ETHUSDT,1315137950308179972,2493.84,0.0198,sell,update
2025-06-07T13:54:01.797252,1749279242274,BTCUSDT,1315137950987718657,105167.80,0.069418,sell,update
2025-06-07T13:54:01.868278,1749279242339,ETHUSDT,1315137951260287086,2493.84,0.3391,sell,update
2025-06-07T13:54:01.904385,1749279242381,BTCUSDT,1315137951436509241,105167.81,0.051740,buy,update
2025-06-07T13:54:02.267237,1749279242750,ETHUSDT,1315137952984145949,2493.84,0.0443,sell,update
2025-06-07T13:54:02.268644,1749279242750,ETHUSDT,1315137952984145947,2493.84,0.0030,sell,update
2025-06-07T13:54:02.314969,1749279242800,ETHUSDT,1315137953193861147,2493.84,0.4168,sell,update
2025-06-07T13:54:02.318791,1749279242792,BTCUSDT,1315137953160368181,105167.81,0.051752,buy,update
2025-06-07T13:54:02.393535,1749279242871,ETHUSDT,1315137953491656754,2493.84,0.1065,sell,update
2025-06-07T13:54:02.664591,1749279243157,SOLUSDT,1315137954691620944,151.91,94.9700,sell,update
2025-06-07T13:54:02.722481,1749279243206,ETHUSDT,1315137954896748650,2493.84,0.0248,sell,update
2025-06-07T13:54:02.730836,1749279243200,BTCUSDT,1315137954871644167,105167.81,0.038487,buy,update
2025-06-07T13:54:02.825605,1749279243307,BTCUSDT,1315137955320434689,105167.81,0.000297,buy,update
2025-06-07T13:54:02.869457,1749279243364,ETHUSDT,1315137955559448577,2493.84,0.2603,sell,update
2025-06-07T13:54:02.958797,1749279243446,ETHUSDT,1315137955903381505,2493.85,0.0320,buy,update
2025-06-07T13:54:03.119003,1749279243608,BTCUSDT,1315137956582920193,105167.81,0.068410,buy,update
2025-06-07T13:54:03.132300,1749279243624,ETHUSDT,1315137956649967617,2493.84,0.2624,sell,update
2025-06-07T13:54:03.243554,1749279243715,BTCUSDT,1315137957031710748,105167.80,0.026767,sell,update
2025-06-07T13:54:03.251972,1749279243741,ETHUSDT,1315137957140701185,2493.84,7.0000,sell,update
2025-06-07T13:54:03.455730,1749279243935,ETHUSDT,1315137957954396163,2493.80,0.1172,buy,update
2025-06-07T13:54:03.615363,1749279244084,ETHUSDT,1315137958579347459,2493.80,0.0360,buy,update
2025-06-07T13:54:03.617033,1749279244078,ETHUSDT,1315137958554181633,2493.80,0.0688,buy,update
2025-06-07T13:54:03.707600,1749279244174,BTCUSDT,1315137958956896259,105167.80,0.034709,sell,update
2025-06-07T13:54:03.711079,1749279244198,ETHUSDT,1315137959057498192,2493.80,0.3381,buy,update
2025-06-07T13:54:03.712818,1749279244208,SOLUSDT,1315137959099834369,151.91,0.9990,sell,update
2025-06-07T13:54:03.802227,1749279244283,BTCUSDT,1315137959414075432,105167.81,0.053718,buy,update
2025-06-07T13:54:04.011029,1749279244485,ETHUSDT,1315137960261263432,2493.79,0.0228,sell,update
2025-06-07T13:54:04.069506,1749279244562,ETHUSDT,1315137960584224771,2493.80,0.3103,buy,update
2025-06-07T13:54:04.368076,1749279244845,BTCUSDT,1315137961771274245,105167.80,0.010000,sell,update
2025-06-07T13:54:04.368076,1749279244845,BTCUSDT,1315137961771274243,105167.80,0.009109,sell,update
2025-06-07T13:54:04.370388,1749279244845,BTCUSDT,1315137961771274241,105167.80,0.091800,sell,update
2025-06-07T13:54:04.536881,1749279244993,BTCUSDT,1315137962392031233,105165.16,0.027018,sell,update
2025-06-07T13:54:04.769081,1749279245255,BTCUSDT,1315137963490939063,105163.81,0.045589,buy,update
2025-06-07T13:54:04.977557,1749279245466,BTCUSDT,1315137964375937025,105163.81,0.060209,buy,update
2025-06-07T13:54:05.149714,1749279245640,BTCUSDT,1315137965105745921,105163.81,0.000019,buy,update
2025-06-07T13:54:05.601672,1749279246030,BTCUSDT,1315137966741524567,105163.81,0.024565,buy,update
2025-06-07T13:54:05.625223,1749279246116,BTCUSDT,1315137967102234625,105163.81,0.000010,buy,update
2025-06-07T13:54:05.733599,1749279246231,SOLUSDT,1315137967584911364,151.91,69.0700,sell,update
2025-06-07T13:54:06.041840,1749279246522,SOLUSDT,1315137968805453829,151.91,0.1000,sell,update
2025-06-07T13:54:06.042887,1749279246522,SOLUSDT,1315137968805453827,151.91,0.2200,sell,update
2025-06-07T13:54:06.044639,1749279246522,SOLUSDT,1315137968805453825,151.91,0.1524,sell,update
2025-06-07T13:54:06.235461,1749279246553,SOLUSDT,1315137968935477366,151.90,0.1000,sell,update
2025-06-07T13:54:06.235461,1749279246553,SOLUSDT,1315137968935477358,151.90,0.2200,sell,update
2025-06-07T13:54:06.235461,1749279246553,SOLUSDT,1315137968935477347,151.90,0.1524,sell,update
2025-06-07T13:54:06.442908,1749279246919,SOLUSDT,1315137970470592666,151.87,0.1000,sell,update
2025-06-07T13:54:06.442908,1749279246919,SOLUSDT,1315137970470592664,151.87,0.2200,sell,update
2025-06-07T13:54:06.442908,1749279246919,SOLUSDT,1315137970470592662,151.87,0.1525,sell,update
2025-06-07T13:54:06.450169,1749279246919,SOLUSDT,1315137970470592660,151.88,0.1000,sell,update
2025-06-07T13:54:06.451235,1749279246919,SOLUSDT,1315137970470592658,151.88,0.2200,sell,update
2025-06-07T13:54:06.451235,1749279246919,SOLUSDT,1315137970470592656,151.88,0.1525,sell,update
2025-06-07T13:54:06.455832,1749279246918,SOLUSDT,1315137970466398235,151.89,0.2200,sell,update
2025-06-07T13:54:06.457668,1749279246918,SOLUSDT,1315137970466398232,151.89,0.1524,sell,update
2025-06-07T13:54:06.592750,1749279247062,SOLUSDT,1315137971070377992,151.86,2.1171,sell,update
2025-06-07T13:54:06.592750,1749279247062,SOLUSDT,1315137971070377990,151.86,0.1000,sell,update
2025-06-07T13:54:06.592750,1749279247062,SOLUSDT,1315137971070377988,151.86,0.2200,sell,update
2025-06-07T13:54:06.592750,1749279247062,SOLUSDT,1315137971070377986,151.86,0.1525,sell,update
2025-06-07T13:54:07.554405,1749279248043,SOLUSDT,1315137975184990215,151.85,0.2200,sell,update
2025-06-07T13:54:07.554405,1749279248043,SOLUSDT,1315137975184990213,151.85,0.1525,sell,update
2025-06-07T13:54:07.985647,1749279248453,SOLUSDT,1315137976904654850,151.84,79.4500,sell,update
2025-06-07T13:54:10.034286,1749279250517,SOLUSDT,1315137985561698313,151.83,0.1000,sell,update
2025-06-07T13:54:10.034286,1749279250517,SOLUSDT,1315137985561698311,151.83,0.1000,sell,update
2025-06-07T13:54:10.034286,1749279250517,SOLUSDT,1315137985561698309,151.83,0.2200,sell,update
2025-06-07T13:54:10.034286,1749279250517,SOLUSDT,1315137985561698307,151.83,0.1525,sell,update
2025-06-07T13:54:10.041566,1749279250516,SOLUSDT,1315137985557504008,151.84,1.0000,sell,update
2025-06-07T13:54:10.043841,1749279250516,SOLUSDT,1315137985557504006,151.84,0.1000,sell,update
2025-06-07T13:54:10.045520,1749279250516,SOLUSDT,1315137985557504004,151.84,0.2200,sell,update
2025-06-07T13:54:10.047120,1749279250516,SOLUSDT,1315137985557504002,151.84,0.1525,sell,update
2025-06-07T13:54:10.099737,1749279250576,SOLUSDT,1315137985809162276,151.83,47.9400,buy,update
2025-06-07T13:54:11.377508,1749279251869,SOLUSDT,1315137991232397314,151.83,0.2700,buy,update
2025-06-07T13:54:11.435407,1749279251916,SOLUSDT,1315137991429529601,151.83,0.3300,buy,update
2025-06-07T13:54:55.849411,1749279296335,SOLUSDT,1315138177736318977,151.87,0.6600,buy,update
2025-06-07T13:54:55.851168,1749279296324,SOLUSDT,1315138177690181636,151.87,0.4389,buy,update
2025-06-07T13:54:55.854640,1749279296324,SOLUSDT,1315138177690181634,151.87,0.0179,buy,update
2025-06-07T13:54:56.025709,1749279296497,SOLUSDT,1315138178415796278,151.87,44.7000,sell,update
2025-06-07T13:54:56.030953,1749279296508,BTCUSDT,1315138178461601879,105137.91,0.045177,buy,update
2025-06-07T13:54:56.291662,1749279296653,ETHUSDT,1315138179069714433,2493.41,0.1484,buy,update
2025-06-07T13:54:56.337441,1749279296815,BTCUSDT,1315138179749253212,105137.90,0.045511,sell,update
2025-06-07T13:54:56.497118,1749279296906,SOLUSDT,1315138180131266604,151.87,61.2900,sell,update
2025-06-07T13:54:56.502851,1749279296916,ETHUSDT,1315138180172816388,2493.41,0.3183,buy,update
2025-06-07T13:54:56.599467,1749279297077,ETHUSDT,1315138180848099331,2493.40,0.3426,sell,update
2025-06-07T13:54:56.639537,1749279297123,BTCUSDT,1315138181041098754,105137.91,0.035928,buy,update
2025-06-07T13:54:56.792683,1749279297251,ETHUSDT,1315138181577908226,2493.41,0.0291,buy,update
2025-06-07T13:54:56.866683,1749279297342,ETHUSDT,1315138181959589892,2493.41,0.2923,buy,update
2025-06-07T13:54:56.995050,1749279297480,BTCUSDT,1315138182538465392,105137.91,0.043448,buy,update
2025-06-07T13:54:57.111594,1749279297604,ETHUSDT,1315138183058497537,2493.40,0.2649,sell,update
2025-06-07T13:54:57.137037,1749279297621,ETHUSDT,1315138183129800707,2493.40,0.0228,sell,update
2025-06-07T13:54:57.315038,1749279297720,ETHUSDT,1315138183545036801,2493.40,0.0675,sell,update
2025-06-07T13:54:57.321181,1749279297788,ETHUSDT,1315138183830249631,2493.40,0.0264,sell,update
2025-06-07T13:54:57.325250,1749279297807,BTCUSDT,1315138183910002691,105137.91,0.009641,buy,update
2025-06-07T13:54:57.348462,1749279297838,BTCUSDT,1315138184040026160,105137.90,0.053463,sell,update
2025-06-07T13:54:57.438757,1749279297915,ETHUSDT,1315138184362926085,2493.41,0.1933,buy,update
2025-06-07T13:54:57.529966,1749279297975,ETHUSDT,1315138184614584554,2493.40,0.3646,sell,update
2025-06-07T13:54:57.614152,1749279298071,BTCUSDT,1315138185017299030,105137.91,0.000047,buy,update
2025-06-07T13:54:57.626932,1749279298106,ETHUSDT,1315138185164038145,2493.41,0.0005,buy,update
2025-06-07T13:54:57.628478,1749279298099,BTCUSDT,1315138185134739457,105137.90,0.000954,sell,update
2025-06-07T13:54:57.736689,1749279298198,BTCUSDT,1315138185549975581,105137.91,0.055419,buy,update
2025-06-07T13:54:57.742348,1749279298223,SOLUSDT,1315138185655164983,151.88,120.3500,buy,update
2025-06-07T13:54:57.759213,1749279298236,ETHUSDT,1315138185709297667,2493.41,0.1873,buy,update
2025-06-07T13:54:58.001517,1749279298494,ETHUSDT,1315138186791428187,2493.40,0.3225,sell,update
2025-06-07T13:54:58.078272,1749279298559,ETHUSDT,1315138187064057857,2493.40,0.1065,sell,update
2025-06-07T13:54:58.142345,1749279298606,BTCUSDT,1315138187261251586,105137.91,0.052531,buy,update
2025-06-07T13:54:58.231038,1749279298705,ETHUSDT,1315138187676426243,2493.41,0.3636,buy,update
2025-06-07T13:54:58.280428,1749279298767,ETHUSDT,1315138187936473186,2493.40,0.1839,sell,update
2025-06-07T13:54:58.306666,1749279298789,ETHUSDT,1315138188028747777,2493.41,0.0409,buy,update
2025-06-07T13:54:58.481002,1749279298965,BTCUSDT,1315138188767006879,105137.91,0.032865,buy,update
2025-06-07T13:54:58.589464,1749279299071,ETHUSDT,1315138189211541535,2493.40,0.0320,sell,update
2025-06-07T13:54:58.695966,1749279299179,ETHUSDT,1315138189664526338,2493.41,0.3689,buy,update
2025-06-07T13:54:58.971337,1749279299442,ETHUSDT,1315138190767628289,2493.40,0.1706,sell,update
2025-06-07T13:54:58.987215,1749279299477,BTCUSDT,1315138190914490369,105137.90,0.053079,sell,update
2025-06-07T13:54:59.261478,1749279299630,ETHUSDT,1315138191556157471,2493.41,0.0198,buy,update
2025-06-07T13:54:59.289086,1749279299758,ETHUSDT,1315138192093028354,2493.41,0.3701,buy,update
2025-06-07T13:54:59.465515,1749279299939,BTCUSDT,1315138192852258824,105137.91,0.064164,buy,update
2025-06-07T13:54:59.588388,1749279300073,ETHUSDT,1315138193414234113,2493.40,0.2679,sell,update
2025-06-07T13:54:59.920145,1749279300397,BTCUSDT,1315138194773250141,105137.90,0.040472,sell,update
2025-06-07T13:54:59.965564,1749279300433,ETHUSDT,1315138194924183575,2493.40,0.2668,sell,update
2025-06-07T13:55:00.180860,1749279300605,BTCUSDT,1315138195645665282,105137.91,0.045982,buy,update
2025-06-07T13:55:00.270923,1749279300750,SOLUSDT,1315138196254171333,151.87,78.6600,sell,update
2025-06-07T13:55:00.487028,1749279300924,SOLUSDT,1315138196983980033,151.87,0.0677,sell,update
2025-06-07T13:55:00.497967,1749279300949,ETHUSDT,1315138197088444418,2493.41,0.0384,buy,update
2025-06-07T13:55:00.587519,1749279301063,BTCUSDT,1315138197566656514,105137.90,0.039560,sell,update
2025-06-07T13:55:00.727833,1749279301210,ETHUSDT,1315138198183157763,2493.40,0.2837,sell,update
2025-06-07T13:55:00.896820,1749279301371,BTCUSDT,1315138198858502145,105137.90,0.034982,sell,update
2025-06-07T13:55:01.101529,1749279301525,ETHUSDT,1315138199504363521,2493.41,0.3507,buy,update
2025-06-07T13:55:01.108178,1749279301544,ETHUSDT,1315138199584055393,2493.41,0.0473,buy,update
2025-06-07T13:55:01.309399,1749279301686,ETHUSDT,1315138200179646466,2493.41,0.2176,buy,update
2025-06-07T13:55:01.313992,1749279301731,BTCUSDT,1315138200368451613,105137.91,0.081489,buy,update
2025-06-07T13:55:01.358622,1749279301838,BTCUSDT,1315138200817242113,105137.90,0.033760,sell,update
2025-06-07T13:55:01.610222,1749279302046,ETHUSDT,1315138201689595925,2493.41,0.2344,buy,update
2025-06-07T13:55:01.636274,1749279302098,BTCUSDT,1315138201907761154,105137.91,0.061246,buy,update
2025-06-07T13:55:01.820722,1749279302255,BTCUSDT,1315138202566266883,105137.91,0.050040,buy,update
2025-06-07T13:55:01.850082,1749279302312,ETHUSDT,1315138202805280769,2493.41,0.2705,buy,update
2025-06-07T13:55:02.126819,1749279302579,ETHUSDT,1315138203925159937,2493.40,0.3663,sell,update
2025-06-07T13:55:02.132735,1749279302614,BTCUSDT,1315138204072022185,105137.91,0.042868,buy,update
2025-06-07T13:55:02.328651,1749279302740,ETHUSDT,1315138204600442881,2493.40,0.3741,sell,update
2025-06-07T13:55:02.421063,1749279302901,ETHUSDT,1315138205275725825,2493.41,0.3761,buy,update
2025-06-07T13:55:02.611332,1749279303077,SOLUSDT,1315138206014316545,151.89,141.1300,buy,update
2025-06-07T13:55:02.735518,1749279303228,BTCUSDT,1315138206647324673,105137.91,0.026468,buy,update
2025-06-07T13:55:02.828278,1749279303314,ETHUSDT,1315138207007973377,2493.40,0.3747,sell,update
2025-06-07T13:55:03.152525,1749279303576,ETHUSDT,1315138208106881025,2493.40,0.2312,sell,update
2025-06-07T13:55:03.152525,1749279303636,ETHUSDT,1315138208358539265,2493.41,0.2807,buy,update
2025-06-07T13:55:03.173505,1749279303637,BTCUSDT,1315138208362795010,105137.90,0.046078,sell,update
2025-06-07T13:55:03.228045,1749279303699,ETHUSDT,1315138208622780419,2493.41,0.0675,buy,update
2025-06-07T13:55:03.340566,1749279303799,ETHUSDT,1315138209042210818,2493.40,0.2062,sell,update
2025-06-07T13:55:03.561411,1749279304016,ETHUSDT,1315138209952374880,2493.40,0.2928,sell,update
2025-06-07T13:55:03.669850,1749279304146,BTCUSDT,1315138210497695745,105137.90,0.047438,sell,update
2025-06-07T13:55:03.869136,1749279304333,ETHUSDT,1315138211281969184,2493.40,0.2700,sell,update
2025-06-07T13:55:04.174513,1749279304548,ETHUSDT,1315138212183744514,2493.40,0.2617,sell,update
2025-06-07T13:55:04.182420,1749279304555,BTCUSDT,1315138212213166082,105137.91,0.040812,buy,update
2025-06-07T13:55:04.188811,1749279304679,ETHUSDT,1315138212733198341,2493.41,0.0197,buy,update
2025-06-07T13:55:04.380350,1749279304807,ETHUSDT,1315138213270069310,2493.41,0.0493,buy,update
2025-06-07T13:55:04.425842,1749279304911,SOLUSDT,1315138213706670160,151.90,0.0582,sell,update
2025-06-07T13:55:04.434788,1749279304911,SOLUSDT,1315138213706670158,151.91,0.0076,sell,update
2025-06-07T13:55:04.494450,1749279304963,BTCUSDT,1315138213924442129,105137.90,0.054917,sell,update
2025-06-07T13:55:04.586858,1749279305062,ETHUSDT,1315138214339616770,2493.40,0.2396,sell,update
2025-06-07T13:55:04.595994,1749279305065,SOLUSDT,1315138214352592902,151.98,0.8318,buy,update
2025-06-07T13:55:04.597693,1749279305065,SOLUSDT,1315138214352592900,151.97,0.1000,buy,update
2025-06-07T13:55:04.601190,1749279305063,SOLUSDT,1315138214344204450,151.96,1.3179,buy,update
2025-06-07T13:55:04.602860,1749279305063,SOLUSDT,1315138214344204446,151.96,1.2981,buy,update
2025-06-07T13:55:04.606455,1749279305063,SOLUSDT,1315138214344204439,151.96,0.9165,buy,update
2025-06-07T13:55:04.610373,1749279305057,SOLUSDT,1315138214319038504,151.93,6.5817,buy,update
2025-06-07T13:55:04.611118,1749279305057,SOLUSDT,1315138214319038502,151.93,15.7578,buy,update
2025-06-07T13:55:04.615731,1749279305057,SOLUSDT,1315138214319038500,151.93,10.9495,buy,update
2025-06-07T13:55:04.617898,1749279305057,SOLUSDT,1315138214319038498,151.93,0.1000,buy,update
2025-06-07T13:55:04.619501,1749279305057,SOLUSDT,1315138214319038496,151.93,8.0241,buy,update
2025-06-07T13:55:04.619501,1749279305056,SOLUSDT,1315138214314844164,151.93,1.2360,buy,update
2025-06-07T13:55:04.625164,1749279305054,SOLUSDT,1315138214306455564,151.92,9.5585,buy,update
2025-06-07T13:55:04.627574,1749279305054,SOLUSDT,1315138214306455562,151.92,1.9530,buy,update
2025-06-07T13:55:04.627574,1749279305053,SOLUSDT,1315138214302261325,151.92,11.2095,buy,update
2025-06-07T13:55:04.627574,1749279305053,SOLUSDT,1315138214302261323,151.92,0.1000,buy,update
2025-06-07T13:55:04.627574,1749279305053,SOLUSDT,1315138214302261321,151.91,1.0000,buy,update
2025-06-07T13:55:04.636062,1749279305053,SOLUSDT,1315138214302261319,151.91,0.1000,buy,update
2025-06-07T13:55:04.636062,1749279305053,SOLUSDT,1315138214302261317,151.91,12.2704,buy,update
2025-06-07T13:55:04.636062,1749279305053,SOLUSDT,1315138214302261313,151.91,0.8921,buy,update
2025-06-07T13:55:04.636062,1749279305053,SOLUSDT,1315138214302261311,151.91,0.6636,buy,update
2025-06-07T13:55:04.644462,1749279305052,SOLUSDT,1315138214298066950,151.91,0.3341,buy,update
2025-06-07T13:55:04.646260,1749279305051,SOLUSDT,1315138214293872642,151.91,0.8294,buy,update
2025-06-07T13:55:04.646260,1749279305050,SOLUSDT,1315138214289678338,151.91,0.8843,buy,update
2025-06-07T13:55:04.653170,1749279305090,SOLUSDT,1315138214457450516,151.98,0.1000,buy,update
2025-06-07T13:55:04.658960,1749279305112,SOLUSDT,1315138214549725368,152.00,6.5785,buy,update
2025-06-07T13:55:04.662445,1749279305112,SOLUSDT,1315138214549725224,152.00,0.3341,buy,update
2025-06-07T13:55:04.665921,1749279305103,SOLUSDT,1315138214511976450,152.00,0.6578,buy,update
2025-06-07T13:55:04.671317,1749279305140,SOLUSDT,1315138214667165767,152.00,0.9533,buy,update
2025-06-07T13:55:04.690308,1749279305168,BTCUSDT,1315138214784274443,105137.91,0.000648,buy,update
2025-06-07T13:55:04.696040,1749279305165,SOLUSDT,1315138214772023476,152.00,0.6578,buy,update
2025-06-07T13:55:04.697893,1749279305152,SOLUSDT,1315138214717497347,152.00,2.5896,buy,update
2025-06-07T13:55:04.721620,1749279305175,BTCUSDT,1315138214813634646,105137.90,0.052059,sell,update
2025-06-07T13:55:04.730140,1749279305200,SOLUSDT,1315138214918823996,152.02,0.1000,buy,update
2025-06-07T13:55:04.732874,1749279305200,SOLUSDT,1315138214918823994,152.02,0.1000,buy,update
2025-06-07T13:55:04.734153,1749279305181,SOLUSDT,1315138214839132164,152.00,61.4182,buy,update
2025-06-07T13:55:04.734153,1749279305181,SOLUSDT,1315138214839132162,152.00,12.2704,buy,update
2025-06-07T13:55:04.737618,1749279305178,SOLUSDT,1315138214826549260,152.00,0.8994,buy,update
2025-06-07T13:55:04.824012,1749279305266,SOLUSDT,1315138215195648007,152.04,0.1000,buy,update
2025-06-07T13:55:04.879244,1749279305339,SOLUSDT,1315138215501832202,152.05,0.1000,buy,update
2025-06-07T13:55:05.098631,1749279305523,ETHUSDT,1315138216273190986,2493.70,0.3251,buy,update
2025-06-07T13:55:05.130197,1749279305618,BTCUSDT,1315138216671711237,105137.90,0.001517,sell,update
2025-06-07T13:55:05.137876,1749279305618,BTCUSDT,1315138216671711235,105137.90,0.000025,sell,update
2025-06-07T13:55:05.137876,1749279305618,BTCUSDT,1315138216671711233,105137.90,0.001332,sell,update
2025-06-07T13:55:05.219849,1749279305686,BTCUSDT,1315138216956923976,105137.91,0.048885,buy,update
2025-06-07T13:55:05.405969,1749279305846,SOLUSDT,1315138217628344398,152.07,97.3600,sell,update
2025-06-07T13:55:05.409175,1749279305878,ETHUSDT,1315138217762168833,2493.69,0.0198,sell,update
2025-06-07T13:55:05.461910,1749279305945,ETHUSDT,1315138218043187202,2493.69,0.2897,sell,update
2025-06-07T13:55:05.464796,1749279305944,BTCUSDT,1315138218039054337,105137.91,0.056736,buy,update
2025-06-07T13:55:05.565997,1749279306051,BTCUSDT,1315138218487844866,105137.90,0.044015,sell,update
2025-06-07T13:55:05.691040,1749279306158,ETHUSDT,1315138218936574013,2493.70,0.3298,buy,update
2025-06-07T13:55:05.740727,1749279306208,BTCUSDT,1315138219146350596,105137.90,0.048460,sell,update
2025-06-07T13:55:05.886161,1749279306369,BTCUSDT,1315138219821633538,105137.90,0.027527,sell,update
2025-06-07T13:55:06.124649,1749279306577,BTCUSDT,1315138220694048858,105137.91,0.029600,buy,update
2025-06-07T13:55:06.865116,1749279307337,BTCUSDT,1315138223881719809,105137.91,0.026498,buy,update
