symbol,lastPr,askPr,bidPr,bidSz,askSz,high24h,low24h,ts,change24h,baseVolume,quoteVolume,usdtVolume,openUtc,changeUtc24h,indexPrice,fundingRate,holdingAmount,deliveryStartTime,deliveryTime,deliveryStatus,open24h,markPrice,local_time
BTCUSDT,110442.2,110442.2,110442.1,0.2133,12.4443,111853.1,106036.8,1747904951391,0.03773,238777.165,25983770726.17104,25983770726.17104,109608.5,0.00761,110459.7087015123319054,0.0001,50039.6292,,,,106427.2,110443.1,2025-05-22 09:09:11.391
ETHUSDT,2674.9,2674.88,2674.87,0.02,101.12,2680.84,2451.0,1747904951391,0.05531,6939058.86,17696404693.3884,17696404693.3884,2550,0.04927,2675.7330662504522693,0.0001,1115659.48,,,,2534.7,2674.96,2025-05-22 09:09:11.391
XRPUSDT,2.4457,2.4457,2.4456,15364,15387,2.4477,2.329,1747904951391,0.0425,155943538.0,371962888.7915,371962888.7915,2.3948,0.02105,2.4458459391305962,0.0001,448634603,,,,2.346,2.4458,2025-05-22 09:09:11.391
BCHUSDT,421.07,421.09,420.94,0.23,0.23,425.53,393.9,1747904951391,0.05999,30323.42,12452732.3108,12452732.3108,406.73,0.03636,421.4075092070955971,-1.6e-05,69365.43,,,,397.24,421.58,2025-05-22 09:09:11.391
LTCUSDT,98.89,98.91,98.9,2.3,4.2,100.13,94.14,1747904951391,0.04424,253361.6,24551543.017,24551543.017,97.12,0.01822,98.8820458743073963,0.0001,660192.4,,,,94.7,98.89,2025-05-22 09:09:11.391
ADAUSDT,0.8036,0.8035,0.8033,23577,26675,0.8042,0.7425,1747904951391,0.07304,97185584.0,74480859.8353,74480859.8353,0.7692,0.04498,0.8030915790625978,0.0001,229860197,,,,0.7489,0.8035,2025-05-22 09:09:11.391
ETCUSDT,19.682,19.681,19.679,180,302,19.709,18.355,1747904951391,0.06678,226292.0,4299924.931,4299924.931,18.999,0.03595,19.6699245254355991,0.000145,946956,,,,18.45,19.682,2025-05-22 09:09:11.391
LINKUSDT,16.672,16.671,16.67,160,121,16.687,15.542,1747904951391,0.06076,1888626.0,30362323.675,30362323.675,16.1,0.03596,16.658573824742503,0.000105,8004563,,,,15.717,16.672,2025-05-22 09:09:11.391
TRXUSDT,0.27338,0.27353,0.27348,10534,122944,0.27423,0.26552,1747904951391,0.01312,20904221.0,5642623.46355,5642623.46355,0.26804,0.01955,0.2733728240182108,0.0001,110659033,,,,0.26984,0.27337,2025-05-22 09:09:11.391
DOTUSDT,4.913,4.914,4.913,3,8221,4.919,4.613,1747904951391,0.05906,1991267.0,9462520.591,9462520.591,4.743,0.03584,4.9105081000275653,0.0001,18333788,,,,4.639,4.913,2025-05-22 09:09:11.391
DOGEUSDT,0.2427,0.24265,0.24264,84758,563236,0.245,0.22268,1747904951391,0.0758,537152472.0,125907103.66947,125907103.66947,0.2341,0.03674,0.2425535078342632,0.0001,998782654,,,,0.2256,0.24265,2025-05-22 09:09:11.391
SOLUSDT,180.377,180.368,180.367,175,9,180.837,165.402,1747904951391,0.07251,3305601.8,569583734.3026,569583734.3026,173.49,0.04023,180.5222376190101731,0.0001,5834372.8,,,,168.182,180.491,2025-05-22 09:09:11.391
BNBUSDT,683.49,683.5,683.49,2.44,127.1,689.65,650.01,1747904951391,0.05036,18436.06,12353872.2211,12353872.2211,673.37,0.01503,683.3926512483839691,0.0001,59586.14,,,,650.72,683.44,2025-05-22 09:09:11.391
UNIUSDT,6.472,6.475,6.474,46,2916,6.488,5.986,1747904951391,0.03602,3586605.0,22447143.088,22447143.088,6.212,0.04185,6.4738696597407291,0.0001,4078955,,,,6.247,6.474,2025-05-22 09:09:11.391
ICPUSDT,5.597,5.597,5.596,441,318.35,5.601,5.167,1747904951391,0.06874,715666.85,3838583.95088,3838583.95088,5.351,0.04597,5.592750779364519,0.0001,2919487.45,,,,5.237,5.597,2025-05-22 09:09:11.391
AAVEUSDT,256.38,256.29,256.24,43.2,21.8,260.71,243.27,1747904951391,-0.00144,94220.7,23806471.103,23806471.103,247.51,0.03584,256.2114464850677787,0.0001,199146.9,,,,256.75,256.3,2025-05-22 09:09:11.391
FILUSDT,3.058,3.057,3.056,36182.6,272.4,3.059,2.825,1747904951391,0.07336,1149956.2,3366520.8148,3366520.8148,2.945,0.03837,3.0545945508598801,0.0001,10577866.9,,,,2.849,3.0574,2025-05-22 09:09:11.391
XLMUSDT,0.30216,0.30215,0.30207,408,1404,0.30228,0.28453,1747904951391,0.04931,21879291.0,6433034.77792,6433034.77792,0.29307,0.03102,0.3020488438902366,0.0001,131847501,,,,0.28796,0.30214,2025-05-22 09:09:11.391
ATOMUSDT,5.105,5.106,5.104,2547,621,5.111,4.827,1747904951391,0.04654,992657.0,4941991.288,4941991.288,4.97,0.02716,5.110073507600443,0.0001,3144543,,,,4.878,5.106,2025-05-22 09:09:11.391
XTZUSDT,0.6528,0.6529,0.6526,189,186,0.6529,0.6119,1747904951391,0.06008,533307.0,335801.0601,335801.0601,0.6351,0.02787,0.6528791255166343,0.0001,2775249,,,,0.6158,0.6529,2025-05-22 09:09:11.391
SUSHIUSDT,0.8112,0.8113,0.8109,117,87,0.8125,0.7141,1747904951391,0.12573,2311334.0,1739857.3829,1739857.3829,0.7454,0.08827,0.8104829568259532,0.0001,8512789,,,,0.7206,0.8112,2025-05-22 09:09:11.391
AXSUSDT,3.121,3.121,3.12,897,27.6,3.123,2.886,1747904951391,0.05761,1208734.6,3605320.5806,3605320.5806,2.993,0.04277,3.1200288832418554,0.0001,3037743.9,,,,2.951,3.121,2025-05-22 09:09:11.391
THETAUSDT,0.9682,0.9681,0.9675,104,271,0.9782,0.8792,1747904951391,0.09278,2713884.0,2495670.2717,2495670.2717,0.9062,0.06842,0.9688322699490772,0.0001,6254730,,,,0.886,0.9683,2025-05-22 09:09:11.391
AVAXUSDT,24.475,24.475,24.472,37.8,844,24.513,22.382,1747904951391,0.0845,1169997.5,27242049.0336,27242049.0336,23.19,0.05554,24.4597734718414959,0.0001,4790361.3,,,,22.568,24.478,2025-05-22 09:09:11.391
SHIBUSDT,1.5466e-05,1.5464e-05,1.5462e-05,2561420000,110950000,1.55e-05,1.4267e-05,1747904951391,0.06574,1273740070000.0,18831563.02143,18831563.02143,0.000014847,0.04169,0.0000154568987309,0.000417,3509357689786,,,,0.000014512,0.000015465,2025-05-22 09:09:11.391
MANAUSDT,0.3363,0.3363,0.3361,646,3196,0.3364,0.3053,1747904951391,0.04963,10477339.0,3372127.3306,3372127.3306,0.3216,0.04571,0.3359821969521259,0.0001,57677742,,,,0.3204,0.33628,2025-05-22 09:09:11.391
GALAUSDT,0.02095,0.02096,0.02095,260,1736585,0.02099,0.01912,1747904951391,0.08493,243223493.0,4874898.31021,4874898.31021,0.01993,0.05118,0.0209352742737405,0.0001,1108535547,,,,0.01931,0.02095,2025-05-22 09:09:11.391
SANDUSDT,0.33563,0.33559,0.33556,30,1342,0.33599,0.30482,1747904951391,0.08773,10321417.0,3338155.43279,3338155.43279,0.31853,0.05368,0.3352299324879018,0.000219,85163284,,,,0.30856,0.33557,2025-05-22 09:09:11.391
DYDXUSDT,0.6941,0.6939,0.6932,7974,1528,0.697,0.6356,1747904951391,0.06752,3387659.0,2256928.3754,2256928.3754,0.6685,0.03829,0.6937136968002581,0.0001,13280371,,,,0.6502,0.6939,2025-05-22 09:09:11.391
CRVUSDT,0.8125,0.8131,0.8125,627,112,0.821,0.7121,1747904951391,0.09516,9303478.0,7095319.4284,7095319.4284,0.7434,0.09295,0.8127832719449397,0.0001,22275296,,,,0.7419,0.8128,2025-05-22 09:09:11.391
NEARUSDT,3.002,3.003,3.002,2834,2435,3.011,2.756,1747904951391,0.08102,4383555.0,12547907.875,12547907.875,2.866,0.04745,2.999753842418051,0.0001,26252120,,,,2.777,3.002,2025-05-22 09:09:11.391
EGLDUSDT,19.5,19.51,19.5,77,108.2,19.52,18.01,1747904951391,0.07616,90644.8,1700470.801,1700470.801,18.88,0.03284,19.4661789102175568,0.0001,337785.4,,,,18.12,19.5,2025-05-22 09:09:11.391
KSMUSDT,19.76,19.76,19.75,172.1,3.3,19.77,18.2,1747904951391,0.08571,20394.0,388529.74,388529.74,18.93,0.04385,19.7566178783112196,0.0001,185608.9,,,,18.2,19.76,2025-05-22 09:09:11.391
ARUSDT,8.05,8.045,8.043,36.7,117.2,8.05,7.115,1747904951391,0.12179,189667.3,1430953.8143,1430953.8143,7.546,0.06679,8.0494378133013244,0.0001,868453.9,,,,7.176,8.05,2025-05-22 09:09:11.391
PEOPLEUSDT,0.02741,0.0274,0.02739,71193,50000,0.02769,0.02457,1747904951391,0.11287,251188606.0,6584643.12227,6584643.12227,0.02608,0.051,0.0274265415344096,-9e-06,371850220,,,,0.02463,0.02741,2025-05-22 09:09:11.391
LRCUSDT,0.11553,0.1156,0.11551,1724,1859,0.116,0.1073,1747904951391,0.06186,8059466.0,892610.64936,892610.64936,0.11108,0.04006,0.115505936660609,0.0001,19821872,,,,0.1088,0.11552,2025-05-22 09:09:11.391
NEOUSDT,6.935,6.937,6.933,10.43,135.62,6.939,6.378,1747904951391,0.07121,274986.45,1828421.57594,1828421.57594,6.676,0.03895,6.9309828212585681,0.0001,1095118.47,,,,6.474,6.934,2025-05-22 09:09:11.391
ALICEUSDT,0.5248,0.5246,0.524,251.5,4551.6,0.5258,0.477,1747904951391,0.07873,2148439.0,1071751.5537,1071751.5537,0.5004,0.04876,0.5244173601434753,0.0001,1694937,,,,0.4865,0.5246,2025-05-22 09:09:11.391
WAVESUSDT,1.335,1.336,1.335,47.5,1283.4,1.346,1.291,1747904951391,0.02064,215140.9,283679.6158,283679.6158,1.322,0.00983,1.3325479422620893,0.0001,1565766.3,,,,1.308,1.335,2025-05-22 09:09:11.391
ALGOUSDT,0.2399,0.2398,0.2397,128.4,17601.8,0.2408,0.2223,1747904951391,0.06907,7010417.0,1616038.94933,1616038.94933,0.2308,0.03943,0.2393126366600202,0.00034,123271934.1,,,,0.2244,0.2397,2025-05-22 09:09:11.391
IOTAUSDT,0.2372,0.2371,0.237,8812.9,2495.3,0.238,0.2186,1747904951391,0.07574,7314746.3,1660264.1981,1660264.1981,0.2266,0.04678,0.2368502135414509,0.0001,54670431.5,,,,0.2205,0.237,2025-05-22 09:09:11.391
ENJUSDT,0.09402,0.094,0.09392,1373.7,1969.2,0.09413,0.08589,1747904951391,0.0755,6414380.2,579045.291193,579045.291193,0.08998,0.0449,0.0939757243012087,0.0001,27307131.3,,,,0.08742,0.09402,2025-05-22 09:09:11.391
GMTUSDT,0.06188,0.06188,0.06187,2963,2847,0.06219,0.05756,1747904951391,0.05959,24044475.0,1441150.43316,1441150.43316,0.05984,0.03409,0.0618900174596162,0.0001,108160934,,,,0.0584,0.06189,2025-05-22 09:09:11.391
ZILUSDT,0.01359,0.01361,0.0136,25913,25865,0.01362,0.01259,1747904951391,0.06756,11734205.0,154121.91937,154121.91937,0.0132,0.02955,0.013594528425941,0.0001,114180089,,,,0.01273,0.0136,2025-05-22 09:09:11.391
IOSTUSDT,0.004107,0.004108,0.004106,29511,123428,0.004109,0.003869,1747904951391,0.05119,56284514.0,224550.567665,224550.567665,0.004019,0.0219,0.0041078605329834,0.0001,112269351,,,,0.003907,0.004109,2025-05-22 09:09:11.391
APEUSDT,0.706,0.7059,0.7055,123.3,3280.5,0.7062,0.6505,1747904951391,0.06261,21454676.6,14539827.27202,14539827.27202,0.6812,0.03641,0.7053175885111497,0.0001,83614250.2,,,,0.6644,0.706,2025-05-22 09:09:11.391
RUNEUSDT,2.116,2.118,2.117,326,1200,2.118,1.818,1747904951391,0.15882,1704322.7,3315006.1359,3315006.1359,1.961,0.07904,2.1154528048802169,0.0001,5589865.9,,,,1.826,2.116,2025-05-22 09:09:11.391
KNCUSDT,0.3887,0.3885,0.3879,121.1,321.1,0.3887,0.3601,1747904951391,0.05999,935072.3,349300.45899,349300.45899,0.3745,0.03792,0.3887595779871155,0.0001,1594220.2,,,,0.3667,0.3887,2025-05-22 09:09:11.391
APTUSDT,5.4721,5.467,5.4668,114.9,661.8,5.4772,5.1102,1747904951391,0.06702,730502.752,3858781.9204654,3858781.9204654,5.2742,0.03752,5.4685033450779624,0.0001,4926937.983,,,,5.1284,5.4669,2025-05-22 09:09:11.391
CHZUSDT,0.04698,0.04697,0.04694,2098,44083,0.04711,0.0435,1747904951391,0.07089,15418753.0,698565.45533,698565.45533,0.04518,0.03984,0.0470255727189075,0.0001,113285672,,,,0.04387,0.04698,2025-05-22 09:09:11.391
ROSEUSDT,0.03516,0.03516,0.03513,3768,542,0.03521,0.0322,1747904951391,0.05904,28357393.0,955956.08782,955956.08782,0.03331,0.05494,0.0351221787604798,0.0001,111038515,,,,0.0332,0.03515,2025-05-22 09:09:11.391
ZRXUSDT,0.29,0.2902,0.29,595,219,0.2911,0.2704,1747904951391,0.06578,737081.0,206003.506,206003.506,0.2791,0.03905,0.2903808655227739,0.0001,3066248,,,,0.2721,0.2902,2025-05-22 09:09:11.391
KAVAUSDT,0.4422,0.4424,0.4423,375.6,3089,0.4425,0.4184,1747904951391,0.03342,1801586.7,780791.9441,780791.9441,0.4309,0.02622,0.4421772092735726,0.0001,36574964.7,,,,0.4279,0.4422,2025-05-22 09:09:11.391
ENSUSDT,24.095,24.095,24.086,116.3,63,24.095,22.0,1747904951391,0.08229,129892.0,2991913.6877,2991913.6877,22.916,0.05145,24.0741755185550623,0.0001,679186.8,,,,22.263,24.087,2025-05-22 09:09:11.391
MTLUSDT,0.8574,0.8577,0.8575,145.2,78.8,0.8598,0.8011,1747904951391,0.06404,435082.8,359717.21553,359717.21553,0.8329,0.02942,0.8588061726957976,0.0001,531185.5,,,,0.8058,0.8582,2025-05-22 09:09:11.391
AUDIOUSDT,0.07849,0.07857,0.07845,10211,1000,0.07849,0.07417,1747904951391,0.05116,18574133.0,1418241.90167,1418241.90167,0.07636,0.02789,0.0783687677352215,0.000714,11816377,,,,0.07467,0.07849,2025-05-22 09:09:11.391
SXPUSDT,0.2084,0.2086,0.2084,306.8,4620,0.2086,0.1944,1747904951391,0.05787,1665253.9,335565.3506,335565.3506,0.202,0.03168,0.2083937893641396,0.0001,13573847.2,,,,0.197,0.2084,2025-05-22 09:09:11.391
C98USDT,0.06367,0.06369,0.06363,7723.5,2000,0.06368,0.05852,1747904951391,0.05993,13384328.5,818918.201241,818918.201241,0.06095,0.04463,0.063616893953932,0.0001,11475238.9,,,,0.06007,0.06362,2025-05-22 09:09:11.391
OPUSDT,0.787,0.7874,0.7868,7848.1,8759.2,0.7887,0.7135,1747904951391,0.08672,13526547.7,10090142.44188,10090142.44188,0.7441,0.05765,0.7864332305826733,0.0001,37914009.1,,,,0.7242,0.787,2025-05-22 09:09:11.391
RSRUSDT,0.009749,0.009745,0.009742,7250,14480,0.009769,0.008601,1747904951391,0.1229,164148595.0,1492084.202187,1492084.202187,0.009029,0.07974,0.0097413644481642,0.0001,668916799,,,,0.008682,0.009747,2025-05-22 09:09:11.391
SNXUSDT,0.8399,0.84,0.8394,833.6,74.9,0.8399,0.785,1747904951391,0.05994,863337.2,702348.59645,702348.59645,0.8146,0.03106,0.8399259690384665,0.0001,1222135.4,,,,0.7924,0.8399,2025-05-22 09:09:11.391
STORJUSDT,0.3133,0.3138,0.3137,1081.1,1143.7,0.3148,0.2913,1747904951391,0.06312,1259871.6,381865.51109,381865.51109,0.3033,0.03297,0.3136770238221835,0.0001,6687137,,,,0.2947,0.3137,2025-05-22 09:09:11.391
1INCHUSDT,0.2411,0.2411,0.241,1547.6,552.9,0.242,0.2229,1747904951391,0.06399,4919919.1,1130342.17797,1130342.17797,0.2306,0.04553,0.2412662211894924,0.0001,9362155.4,,,,0.2266,0.2413,2025-05-22 09:09:11.391
COMPUSDT,44.91,44.91,44.9,21.82,139.48,44.98,42.38,1747904951391,0.04783,16162.93,711926.284,711926.284,43.91,0.02277,44.9190138589503154,0.0001,102711.04,,,,42.86,44.91,2025-05-22 09:09:11.391
IMXUSDT,0.7015,0.7016,0.7015,995.6,1154.3,0.7033,0.6478,1747904951391,0.08106,3409995.7,2278324.18579,2278324.18579,0.6765,0.03695,0.7010865276153489,5e-05,12190047.8,,,,0.6489,0.7015,2025-05-22 09:09:11.391
LUNAUSDT,0.2045,0.2042,0.204,765,5146,0.2045,0.1897,1747904951391,0.06566,1523796.0,298241.025,298241.025,0.1959,0.0439,0.2043,0.0001,9278720,,,,0.1919,0.2043,2025-05-22 09:09:11.391
FLOWUSDT,0.4331,0.4332,0.4331,1045.8,258.4,0.4336,0.4008,1747904951391,0.07522,1751155.4,727351.55853,727351.55853,0.4161,0.04086,0.4332681322450456,0.0001,7078700,,,,0.4028,0.4332,2025-05-22 09:09:11.391
TRBUSDT,33.52,33.512,33.51,142.9,1.9,33.599,30.911,1747904951391,0.06935,42635.5,1379790.6148,1379790.6148,32.348,0.03623,33.5113703603817761,5e-05,88286.3,,,,31.346,33.513,2025-05-22 09:09:11.391
QTUMUSDT,2.395,2.4,2.399,478.5,26.9,2.401,2.24,1747904951391,0.0546,144408.0,333527.301,333527.301,2.312,0.0359,2.398785453235193,0.0001,666622.1,,,,2.271,2.399,2025-05-22 09:09:11.391
API3USDT,0.8891,0.8894,0.8891,468.2,149.5,0.89,0.8159,1747904951391,0.08467,1113755.5,944827.25553,944827.25553,0.8522,0.04412,0.8884108102400031,5e-05,5801709.2,,,,0.8197,0.8892,2025-05-22 09:09:11.391
MASKUSDT,1.886,1.889,1.887,316,3668,1.924,1.65,1747904951391,0.10811,2210841.7,3896755.5483,3896755.5483,1.718,0.09779,1.8846334616319167,0.0001,5370124.9,,,,1.702,1.886,2025-05-22 09:09:11.391
WOOUSDT,0.09658,0.09659,0.09654,54.4,2336.6,0.09692,0.08643,1747904951391,0.09402,10496590.0,945944.441065,945944.441065,0.0899,0.0743,0.0965840969779089,0.0001,24792109.7,,,,0.08828,0.09658,2025-05-22 09:09:11.391
GRTUSDT,0.1206,0.12053,0.12048,14780.7,211.1,0.1206,0.1086,1747904951391,0.09716,29580994.9,3353338.73159,3353338.73159,0.11455,0.05282,0.12041279565707,0.0001,143188766.6,,,,0.10992,0.12048,2025-05-22 09:09:11.391
BANDUSDT,0.8157,0.8161,0.8154,65.4,131.7,0.8164,0.7447,1747904951391,0.08298,632996.0,494404.63613,494404.63613,0.7788,0.04738,0.8169291050252562,0.0001,1986031,,,,0.7532,0.817,2025-05-22 09:09:11.391
STGUSDT,0.2029,0.2029,0.2027,1387,9222,0.2032,0.1945,1747904951391,0.02943,899202.0,179073.8159,179073.8159,0.1986,0.02165,0.2027309125704875,0.0001,6090798,,,,0.1971,0.2029,2025-05-22 09:09:11.391
LUNCUSDT,6.561e-05,6.564e-05,6.557e-05,1020861,1018875,6.564e-05,6.165e-05,1747904951391,0.05448,9027929756.0,575193.97037619,575193.97037619,0.00006365,0.03079,0.0000656178253422,0.0001,47371039031,,,,0.00006222,0.00006561,2025-05-22 09:09:11.391
ONEUSDT,0.0156,0.01562,0.01559,14014,164865,0.01564,0.01402,1747904951391,0.09167,19626776.0,287473.57018,287473.57018,0.01468,0.06267,0.0155976086417349,0.0001,145127166,,,,0.01429,0.0156,2025-05-22 09:09:11.391
JASMYUSDT,0.019449,0.019449,0.01944,144030,6197,0.019454,0.01766,1747904951391,0.08934,245836071.0,4495933.32848,4495933.32848,0.018187,0.06939,0.0194360784413808,0.0001,603837040,,,,0.017854,0.019443,2025-05-22 09:09:11.391
MKRUSDT,1798.3,1798.5,1797.8,1.889,0.072,1799.2,1684.3,1747904951391,0.02608,1582.333,2763981.8502,2763981.8502,1742.2,0.0322,1798.1670201927948222,0.0001,6184.721,,,,1752.6,1798.3,2025-05-22 09:09:11.391
BATUSDT,0.1564,0.1564,0.1563,1428.8,432.2,0.1564,0.1448,1747904951391,0.06612,3048070.1,454700.15314,454700.15314,0.1497,0.04476,0.1565993461092167,0.0001,3667198.8,,,,0.1467,0.1565,2025-05-22 09:09:11.391
MAGICUSDT,0.1795,0.1793,0.1791,21633.8,19327.5,0.1797,0.1616,1747904951391,0.0992,4451651.0,758901.82694,758901.82694,0.1697,0.05775,0.1793448497472987,5e-05,10262403,,,,0.1633,0.1793,2025-05-22 09:09:11.391
ALPHAUSDT,0.03166,0.03167,0.03165,2688,2682,0.03187,0.02986,1747904951391,0.03837,28372621.0,872797.54243,872797.54243,0.03131,0.01118,0.0316802895672504,0.0001,74030139,,,,0.03049,0.03167,2025-05-22 09:09:11.391
LDOUSDT,0.9686,0.9687,0.9677,89,2906.9,0.9707,0.869,1747904951391,0.08308,4536977.3,4119010.62288,4119010.62288,0.9002,0.07598,0.9685189235403669,0.0001,10469006.1,,,,0.8943,0.9686,2025-05-22 09:09:11.391
CELOUSDT,0.4048,0.4048,0.4046,627.1,159.3,0.407,0.3741,1747904951391,0.07033,2016337.4,784554.7957,784554.7957,0.3885,0.04196,0.4050011642346653,0.0001,4232514.1,,,,0.3782,0.4048,2025-05-22 09:09:11.391
BLURUSDT,0.1112,0.1113,0.1112,19400.8,10409.5,0.1112,0.1033,1747904951391,0.0744,3842966.8,410103.474,410103.474,0.107,0.03925,0.1111671196701675,0.0001,33291886.9,,,,0.1035,0.1112,2025-05-22 09:09:11.391
MINAUSDT,0.2644,0.2643,0.2639,2932.2,254.1,0.2644,0.2456,1747904951391,0.0627,1869628.0,475665.10603,475665.10603,0.2545,0.0389,0.2643935713925538,0.0001,5993002.4,,,,0.2488,0.2644,2025-05-22 09:09:11.391
COREUSDT,0.83676,0.83672,0.8364,384.6,81.2,0.89297,0.74792,1747904951391,0.10677,2859543.1,2353241.454877,2353241.454877,0.8475,-0.01267,0.8373800403924352,0.0001,3795885.3,,,,0.75604,0.83711,2025-05-22 09:09:11.391
CFXUSDT,0.0978,0.09777,0.09774,700,5527,0.09791,0.09036,1747904951391,0.07473,9389769.0,881692.85635,881692.85635,0.09425,0.03767,0.0977955747072016,0.0001,18048152,,,,0.091,0.0978,2025-05-22 09:09:11.391
ASTRUSDT,0.03148,0.03148,0.03147,10580,2166,0.03161,0.02947,1747904951391,0.05003,18107295.0,551138.49422,551138.49422,0.03044,0.03417,0.0315088553034683,0.0001,74351435,,,,0.02998,0.03148,2025-05-22 09:09:11.391
GMXUSDT,16.25,16.26,16.25,30.64,52.75,16.29,14.93,1747904951391,0.07545,19920.79,309035.5321,309035.5321,15.47,0.05042,16.2590255155872894,0.0001,74999.89,,,,15.11,16.26,2025-05-22 09:09:11.391
ANKRUSDT,0.01948,0.01952,0.01951,52248,3934,0.01951,0.01834,1747904951391,0.04171,25100205.0,478090.50305,478090.50305,0.01883,0.03452,0.0195041723132174,0.000146,311000107,,,,0.0187,0.01951,2025-05-22 09:09:11.391
ACHUSDT,0.025821,0.02582,0.025802,3556,2500,0.025841,0.024382,1747904951391,0.04878,49410278.0,1242017.413026,1242017.413026,0.02512,0.02791,0.0258150659393447,0.0001,94386189,,,,0.02462,0.025819,2025-05-22 09:09:11.391
FETUSDT,0.8396,0.8398,0.8395,3338,1259,0.8459,0.7649,1747904951391,0.076,29208899.0,23443203.6006,23443203.6006,0.806,0.04169,0.8389156999810711,0.000141,75599296,,,,0.7803,0.8396,2025-05-22 09:09:11.391
FXSUSDT,3.639,3.637,3.636,65.36,15.36,3.934,3.593,1747904951391,-0.02072,707357.75,2609925.18342,2609925.18342,3.787,-0.03908,3.6406484690265537,0.0001,638169.68,,,,3.716,3.639,2025-05-22 09:09:11.391
HOOKUSDT,0.1535,0.1535,0.1534,3193.56,460.36,0.1539,0.1378,1747904951391,0.09253,2558678.24,370197.279413,370197.279413,0.1465,0.04778,0.1535317274392983,0.0001,12109115.81,,,,0.1405,0.1535,2025-05-22 09:09:11.391
SSVUSDT,9.928,9.927,9.921,13.42,77.48,9.942,9.022,1747904951391,0.09123,94943.54,896258.07932,896258.07932,9.518,0.04308,9.9244230166251212,0.0001,234570.14,,,,9.098,9.928,2025-05-22 09:09:11.391
USDCUSDT,0.9989,0.9991,0.9985,2003,6025.2,0.9995,0.9982,1747904951391,0.0002,2284533.1,2282152.8636,2282152.8636,0.9988,0.0001,0.9997,-2e-06,12788151,,,,0.9987,0.9989,2025-05-22 09:09:11.391
LQTYUSDT,1.0343,1.0349,1.0337,63.8,64,1.0396,0.9314,1747904951391,0.08679,1361038.1,1344262.00887,1344262.00887,0.962,0.07516,1.0355129819018176,0.0001,895977.9,,,,0.9517,1.0345,2025-05-22 09:09:11.391
STXUSDT,0.983,0.9833,0.9828,1611.3,1467.1,1.0022,0.8877,1747904951391,0.08511,7395386.5,6964262.11935,6964262.11935,0.9328,0.05382,0.9825938838096978,0.0001,18824713.2,,,,0.9059,0.983,2025-05-22 09:09:11.391
TRUUSDT,0.04523,0.04529,0.04524,1223,1223,0.04528,0.04176,1747904951391,0.05826,14671268.0,641569.37355,641569.37355,0.0432,0.04699,0.0452747671871019,0.0001,31377978,,,,0.04274,0.04527,2025-05-22 09:09:11.391
HBARUSDT,0.20393,0.20394,0.20392,2330,3056,0.20444,0.19221,1747904951391,0.04232,139540726.0,27587570.09889,27587570.09889,0.19807,0.02964,0.2037681057285856,0.0001,770629817,,,,0.19565,0.20393,2025-05-22 09:09:11.391
INJUSDT,13.277,13.27,13.264,40.3,442,13.284,11.852,1747904951391,0.10247,766670.1,9527699.4359,9527699.4359,12.385,0.07202,13.2689164776688906,0.0001,2349586.6,,,,12.043,13.273,2025-05-22 09:09:11.391
BELUSDT,0.3496,0.3498,0.3496,187,375,0.3514,0.331,1747904951391,0.04141,1267036.0,434010.6578,434010.6578,0.3424,0.02103,0.3495660904633867,0.0001,5676062,,,,0.3357,0.3496,2025-05-22 09:09:11.391
COTIUSDT,0.07533,0.07537,0.07533,1991,28,0.07536,0.06957,1747904951391,0.06579,8680223.0,621991.25954,621991.25954,0.07197,0.04669,0.075339258434391,0.0001,27258060,,,,0.07068,0.07535,2025-05-22 09:09:11.391
VETUSDT,0.030423,0.030425,0.030408,2462,5750,0.030455,0.027936,1747904951391,0.0746,158580491.0,4604829.898751,4604829.898751,0.029174,0.04281,0.0303842048211062,0.0001,1584777987,,,,0.028311,0.030423,2025-05-22 09:09:11.391
ARBUSDT,0.43,0.4301,0.4299,4422.1,19748.55,0.4306,0.3911,1747904951391,0.08723,22325527.75,9190229.527036,9190229.527036,0.411,0.04623,0.430029984205957,0.0001,60830746.68,,,,0.3955,0.43,2025-05-22 09:09:11.391
LOOKSUSDT,0.01845,0.01846,0.01844,9737.5,6736,0.0188,0.01663,1747904951391,0.08148,35476779.0,629155.838831,629155.838831,0.01756,0.05068,0.0184002075236658,0.0001,131127620.9,,,,0.01706,0.01844,2025-05-22 09:09:11.391
KAIAUSDT,0.1206,0.1209,0.1208,2607,2601.5,0.1216,0.1151,1747904951391,0.03519,3254428.4,385853.10533,385853.10533,0.1192,0.01174,0.1205172750532314,5e-05,32350163.5,,,,0.1165,0.1206,2025-05-22 09:09:11.391
FLMUSDT,0.03696,0.03702,0.03697,1975,2043,0.03748,0.03284,1747904951391,0.11493,43335296.0,1543519.96223,1543519.96223,0.03502,0.0554,0.0369112908471418,2.5e-05,109132733,,,,0.03315,0.03696,2025-05-22 09:09:11.391
CKBUSDT,0.005515,0.005516,0.005512,24489,12239,0.005521,0.005087,1747904951391,0.05672,160883392.0,853192.348584,853192.348584,0.005284,0.04372,0.0055159539146574,0.0001,1259294008,,,,0.005219,0.005516,2025-05-22 09:09:11.391
IDUSDT,0.2201,0.2202,0.22,5398.05,1293.9,0.2204,0.2046,1747904951391,0.06483,1953149.75,415430.334681,415430.334681,0.2114,0.04115,0.2198817703480776,0.0001,10501113.68,,,,0.2067,0.22,2025-05-22 09:09:11.391
JOEUSDT,0.2082,0.2084,0.2081,4158,320.5,0.2095,0.1853,1747904951391,0.10042,1684117.1,333765.82166,333765.82166,0.1941,0.07264,0.2082387255415764,0.0001,7314003.3,,,,0.1892,0.2082,2025-05-22 09:09:11.391
TLMUSDT,0.006243,0.006249,0.006244,80076,12317,0.006244,0.005626,1747904951391,0.09124,82207291.0,483935.290778,483935.290778,0.005899,0.05831,0.0062479225778245,0.0001,97675637,,,,0.005721,0.006246,2025-05-22 09:09:11.391
HOTUSDT,0.001206,0.001209,0.001208,55284,154220,0.00121,0.001127,1747904951391,0.06162,157921980.0,184021.356176,184021.356176,0.001171,0.02989,0.0012067249611261,0.0001,984734757,,,,0.001136,0.001207,2025-05-22 09:09:11.391
CHRUSDT,0.11004,0.1101,0.11002,1000,1484.4,0.11044,0.10133,1747904951391,0.06411,6698178.3,703660.880065,703660.880065,0.10439,0.05412,0.110253162115004,0.0001,9339510.9,,,,0.10341,0.11022,2025-05-22 09:09:11.391
RDNTUSDT,0.02893,0.02891,0.02889,4695,4695,0.02897,0.02604,1747904951391,0.09791,21310158.0,576532.46562,576532.46562,0.02727,0.06087,0.0289103098854247,0.0001,102313958,,,,0.02635,0.02892,2025-05-22 09:09:11.391
ICXUSDT,0.11385,0.1139,0.11383,606,1188,0.11412,0.10459,1747904951391,0.07315,4556122.0,499669.00262,499669.00262,0.11076,0.0279,0.1137986919881362,0.0001,22087304,,,,0.10609,0.11385,2025-05-22 09:09:11.391
ONTUSDT,0.1586,0.1587,0.1586,44714,834.5,0.1586,0.1471,1747904951391,0.06016,1510189.5,230374.42624,230374.42624,0.1532,0.03525,0.1587333635456448,0.0001,7622459.5,,,,0.1496,0.1586,2025-05-22 09:09:11.391
NKNUSDT,0.03765,0.03766,0.03764,2028,4014,0.03798,0.0352,1747904951391,0.05168,13328894.0,492271.16134,492271.16134,0.03669,0.02617,0.0376910974979827,5e-05,31775014,,,,0.0358,0.03768,2025-05-22 09:09:11.391
ARPAUSDT,0.02671,0.02671,0.0267,7458,4958,0.02671,0.02487,1747904951391,0.06118,3864787.0,99618.3283,99618.3283,0.02577,0.03648,0.0267138288088061,0.0001,22914183,,,,0.02517,0.02671,2025-05-22 09:09:11.391
SFPUSDT,0.5537,0.5537,0.5536,148.9,113.8,0.5576,0.5232,1747904951391,0.03592,1386487.3,751363.76174,751363.76174,0.5465,0.01317,0.5536882134683939,0.0001,1160292.8,,,,0.5345,0.5537,2025-05-22 09:09:11.391
CTSIUSDT,0.07837,0.0784,0.07831,4000,1162,0.07849,0.0712,1747904951391,0.09135,7714346.0,574307.63567,574307.63567,0.07446,0.05251,0.0783971330403272,0.0001,3743895,,,,0.07181,0.0784,2025-05-22 09:09:11.391
SKLUSDT,0.0255,0.02549,0.02547,2585,5891,0.02553,0.02317,1747904951391,0.08696,9041163.0,219227.70883,219227.70883,0.02417,0.05503,0.0254891056328014,0.0001,38109957,,,,0.02346,0.02549,2025-05-22 09:09:11.391
RVNUSDT,0.01324,0.01324,0.01323,7741,7599,0.01325,0.0122,1747904951391,0.07293,13914537.0,176562.02355,176562.02355,0.01272,0.04088,0.0132390359114629,0.0001,116607726,,,,0.01234,0.01324,2025-05-22 09:09:11.391
CELRUSDT,0.010828,0.010828,0.010821,59850,42010,0.010852,0.009761,1747904951391,0.07645,42846977.0,439476.321094,439476.321094,0.010283,0.053,0.0108125195998338,0.0001,47524499,,,,0.010059,0.010821,2025-05-22 09:09:11.391
FLOKIUSDT,0.00010757,0.0001076,0.00010756,1212500,5695625,0.00010822,9.638e-05,1747904951391,0.106,39726426371.0,4048867.44683623,4048867.44683623,0.00010195,0.05513,0.0001075496311469,0.0001,70962931874,,,,0.00009726,0.00010757,2025-05-22 09:09:11.391
SPELLUSDT,0.00064,0.0006404,0.00064,459208,103126,0.0006417,0.0006059,1747904951391,0.04319,546337229.0,341422.1387869,341422.1387869,0.0006236,0.0263,0.0006405663911323,0.0001,3329167678,,,,0.0006135,0.0006402,2025-05-22 09:09:11.391
SUIUSDT,4.1773,4.1774,4.1773,539.3,1265.1,4.1999,3.8074,1747904951391,0.09431,36783514.5,145957134.23836,145957134.23836,3.9299,0.06336,4.1764744762818271,0.000149,72164301.9,,,,3.8173,4.1789,2025-05-22 09:09:11.391
PEPEUSDT,1.46539e-05,1.46504e-05,1.46503e-05,342480000,70407000,1.48101e-05,1.28039e-05,1747904951391,0.09335,16858092434455.0,232920723.16138104,232920723.16138104,0.0000136529,0.07332,0.0000146476459064,0.000423,9258246758910,,,,0.0000134027,0.0000146601,2025-05-22 09:09:11.391
IOTXUSDT,0.02183,0.02183,0.02181,2973,39461,0.02188,0.02034,1747904951391,0.0445,14252576.0,301359.17291,301359.17291,0.02102,0.03853,0.0217788654363253,0.0001,1121946591,,,,0.0209,0.02183,2025-05-22 09:09:11.391
CTKUSDT,0.3735,0.3738,0.3732,307,158,0.3746,0.3434,1747904951391,0.07761,932050.0,333700.1473,333700.1473,0.3585,0.04184,0.3752038219536717,-0.001066,756072,,,,0.3466,0.3736,2025-05-22 09:09:11.391
UMAUSDT,1.288,1.29,1.289,203.9,320.6,1.288,1.186,1747904951391,0.08326,218731.5,273295.5118,273295.5118,1.233,0.04461,1.2886603694198786,5e-05,539392.4,,,,1.189,1.289,2025-05-22 09:09:11.391
TURBOUSDT,0.005801,0.005803,0.005801,11530,31729,0.005829,0.005286,1747904951391,0.07745,1297057676.0,7135382.516454,7135382.516454,0.005488,0.05703,0.0057980870452533,5e-05,2284196292,,,,0.005384,0.005801,2025-05-22 09:09:11.391
BSVUSDT,38.86,38.86,38.85,27.61,59.92,40.65,35.14,1747904951391,0.09372,69266.17,2696811.2678,2696811.2678,36.98,0.04976,38.8536544298662453,5e-05,81792.09,,,,35.53,38.86,2025-05-22 09:09:11.391
TONUSDT,3.1896,3.1878,3.1876,156.1,618.6,3.2019,3.0169,1747904951391,0.04928,1574603.2,4889779.72083,4889779.72083,3.0928,0.0313,3.1869204167825268,5e-05,9477635.9,,,,3.0398,3.1884,2025-05-22 09:09:11.391
GTCUSDT,0.3198,0.321,0.3201,200,211,0.321,0.2926,1747904951391,0.08813,1570973.6,479307.69667,479307.69667,0.3073,0.04068,0.3206633939196064,0.0001,925658.6,,,,0.2939,0.3199,2025-05-22 09:09:11.391
DENTUSDT,0.000902,0.000902,0.0009012,23115,1024703,0.0009061,0.0008112,1747904951391,0.09148,857110016.0,733096.7989444,733096.7989444,0.0008504,0.06068,0.0009018653132195,0.0001,847182806,,,,0.0008264,0.0009019,2025-05-22 09:09:11.391
ZENUSDT,10.282,10.285,10.275,12.2,6.8,10.367,9.319,1747904951391,0.08483,121380.9,1208531.3736,1208531.3736,9.785,0.05079,10.2822728083847036,0.0001,353608.6,,,,9.478,10.283,2025-05-22 09:09:11.391
PHBUSDT,0.649,0.649,0.6489,1175,17535.8,0.6503,0.5892,1747904951391,0.08947,1222364.4,762362.86329,762362.86329,0.615,0.05528,0.6497807715276668,0.0001,2049199.3,,,,0.5957,0.6498,2025-05-22 09:09:11.391
ORDIUSDT,11.062,11.05,11.045,50,126.4,11.323,9.67,1747904951391,0.13959,927072.41,9821242.77171,9821242.77171,10.434,0.06019,11.0415841471823348,5e-05,2305750.51,,,,9.707,11.052,2025-05-22 09:09:11.391
1000BONKUSDT,0.022309,0.02231,0.022303,5794,5794,0.022497,0.019744,1747904951391,0.12286,604887325.0,12676427.855726,12676427.855726,0.020583,0.08386,0.0223012517758218,5e-05,742312049,,,,0.019868,0.022307,2025-05-22 09:09:11.391
LEVERUSDT,0.0005799,0.0005798,0.0005797,1385521,193367,0.0005801,0.0005422,1747904951391,0.05226,1134069045.0,637036.3806201,637036.3806201,0.0005599,0.03572,0.0005798979196369,0.0001,1672919067,,,,0.0005511,0.0005799,2025-05-22 09:09:11.391
USTCUSDT,0.01345,0.01345,0.01343,9812,4009,0.01349,0.01267,1747904951391,0.04425,15218705.0,199236.09993,199236.09993,0.01303,0.03223,0.0134460624913146,5e-05,51182588,,,,0.01288,0.01345,2025-05-22 09:09:11.391
RADUSDT,0.8083,0.8087,0.8067,78.5,77.6,0.809,0.7758,1747904951391,0.02942,767332.4,605824.30776,605824.30776,0.7874,0.02654,0.8075988156164522,0.0001,832251.8,,,,0.7852,0.8083,2025-05-22 09:09:11.391
QNTUSDT,99.96,99.97,99.93,1.28,0.63,100.91,95.77,1747904951391,0.04038,8370.16,826829.7011,826829.7011,98.11,0.01886,99.9235767361064839,0.0001,51447.77,,,,96.08,99.96,2025-05-22 09:09:11.391
MAVUSDT,0.07364,0.0737,0.07362,157.9,924.23,0.07386,0.06652,1747904951391,0.08887,6283257.33,439383.8321436,439383.8321436,0.06991,0.05335,0.0737331945889294,0.0001,12296886.3,,,,0.06763,0.07371,2025-05-22 09:09:11.391
XVGUSDT,0.007705,0.00771,0.007702,8897,9122,0.007733,0.006862,1747904951391,0.09539,183598189.0,1315517.049622,1315517.049622,0.007118,0.08247,0.007703,0.0001,241445668,,,,0.007034,0.007705,2025-05-22 09:09:11.391
1000XECUSDT,0.02389,0.02395,0.02393,7709,6198,0.02402,0.02221,1747904951391,0.06604,13458260.0,314891.32899,314891.32899,0.02317,0.03107,0.023938657183027,0.0001,35822529,,,,0.02241,0.02394,2025-05-22 09:09:11.391
AGLDUSDT,0.978,0.9775,0.9773,67,205.9,0.978,0.9165,1747904951391,0.05365,685674.3,651289.28565,651289.28565,0.9487,0.03088,0.9782960212657225,0.0001,2669486.7,,,,0.9282,0.978,2025-05-22 09:09:11.391
WLDUSDT,1.2782,1.2783,1.278,2357,578,1.2888,1.0999,1747904951391,0.15081,16271824.0,19457450.0527,19457450.0527,1.1925,0.07187,1.2776950644191593,0.0001,34583323,,,,1.1107,1.2782,2025-05-22 09:09:11.391
PENDLEUSDT,4.629,4.6209,4.619,4540,69,4.72,4.2371,1747904951391,0.04887,991382.0,4418649.9743,4418649.9743,4.3653,0.06041,4.6221719624945045,0.0001,1404004,,,,4.4133,4.6226,2025-05-22 09:09:11.391
ARKMUSDT,0.7257,0.7253,0.725,243,243,0.7294,0.6565,1747904951391,0.06564,5463442.0,3757281.0369,3757281.0369,0.681,0.06564,0.7258049397080788,0.0001,9796662,,,,0.681,0.7257,2025-05-22 09:09:11.391
CVXUSDT,3.638,3.639,3.636,18.75,37.23,3.668,3.284,1747904951391,0.06686,177393.26,617478.80835,617478.80835,3.419,0.06405,3.6354609159643214,5e-05,584045.07,,,,3.41,3.638,2025-05-22 09:09:11.391
YGGUSDT,0.2273,0.2273,0.2271,2143,6804,0.2274,0.2044,1747904951391,0.086,1189511.8,255849.77625,255849.77625,0.2147,0.05869,0.227258486518238,5e-05,4497712.1,,,,0.2093,0.2273,2025-05-22 09:09:11.391
OGNUSDT,0.07057,0.0706,0.07055,900,1836,0.07062,0.06365,1747904951391,0.08636,11505450.0,770753.07128,770753.07128,0.06669,0.05818,0.0707059220439871,-0.000305,37525129,,,,0.06496,0.07058,2025-05-22 09:09:11.391
LPTUSDT,5.851,5.849,5.848,117.9,11.8,5.855,5.305,1747904951391,0.09713,90760.2,506552.2382,506552.2382,5.572,0.05007,5.8591371377426263,5e-05,662963.2,,,,5.333,5.851,2025-05-22 09:09:11.391
BNTUSDT,0.7577,0.7582,0.7568,54,52,0.7633,0.6879,1747904951391,0.07506,486169.0,351957.4538,351957.4538,0.7133,0.06225,0.7579387895765915,0.0001,616346,,,,0.7048,0.7577,2025-05-22 09:09:11.391
SEIUSDT,0.24391,0.24391,0.2438,4100,1603,0.24413,0.22092,1747904951391,0.0985,21457578.0,4948714.76283,4948714.76283,0.23053,0.05804,0.2435979156077636,0.000253,173808612,,,,0.22204,0.24391,2025-05-22 09:09:11.391
CYBERUSDT,1.4249,1.4255,1.4233,47.8,47.8,1.4253,1.2813,1747904951391,0.0965,1054093.6,1409813.76766,1409813.76766,1.3407,0.0628,1.4231277996530778,5e-05,804841,,,,1.2995,1.4235,2025-05-22 09:09:11.391
BAKEUSDT,0.1422,0.1424,0.1423,979.2,2975.4,0.143,0.1287,1747904951391,0.09217,14340337.4,1919470.8197,1919470.8197,0.1313,0.08302,0.1425999443310313,5e-05,8849928.7,,,,0.1302,0.1424,2025-05-22 09:09:11.391
BIGTIMEUSDT,0.07885,0.07887,0.07883,161043,4000,0.07889,0.07255,1747904951391,0.07807,18193106.0,1376332.19565,1376332.19565,0.07559,0.04313,0.0788241951681728,5e-05,86793926,,,,0.07314,0.07883,2025-05-22 09:09:11.391
WAXPUSDT,0.02526,0.02526,0.02525,5246,5245,0.02528,0.02374,1747904951391,0.05868,5682380.0,138541.39213,138541.39213,0.02451,0.0306,0.0252611390746785,5e-05,32496807,,,,0.02386,0.02526,2025-05-22 09:09:11.391
POLYXUSDT,0.1779,0.178,0.1778,3709,765,0.1781,0.1649,1747904951391,0.06911,1713905.0,293700.9916,293700.9916,0.1727,0.03011,0.1779643899479527,5e-05,14502406,,,,0.1664,0.1779,2025-05-22 09:09:11.391
TIAUSDT,2.7969,2.7967,2.7954,1459.6,47.5,2.801,2.5584,1747904951391,0.0766,2658249.7,7077391.61181,7077391.61181,2.6468,0.05671,2.7943242278829234,0.000248,15061928.7,,,,2.5979,2.7969,2025-05-22 09:09:11.391
MEMEUSDT,0.00256,0.002555,0.002554,36399,342299,0.002571,0.002264,1747904951391,0.12925,570938778.0,1392785.237083,1392785.237083,0.002397,0.068,0.0025540468958449,5e-05,1007355540,,,,0.002267,0.002556,2025-05-22 09:09:11.391
PYTHUSDT,0.1374,0.1373,0.1372,942,38910,0.138,0.1258,1747904951391,0.07596,45292469.0,5929426.5632,5929426.5632,0.132,0.04091,0.1370960695162656,5e-05,112213274,,,,0.1277,0.1373,2025-05-22 09:09:11.391
JTOUSDT,2.0965,2.0936,2.0932,668,28,2.0982,1.9692,1747904951391,0.05405,801715.0,1629543.0137,1629543.0137,2.0257,0.03495,2.0971532554125655,5e-05,1270685,,,,1.989,2.0959,2025-05-22 09:09:11.391
1000SATSUSDT,5.74e-05,5.75e-05,5.74e-05,14691422,812246502,6.23e-05,5.02e-05,1747904951391,0.13439,82539019328.0,4680554.1137506,4680554.1137506,0.0000578,-0.00692,0.0000573791486692,5e-05,85158583322,,,,0.0000506,0.0000574,2025-05-22 09:09:11.391
1000RATSUSDT,0.02595,0.02594,0.02591,7435,7524,0.02647,0.02366,1747904951391,0.09494,82634774.0,2072389.84208,2072389.84208,0.02494,0.0405,0.0259430735862053,5e-05,382080608,,,,0.0237,0.02594,2025-05-22 09:09:11.391
ACEUSDT,0.7181,0.7183,0.7176,96.75,96.75,0.7193,0.6501,1747904951391,0.093,830180.47,566920.155906,566920.155906,0.684,0.04985,0.7175912339735923,5e-05,1096812.26,,,,0.657,0.7179,2025-05-22 09:09:11.391
XAIUSDT,0.08868,0.08866,0.08862,5639,1497,0.08882,0.07807,1747904951391,0.12896,26240862.0,2174571.88655,2174571.88655,0.08297,0.06882,0.0887062035821904,5e-05,48532273,,,,0.07855,0.08871,2025-05-22 09:09:11.391
MANTAUSDT,0.3204,0.3203,0.3201,1221.1,445.5,0.3246,0.2693,1747904951391,0.17794,4248655.9,1261788.58488,1261788.58488,0.2919,0.09764,0.32060595342425,5e-05,6793148.4,,,,0.272,0.3204,2025-05-22 09:09:11.391
ALTUSDT,0.03635,0.03638,0.03635,1911,1911,0.03649,0.03293,1747904951391,0.08605,18299772.0,632782.88144,632782.88144,0.0347,0.04755,0.036347733927365,5e-05,38429075,,,,0.03347,0.03635,2025-05-22 09:09:11.391
JUPUSDT,0.5501,0.5501,0.55,6176,656,0.5511,0.5027,1747904951391,0.06156,8900957.0,4688974.0504,4688974.0504,0.5187,0.06054,0.5504125031912943,5e-05,33799071,,,,0.5182,0.5504,2025-05-22 09:09:11.391
ZETAUSDT,0.2708,0.2707,0.2706,9232,1335,0.2711,0.2527,1747904951391,0.06824,3194448.0,833013.7881,833013.7881,0.2615,0.03556,0.2708919345937554,5e-05,10292444,,,,0.2535,0.2708,2025-05-22 09:09:11.391
STRKUSDT,0.1735,0.1736,0.1735,40190.1,59538.9,0.1747,0.1499,1747904951391,0.14749,16820624.5,2641289.28771,2641289.28771,0.1566,0.10792,0.1736564748673536,5e-05,45211666.9,,,,0.1512,0.1737,2025-05-22 09:09:11.391
PIXELUSDT,0.05811,0.05806,0.05803,10011,14215,0.05852,0.0497,1747904951391,0.16104,27444229.0,1478171.21273,1478171.21273,0.05323,0.09168,0.0580851836520997,5e-05,23449856,,,,0.05005,0.05809,2025-05-22 09:09:11.391
DYMUSDT,0.4041,0.4045,0.404,1175,2500.5,0.4047,0.3585,1747904951391,0.10803,1319536.5,497266.4971,497266.4971,0.3768,0.07245,0.4034742569989543,5e-05,12407204.1,,,,0.3647,0.4037,2025-05-22 09:09:11.391
WIFUSDT,1.1772,1.1772,1.1771,178,2065.1,1.19,0.9607,1747904951391,0.22104,59377778.6,65781138.37982,65781138.37982,1.115,0.05578,1.1779644933513708,5e-05,49501824.2,,,,0.9641,1.178,2025-05-22 09:09:11.391
AXLUSDT,0.3923,0.3922,0.3919,593,852,0.3933,0.3618,1747904951391,0.05231,1146095.0,434516.463,434516.463,0.3761,0.04307,0.3918750732840193,5e-05,13306188,,,,0.3728,0.392,2025-05-22 09:09:11.391
BEAMUSDT,0.008158,0.008163,0.008152,8184,8149,0.008189,0.007592,1747904951391,0.04697,160820369.0,1267070.046272,1267070.046272,0.007789,0.04737,0.008143237714223,5e-05,861372724,,,,0.007792,0.008156,2025-05-22 09:09:11.391
BOMEUSDT,0.002549,0.002545,0.002544,226937,50987,0.002565,0.002176,1747904951391,0.16606,1046408009.0,2493942.497362,2493942.497362,0.002337,0.09071,0.0025462386116395,5e-05,3133513090,,,,0.002186,0.002547,2025-05-22 09:09:11.391
METISUSDT,21.56,21.56,21.55,3.12,3.12,21.56,19.47,1747904951392,0.10734,12423.9,252376.0953,252376.0953,20.19,0.06786,21.5527508781719954,5e-05,78788.43,,,,19.47,21.56,2025-05-22 09:09:11.392
NFPUSDT,0.0948,0.09471,0.09461,531.1,745,0.09444,0.0843,1747904951392,0.11176,4700766.3,418455.646899,418455.646899,0.08916,0.05877,0.0946090492230871,5e-05,3054184.6,,,,0.08527,0.09461,2025-05-22 09:09:11.392
VANRYUSDT,0.04077,0.04078,0.04076,4890,1991,0.04116,0.03598,1747904951392,0.12438,71381004.0,2734406.4384,2734406.4384,0.03792,0.07516,0.0408310354894582,5e-05,110451039,,,,0.03626,0.04083,2025-05-22 09:09:11.392
AEVOUSDT,0.1343,0.1343,0.1342,35894.3,33734.7,0.1343,0.1187,1747904951392,0.11917,2598579.6,326652.40619,326652.40619,0.1246,0.07785,0.1341063950685862,5e-05,12245685.8,,,,0.12,0.1342,2025-05-22 09:09:11.392
ETHFIUSDT,1.4069,1.4066,1.4056,504.2,267.3,1.4265,1.2506,1747904951392,0.07908,6062974.8,8140275.2564,8140275.2564,1.3309,0.0571,1.4071653377364055,5e-05,11172369.6,,,,1.3038,1.4072,2025-05-22 09:09:11.392
OMUSDT,0.42174,0.42177,0.42164,781.1,1000,0.439,0.40351,1747904951392,-0.02594,20619884.7,8676646.822796,8676646.822796,0.41208,0.02344,0.4214221434938085,5e-05,51534454.3,,,,0.43297,0.42174,2025-05-22 09:09:11.392
ONDOUSDT,1.0136,1.0136,1.0135,1037,9652.8,1.0202,0.9314,1747904951392,0.08117,39118719.3,38056022.19175,38056022.19175,0.9759,0.03873,1.0125677425226529,0.000272,163162753.5,,,,0.9375,1.0136,2025-05-22 09:09:11.392
CAKEUSDT,2.4921,2.4919,2.4909,50,27.1,2.5472,2.3272,1747904951392,0.06191,688771.6,1666518.43168,1666518.43168,2.378,0.04798,2.4907023440066514,5e-05,3412121.1,,,,2.3468,2.4921,2025-05-22 09:09:11.392
PORTALUSDT,0.06962,0.06965,0.06958,4546.9,18428.2,0.07095,0.06481,1747904951392,0.06567,34179208.7,2317165.002108,2317165.002108,0.06744,0.03233,0.0694363397612479,0.000354,79669620.8,,,,0.06533,0.06959,2025-05-22 09:09:11.392
NTRNUSDT,0.1375,0.1376,0.1375,1061,497,0.1415,0.1237,1747904951392,0.09912,2361124.0,313860.1851,313860.1851,0.1382,-0.00507,0.1375613464367701,5e-05,4591566,,,,0.1251,0.1376,2025-05-22 09:09:11.392
KASUSDT,0.11806,0.11808,0.11806,22949,423,0.11821,0.10944,1747904951392,0.06987,70057767.0,7936588.33634,7936588.33634,0.11281,0.04654,0.1178215087245046,0.000586,666985576,,,,0.11035,0.11804,2025-05-22 09:09:11.392
AIUSDT,0.19612,0.19608,0.19592,556,73,0.19631,0.174,1747904951392,0.10515,7288737.0,1339160.92453,1339160.92453,0.18092,0.08402,0.195929262547035,5e-05,8312675,,,,0.17746,0.19604,2025-05-22 09:09:11.392
ENAUSDT,0.4172,0.4173,0.4172,275,779,0.4201,0.3765,1747904951392,0.09616,72108249.0,28916632.1962,28916632.1962,0.3958,0.05407,0.4174644594952485,5e-05,132073290,,,,0.3806,0.4175,2025-05-22 09:09:11.392
WUSDT,0.10702,0.10697,0.10691,2525.4,9692.4,0.10759,0.09441,1747904951392,0.12499,18524916.4,1850812.68402,1850812.68402,0.0984,0.0876,0.106930530546735,5e-05,65750312.8,,,,0.09513,0.10702,2025-05-22 09:09:11.392
CVCUSDT,0.14874,0.14869,0.14853,5006,466,0.15277,0.13281,1747904951392,0.117,11175375.0,1636763.22817,1636763.22817,0.14955,-0.00542,0.1487587582520031,5e-05,5744444,,,,0.13316,0.14874,2025-05-22 09:09:11.392
TNSRUSDT,0.1699,0.1699,0.1698,16186.8,827.7,0.1699,0.1524,1747904951392,0.1011,1386047.4,219753.22547,219753.22547,0.1593,0.06654,0.1699981885201953,5e-05,6263016.3,,,,0.1543,0.1699,2025-05-22 09:09:11.392
SAGAUSDT,0.3652,0.3648,0.3646,789.4,1044.9,0.368,0.3195,1747904951392,0.1324,5221928.6,1778848.20193,1778848.20193,0.3369,0.084,0.3647407267502193,5e-05,7484588.6,,,,0.3225,0.3648,2025-05-22 09:09:11.392
TAOUSDT,471.49,471.36,471.28,0.284,0.293,475.8,411.26,1747904951392,0.13497,80747.478,35575798.51592,35575798.51592,449.95,0.04787,471.2561484060191639,5e-05,154731.061,,,,415.42,471.45,2025-05-22 09:09:11.392
RAYUSDT,3.4343,3.4357,3.434,258,835.1,3.4392,3.1509,1747904951392,0.07726,1092308.9,3594375.58421,3594375.58421,3.2784,0.04755,3.4307240833588691,5e-05,3512004,,,,3.188,3.4343,2025-05-22 09:09:11.392
ATAUSDT,0.05735,0.05737,0.05733,1792,3900,0.0575,0.05271,1747904951392,0.00897,15993584.0,889376.44653,889376.44653,0.0556,0.03147,0.0572546459190675,0.0001,17958851,,,,0.05684,0.05734,2025-05-22 09:09:11.392
SUPERUSDT,0.8818,0.8819,0.8813,788,228,0.8851,0.8069,1747904951392,0.07839,1003071.0,843046.6093,843046.6093,0.8371,0.0534,0.8810487963119985,5e-05,2899554,,,,0.8177,0.8812,2025-05-22 09:09:11.392
ONGUSDT,0.217,0.2171,0.217,592,292,0.2178,0.2042,1747904951392,0.04629,624884.0,131441.3726,131441.3726,0.2107,0.0299,0.2171331549172617,5e-05,2678986,,,,0.2074,0.217,2025-05-22 09:09:11.392
OMNI1USDT,2.876,2.88,2.876,109.09,238.64,2.893,2.555,1747904951392,0.10107,275585.63,751647.71274,751647.71274,2.711,0.06086,2.8786345806497579,5e-05,238829.6,,,,2.612,2.878,2025-05-22 09:09:11.392
LSKUSDT,0.5508,0.551,0.5506,121,117,0.5515,0.5157,1747904951392,0.0574,1042567.0,557139.0185,557139.0185,0.5354,0.02876,0.5509308295313979,5e-05,1288239,,,,0.5209,0.5508,2025-05-22 09:09:11.392
GLMUSDT,0.2762,0.2762,0.276,3455,4384,0.2762,0.2615,1747904951392,0.05059,1691050.0,454622.1516,454622.1516,0.2674,0.03291,0.2762073055001587,5e-05,3484874,,,,0.2629,0.2762,2025-05-22 09:09:11.392
REZUSDT,0.01597,0.01597,0.01595,114690,247148,0.016,0.01436,1747904951392,0.09609,121673942.0,1827506.26829,1827506.26829,0.01495,0.06823,0.0159594150841005,5e-05,210533001,,,,0.01457,0.01596,2025-05-22 09:09:11.392
XVSUSDT,6.98,6.984,6.975,28.9,61.9,7.28,6.317,1747904951392,0.08892,708516.5,4905921.7359,4905921.7359,6.515,0.07137,6.9865454355911613,0.0001,102106.2,,,,6.41,6.985,2025-05-22 09:09:11.392
MOVRUSDT,7.67,7.678,7.666,6.49,6.49,7.685,7.079,1747904951392,0.07228,132334.27,970453.19127,970453.19127,7.334,0.04581,7.6805189832819678,5e-05,152739.69,,,,7.153,7.676,2025-05-22 09:09:11.392
BBUSDT,0.18801,0.18777,0.18767,1064,76,0.19358,0.17107,1747904951392,0.08501,20990553.0,3791797.15153,3791797.15153,0.1793,0.04858,0.1878779523805962,5e-05,10045157,,,,0.17328,0.18791,2025-05-22 09:09:11.392
NOTUSDT,0.003014,0.003013,0.003012,60710,62870,0.003027,0.002732,1747904951392,0.0976,1408843520.0,4027056.69113,4027056.69113,0.002842,0.06052,0.0030142882295415,5e-05,2410172988,,,,0.002746,0.003014,2025-05-22 09:09:11.392
BICOUSDT,0.1293,0.1292,0.1291,7184,513,0.1294,0.1167,1747904951392,0.08747,4032232.0,494783.2839,494783.2839,0.121,0.0686,0.1290697703204304,0.0001,3830476,,,,0.1189,0.1292,2025-05-22 09:09:11.392
HIFIUSDT,0.1212,0.1211,0.121,11356,5402,0.1217,0.1099,1747904951392,0.09683,39032367.0,4568512.1703,4568512.1703,0.1145,0.05852,0.1210931903378498,5e-05,37777260,,,,0.1105,0.1212,2025-05-22 09:09:11.392
IOUSDT,1.099,1.097,1.096,140,592,1.1005,0.9629,1747904951392,0.13206,8227018.0,8416248.5073,8416248.5073,1.0094,0.08877,1.0991847353169865,5e-05,8518351,,,,0.9708,1.099,2025-05-22 09:09:11.392
TAIKOUSDT,0.7682,0.7684,0.7682,14,171,0.7824,0.7257,1747904951392,0.04574,4148664.0,3135512.73,3135512.73,0.7433,0.0339,0.7695183275065063,0.0001,3106865,,,,0.7346,0.7684,2025-05-22 09:09:11.392
BRETTUSDT,0.07721,0.07726,0.07719,47880,59820,0.07779,0.06591,1747904951392,0.15914,549880730.0,39370374.7406,39370374.7406,0.07144,0.08203,0.0772290143496751,5e-05,450982273,,,,0.06661,0.0773,2025-05-22 09:09:11.392
ATHUSDT,0.05241,0.05241,0.05239,5000,4340,0.05347,0.04855,1747904951392,0.0709,70736470.0,3621383.971,3621383.971,0.05086,0.03048,0.052395822916411,5e-05,226469150,,,,0.04894,0.0524,2025-05-22 09:09:11.392
ZKUSDT,0.07086,0.0709,0.07082,6924,14848,0.07119,0.06483,1747904951392,0.07039,36531036.0,2465118.60476,2465118.60476,0.06799,0.04221,0.0708880469461822,5e-05,59428178,,,,0.0662,0.07089,2025-05-22 09:09:11.392
MEWUSDT,0.003735,0.003725,0.003723,200000,628500,0.003736,0.003298,1747904951392,0.12602,945062700.0,3326134.4415,3326134.4415,0.003516,0.06229,0.003721999487902,5e-05,1471939189,,,,0.003317,0.003725,2025-05-22 09:09:11.392
LISTAUSDT,0.29,0.2902,0.29,20961,8436,0.3287,0.1908,1747904951392,0.50963,371782531.0,108475911.1587,108475911.1587,0.2023,0.43351,0.2901198182365719,5e-05,27624577,,,,0.1921,0.29,2025-05-22 09:09:11.392
ZROUSDT,2.894,2.889,2.887,205,380,2.896,2.627,1747904951392,0.0843,1838310.0,5017834.857,5017834.857,2.719,0.06436,2.8910942308500784,5e-05,4772898,,,,2.669,2.891,2025-05-22 09:09:11.392
BLASTUSDT,0.00343,0.00343,0.003428,108670,39990,0.003438,0.003212,1747904951392,0.0593,221932850.0,735370.50128,735370.50128,0.003309,0.03657,0.0034334280957361,0.0001,817311410,,,,0.003238,0.00343,2025-05-22 09:09:11.392
DOGUSDT,0.004543,0.004542,0.004541,67500,21500,0.004634,0.003615,1747904951392,0.24568,7453179300.0,32153394.4819,32153394.4819,0.004397,0.0332,0.0045503141376954,-0.001912,5728708217,,,,0.003647,0.004543,2025-05-22 09:09:11.392
PAXGUSDT,3318.5,3318.51,3318.49,0.09,0.135,3349.43,3302.0,1747904951392,-0.00124,4074.54,13571878.46111,13571878.46111,3325.35,-0.00206,3318.0939026738566443,5e-05,6785.516,,,,3322.62,3318.21,2025-05-22 09:09:11.392
ZKJUSDT,2.0522,2.052,2.0518,35,15,2.0662,2.0435,1747904951392,-0.0017,520666.0,1070471.6858,1070471.6858,2.0499,0.00112,2.0501360460477271,6.9e-05,2486659,,,,2.0557,2.0522,2025-05-22 09:09:11.392
BGBUSDT,5.294,5.295,5.291,99,373,5.361,5.118,1747904951392,0.03096,2230626.0,11691038.235,11691038.235,5.241,0.01011,5.2959031183952205,0.0001,24710836,,,,5.135,5.296,2025-05-22 09:09:11.392
MOCAUSDT,0.09501,0.09499,0.09493,9778,1353,0.09561,0.08917,1747904951392,0.03757,23929090.0,2227922.29108,2227922.29108,0.09276,0.02426,0.0948667271052554,5e-05,34364489,,,,0.09157,0.09495,2025-05-22 09:09:11.392
GASUSDT,3.467,3.468,3.467,19.1,69.1,3.477,3.326,1747904951392,0.02091,268513.7,914268.8281,914268.8281,3.412,0.01612,3.4683536439859489,5e-05,678866.1,,,,3.396,3.467,2025-05-22 09:09:11.392
UXLINKUSDT,0.4587,0.4588,0.4586,1129.7,844.1,0.459,0.4367,1747904951392,0.03661,2751438.0,1234401.28715,1234401.28715,0.4498,0.01979,0.45823866051264,5e-05,29017496.3,,,,0.4425,0.4587,2025-05-22 09:09:11.392
BANANAUSDT,24.111,24.115,24.082,3,5.96,24.522,21.698,1747904951392,0.0991,151173.17,3502971.19441,3502971.19441,22.757,0.0595,24.0951114963583651,5e-05,113120.75,,,,21.937,24.102,2025-05-22 09:09:11.392
MYROUSDT,0.03512,0.03512,0.03508,2075,4888,0.03522,0.0296,1747904951392,0.17576,53708299.0,1734848.04471,1734848.04471,0.03243,0.08295,0.0350961709050497,5e-05,48588633,,,,0.02987,0.03512,2025-05-22 09:09:11.392
POPCATUSDT,0.5425,0.5425,0.5423,3516,1000,0.5445,0.4458,1747904951392,0.20717,43978829.0,21810544.4204,21810544.4204,0.4863,0.11557,0.5418688145570805,5e-05,40803176,,,,0.4494,0.5425,2025-05-22 09:09:11.392
PRCLUSDT,0.1265,0.1266,0.1265,42,11138,0.127,0.1123,1747904951392,0.1048,8397166.0,1002775.4167,1002775.4167,0.1185,0.06751,0.126086065367503,0.0001,17937519,,,,0.1145,0.1262,2025-05-22 09:09:11.392
CLOUDUSDT,0.0887,0.0886,0.0885,787,1243,0.0892,0.08427,1747904951392,0.04661,6890630.0,597792.56444,597792.56444,0.08756,0.01302,0.088323763642704,0.0001,4080129,,,,0.08475,0.0885,2025-05-22 09:09:11.392
AVAILUSDT,0.03755,0.03756,0.03752,5480,1707,0.03767,0.0354,1747904951392,0.04596,26540604.0,973278.63225,973278.63225,0.03694,0.01651,0.0375355122661903,0.0001,6972691,,,,0.0359,0.03754,2025-05-22 09:09:11.392
RENDERUSDT,5.05,5.05,5.049,612.1,18.9,5.056,4.593,1747904951392,0.09118,1536502.2,7370790.6141,7370790.6141,4.779,0.05671,5.0464968671925974,5e-05,10218322.3,,,,4.628,5.05,2025-05-22 09:09:11.392
RAREUSDT,0.06699,0.06701,0.06699,19205,4000,0.06699,0.06209,1747904951392,0.06757,6552776.0,423621.7221,423621.7221,0.06447,0.03909,0.066998070489618,5e-05,39152111,,,,0.06275,0.06699,2025-05-22 09:09:11.392
PONKEUSDT,0.1824,0.18255,0.18244,1286,12,0.18255,0.1643,1747904951392,0.09833,11025944.0,1912736.8888,1912736.8888,0.17335,0.05221,0.1823460965145082,5e-05,17228707,,,,0.16607,0.1824,2025-05-22 09:09:11.392
TUSDT,0.01808,0.01811,0.0181,28200,6870,0.0181,0.01699,1747904951392,0.05855,14749310.0,258600.8986,258600.8986,0.01763,0.02552,0.0181373283799823,2.5e-05,72758464,,,,0.01708,0.01813,2025-05-22 09:09:11.392
1000000MOGUSDT,1.2721,1.2727,1.2705,433,473,1.2741,1.0683,1747904951392,0.17072,3125228.0,3663684.5282,3663684.5282,1.182,0.07623,1.2712045385738618,5e-05,3022455,,,,1.0866,1.2721,2025-05-22 09:09:11.392
GUSDT,0.01585,0.01588,0.01587,10170,25130,0.01586,0.01486,1747904951392,0.05456,10632190.0,163723.3633,163723.3633,0.01535,0.03257,0.0158758974947966,5e-05,73709817,,,,0.01503,0.01587,2025-05-22 09:09:11.392
SYNUSDT,0.238,0.2381,0.238,547,547,0.2387,0.2202,1747904951392,0.0644,1275393.0,292288.3155,292288.3155,0.2263,0.0517,0.2381170504080993,5e-05,4586748,,,,0.2236,0.238,2025-05-22 09:09:11.392
SYSUSDT,0.05612,0.05614,0.05606,1400,2313,0.05642,0.05121,1747904951392,0.08403,9533306.0,509428.14422,509428.14422,0.05376,0.0439,0.0562370829080504,5e-05,34981380,,,,0.05177,0.05613,2025-05-22 09:09:11.392
VOXELUSDT,0.07162,0.07167,0.07154,20883,11575,0.0718,0.06711,1747904951392,0.05169,17628303.0,1220411.48894,1220411.48894,0.06866,0.04311,0.0714765258994608,0.000105,84839724,,,,0.0681,0.07162,2025-05-22 09:09:11.392
SUNUSDT,0.019556,0.019561,0.019555,7730,48580,0.019586,0.01883,1747904951392,0.0212,29236550.0,559164.26408,559164.26408,0.018982,0.03024,0.0195551213583751,5e-05,54039677,,,,0.01915,0.019556,2025-05-22 09:09:11.392
DOGSUSDT,0.0002096,0.0002096,0.0002094,20553600,27476700,0.0002099,0.0001834,1747904951392,0.14037,7336834000.0,1437389.8579,1437389.8579,0.0001966,0.06612,0.0002095279953612,5e-05,10634477849,,,,0.0001838,0.0002096,2025-05-22 09:09:11.392
ORDERUSDT,0.1238,0.1239,0.1238,1615,482,0.1337,0.0988,1747904951392,0.24422,5652247.0,680323.8025,680323.8025,0.1059,0.16903,0.1240327342153348,0.0001,8619287,,,,0.0995,0.124,2025-05-22 09:09:11.392
SUNDOGUSDT,0.078,0.078,0.07793,4142,1153,0.07879,0.0714,1747904951392,0.08954,9084599.0,688968.09914,688968.09914,0.07578,0.0293,0.0779286241526339,0.0001,25033076,,,,0.07159,0.078,2025-05-22 09:09:11.392
AKTUSDT,1.609,1.609,1.608,1044.6,1044.7,1.615,1.493,1747904951392,0.07553,545336.5,840793.0753,840793.0753,1.515,0.06205,1.6054708979775124,0.000406,3061975,,,,1.496,1.609,2025-05-22 09:09:11.392
MBOXUSDT,0.06765,0.06765,0.0676,44899,5000,0.06806,0.06028,1747904951392,0.11321,13604435.0,868345.7398,868345.7398,0.06296,0.07449,0.0677118062196423,5e-05,12926483,,,,0.06077,0.06771,2025-05-22 09:09:11.392
HNTUSDT,4.136,4.144,4.137,16.2,24.1,4.147,3.94,1747904951392,0.03815,123844.3,501115.4081,501115.4081,4.035,0.02503,4.1317904430464913,0.0001,488746.7,,,,3.984,4.136,2025-05-22 09:09:11.392
CHESSUSDT,0.07273,0.07276,0.07273,647,8266,0.07295,0.06624,1747904951392,0.07764,9354952.0,647512.18281,647512.18281,0.06926,0.0501,0.0728356836392671,5e-05,5684486,,,,0.06749,0.07277,2025-05-22 09:09:11.392
FLUXUSDT,0.3146,0.3144,0.3142,422,212,0.3182,0.2851,1747904951392,0.07999,1542835.0,463147.768,463147.768,0.2938,0.0708,0.3147434444543111,5e-05,3995106,,,,0.2913,0.3147,2025-05-22 09:09:11.392
POLUSDT,0.2522,0.2522,0.252,96600,7018,0.2528,0.2292,1747904951392,0.09367,9925117.0,2404329.0546,2404329.0546,0.2422,0.04129,0.251833626151776,5e-05,118339189,,,,0.2306,0.2521,2025-05-22 09:09:11.392
BSWUSDT,0.0312,0.03118,0.03116,9271,24159,0.03126,0.02935,1747904951392,0.04139,16935859.0,514456.67273,514456.67273,0.03025,0.0314,0.0311926171988145,5e-05,58243556,,,,0.02996,0.03119,2025-05-22 09:09:11.392
NEIROETHUSDT,0.07641,0.07652,0.07645,2493,2000,0.0821,0.06509,1747904951392,0.16871,102321501.0,7647660.79887,7647660.79887,0.07659,-0.00235,0.076396301023857,5e-05,138999042,,,,0.06538,0.07641,2025-05-22 09:09:11.392
RPLUSDT,5.401,5.404,5.4,15,20.4,5.406,4.913,1747904951392,0.09089,216721.7,1106628.5248,1106628.5248,5.087,0.06055,5.4018201008754445,5e-05,211870.8,,,,4.951,5.4,2025-05-22 09:09:11.392
QUICKUSDT,0.02474,0.02476,0.02469,5000,17942,0.02476,0.02289,1747904951392,0.07378,17649487.0,419366.83309,419366.83309,0.0238,0.0395,0.0246871642365181,5e-05,40495797,,,,0.02304,0.02469,2025-05-22 09:09:11.392
AERGOUSDT,0.13844,0.1385,0.13846,2324,924,0.13848,0.13097,1747904951392,0.04839,9969770.0,1343679.05481,1343679.05481,0.13491,0.02617,0.1384269650330074,2.5e-05,21733731,,,,0.13205,0.13844,2025-05-22 09:09:11.392
1MBABYDOGEUSDT,0.0018453,0.0018451,0.0018441,2271397,37344,0.0018519,0.0016601,1747904951392,0.10722,1268105792.0,2218337.6227198,2218337.6227198,0.0017412,0.05979,0.0018424770283947,5e-05,5509805406,,,,0.0016666,0.0018451,2025-05-22 09:09:11.392
1000CATUSDT,0.009915,0.00992,0.009912,63959,25230,0.010232,0.008695,1747904951392,0.13172,162243549.0,1539725.146758,1539725.146758,0.009715,0.02059,0.0098962875549465,5e-05,239387650,,,,0.008761,0.009905,2025-05-22 09:09:11.392
KDAUSDT,0.6073,0.6074,0.607,185,292,0.6073,0.5672,1747904951392,0.05051,887620.0,520464.1548,520464.1548,0.5855,0.03723,0.606636635655639,5e-05,5763655,,,,0.5781,0.6073,2025-05-22 09:09:11.392
FIDAUSDT,0.09518,0.09514,0.09511,2000,2473,0.0953,0.08924,1747904951392,0.04238,14283060.0,1316811.65702,1316811.65702,0.09163,0.03874,0.0951218097750927,5e-05,26431879,,,,0.09131,0.09513,2025-05-22 09:09:11.392
CATIUSDT,0.1154,0.1153,0.1152,5000,5604,0.1154,0.1018,1747904951392,0.12585,4533286.0,487189.3828,487189.3828,0.1057,0.09177,0.1152736700963363,5e-05,10072746,,,,0.1025,0.1153,2025-05-22 09:09:11.392
FIOUSDT,0.01907,0.01908,0.01906,3503,3431,0.01913,0.01769,1747904951392,0.07075,17364970.0,323223.44549,323223.44549,0.01856,0.02748,0.0190757811666931,5e-05,87744994,,,,0.01781,0.01907,2025-05-22 09:09:11.392
ARKUSDT,0.4271,0.4271,0.4268,200,300,0.4272,0.4076,1747904951392,0.03015,1139731.0,479167.4742,479167.4742,0.418,0.02177,0.4275243965035709,5e-05,5508378,,,,0.4146,0.4271,2025-05-22 09:09:11.392
GHSTUSDT,0.5471,0.548,0.5477,241,121,0.5479,0.4909,1747904951392,0.09705,2363749.0,1246293.4755,1246293.4755,0.5136,0.06523,0.5488335570428192,5e-05,664335,,,,0.4987,0.5478,2025-05-22 09:09:11.392
LOKAUSDT,0.0719,0.0721,0.072,5000,8992,0.0719,0.0669,1747904951392,0.04658,3613808.0,249415.7052,249415.7052,0.0692,0.03902,0.0720934304086199,5e-05,17398547,,,,0.0687,0.072,2025-05-22 09:09:11.392
VELOUSDT,0.012408,0.01242,0.012397,5030,5020,0.01278,0.011478,1747904951392,0.05438,77462350.0,952731.31803,952731.31803,0.012357,0.00413,0.0123734530032677,0.0001,105073540,,,,0.011768,0.012403,2025-05-22 09:09:11.392
HMSTRUSDT,0.002418,0.002418,0.002417,204210,27850,0.002434,0.0023,1747904951392,0.03555,87522200.0,206733.36762,206733.36762,0.002355,0.02675,0.0024147191132297,5e-05,7911068192,,,,0.002335,0.002418,2025-05-22 09:09:11.392
AGIUSDT,0.06984,0.06995,0.06971,9660,10130,0.06988,0.0637,1747904951392,0.09057,7943700.0,532286.0081,532286.0081,0.06647,0.0507,0.0698500040753119,5e-05,19599248,,,,0.06404,0.06984,2025-05-22 09:09:11.392
REIUSDT,0.02085,0.02085,0.02082,50610,71020,0.02089,0.01957,1747904951392,0.04042,15908550.0,323161.3178,323161.3178,0.02005,0.0399,0.0208511058882799,5e-05,31208207,,,,0.02004,0.02085,2025-05-22 09:09:11.392
COSUSDT,0.003968,0.00397,0.003966,41280,60910,0.003971,0.003645,1747904951392,0.05196,112853370.0,431938.06502,431938.06502,0.003838,0.03387,0.0039699489839052,5e-05,151124310,,,,0.003772,0.003968,2025-05-22 09:09:11.392
EIGENUSDT,1.584,1.5884,1.5877,1763,62,1.5957,1.4335,1747904951392,0.08145,3099723.0,4712229.1833,4712229.1833,1.5267,0.03753,1.5884385673469031,5e-05,10853009,,,,1.4647,1.5879,2025-05-22 09:09:11.392
MOODENGUSDT,0.25857,0.25837,0.25832,5492,4216,0.2698,0.21554,1747904951392,0.14553,712723980.0,166325180.27733,166325180.27733,0.23147,0.11708,0.2579710006873033,0.000629,153431590,,,,0.22572,0.25843,2025-05-22 09:09:11.392
DIAUSDT,0.4908,0.4904,0.4899,139,275,0.4908,0.4512,1747904951392,0.05209,759457.0,355539.9198,355539.9198,0.464,0.05776,0.4900921851238633,5e-05,999703,,,,0.4665,0.4901,2025-05-22 09:09:11.392
FTNUSDT,4.4106,4.4136,4.4089,13.6,13.8,4.435,4.381,1747904951392,0.00588,98684.1,434308.6027,434308.6027,4.4183,-0.00149,4.4165748909571203,-9.1e-05,86873.8,,,,4.3848,4.4114,2025-05-22 09:09:11.392
OGUSDT,5.2293,5.2297,5.225,11.4,23.3,5.272,5.0473,1747904951392,0.01801,109465.5,565920.76645,565920.76645,5.1934,0.00691,5.2272833403818449,5e-05,277953.8,,,,5.1368,5.2285,2025-05-22 09:09:11.392
NEIROCTOUSDT,0.0005816,0.0005809,0.0005806,113923,4505722,0.0005984,0.0005185,1747904951392,0.11546,10712661795.0,5914089.4494636,5914089.4494636,0.0005489,0.05957,0.0005806935561576,5e-05,11631350595,,,,0.0005214,0.0005807,2025-05-22 09:09:11.392
ETHWUSDT,1.8128,1.811,1.81,37,63,1.835,1.6847,1747904951392,0.06173,451863.0,793967.7471,793967.7471,1.7543,0.03335,1.8108177050182817,5e-05,766698,,,,1.7074,1.8128,2025-05-22 09:09:11.392
DEGENUSDT,0.006459,0.006468,0.006461,96860,45450,0.006675,0.005866,1747904951392,0.09475,407367100.0,2565209.36764,2565209.36764,0.006115,0.05626,0.0064547654096005,5e-05,544164134,,,,0.0059,0.006458,2025-05-22 09:09:11.392
KMNOUSDT,0.07747,0.07749,0.07743,20240,1770,0.07927,0.07235,1747904951392,0.05978,12696850.0,957986.9055,957986.9055,0.07453,0.03945,0.0775142420486137,5e-05,15260773,,,,0.0731,0.0775,2025-05-22 09:09:11.392
POWRUSDT,0.1902,0.1906,0.1904,1271,781,0.1909,0.1791,1747904951392,0.05083,1440053.0,265673.4608,265673.4608,0.1852,0.027,0.1906049285295128,5e-05,4623643,,,,0.181,0.1906,2025-05-22 09:09:11.392
PYRUSDT,1.264,1.264,1.263,23,24,1.264,1.178,1747904951392,0.06937,210287.0,255162.248,255162.248,1.216,0.03947,1.2636115208402923,0.0001,434277,,,,1.182,1.264,2025-05-22 09:09:11.392
CARVUSDT,0.3754,0.3756,0.3743,175,200,0.376,0.3589,1747904951392,0.03702,1515670.0,557754.7743,557754.7743,0.3696,0.01569,0.374550874077954,5e-05,4867182,,,,0.362,0.3752,2025-05-22 09:09:11.392
SLERFUSDT,0.09157,0.09151,0.09146,348,885,0.09166,0.0843,1747904951392,0.073,9662953.0,848832.64459,848832.64459,0.08803,0.04021,0.0916140541034028,5e-05,7780331,,,,0.08534,0.09159,2025-05-22 09:09:11.392
PUFFERUSDT,0.2407,0.2409,0.2406,632,579,0.2458,0.2223,1747904951392,0.08034,2992544.0,707946.8062,707946.8062,0.2358,0.02078,0.2401806228957062,5e-05,8550214,,,,0.2228,0.2407,2025-05-22 09:09:11.392
10000WHYUSDT,0.0004269,0.0004277,0.0004268,3933800,300000,0.0004336,0.0003765,1747904951392,0.12579,2495814500.0,1014513.77827,1014513.77827,0.0004006,0.06565,0.0004265730775641,0.000944,2197278184,,,,0.0003792,0.0004269,2025-05-22 09:09:11.392
DEEPUSDT,0.216,0.21598,0.21589,300,600,0.21869,0.18524,1747904951392,0.16073,13875100.0,2758288.216,2758288.216,0.19627,0.10027,0.2161490521347481,5e-05,37909107,,,,0.18609,0.21605,2025-05-22 09:09:11.392
DBRUSDT,0.01677,0.01678,0.01675,2987,2829,0.01682,0.01597,1747904951392,0.03903,15595386.0,254531.85505,254531.85505,0.01627,0.03073,0.0167828377804139,5e-05,31163801,,,,0.01614,0.01677,2025-05-22 09:09:11.392
LUMIAUSDT,0.3801,0.3803,0.3799,500,6438,0.3811,0.3267,1747904951392,0.1411,2513281.0,879774.0723,879774.0723,0.3412,0.11401,0.3796656402670474,5e-05,4566293,,,,0.3331,0.3801,2025-05-22 09:09:11.392
SCRUSDT,0.3717,0.372,0.3718,170.9,170.9,0.3791,0.3468,1747904951392,0.02878,1902066.5,692111.38539,692111.38539,0.3642,0.02059,0.3711328659694764,5e-05,2847453.4,,,,0.3613,0.3712,2025-05-22 09:09:11.392
GOATUSDT,0.17646,0.1764,0.17631,6370,2390,0.1774,0.1532,1747904951392,0.1486,92612030.0,15279984.3616,15279984.3616,0.16467,0.0716,0.1764781442273085,5e-05,128762072,,,,0.15363,0.17648,2025-05-22 09:09:11.392
XUSDT,9.254e-05,9.252e-05,9.247e-05,260000,10515000,9.257e-05,8.557e-05,1747904951392,0.07131,13252617000.0,1179816.79314,1179816.79314,0.00008906,0.03907,0.0000924502307366,5e-05,29195344892,,,,0.00008638,0.00009253,2025-05-22 09:09:11.392
SAFEUSDT,0.5253,0.5252,0.525,4344.1,1807.7,0.5253,0.4918,1747904951392,0.05652,1085159.9,551905.68966,551905.68966,0.5084,0.03324,0.524875594527704,5e-05,7231302.4,,,,0.4972,0.5251,2025-05-22 09:09:11.392
GRASSUSDT,2.562,2.5652,2.5651,155,2,2.6049,2.2276,1747904951392,0.14034,4131308.0,10121258.7099,10121258.7099,2.4875,0.02995,2.5667771863313592,5e-05,3409579,,,,2.2467,2.5672,2025-05-22 09:09:11.392
SWEATUSDT,0.004548,0.004549,0.004543,22190,12070,0.004588,0.00425,1747904951392,0.05547,108973520.0,479283.0454,479283.0454,0.004362,0.04264,0.0045475705103964,5e-05,48185175,,,,0.004309,0.004548,2025-05-22 09:09:11.392
SANTOSUSDT,2.581,2.58,2.578,158,342,2.581,2.484,1747904951392,0.01935,100572.0,255640.812,255640.812,2.544,0.01454,2.5801935568976614,5e-05,93761,,,,2.532,2.58,2025-05-22 09:09:11.392
SPXUSDT,0.9199,0.9199,0.9194,103,83,0.9224,0.7287,1747904951392,0.25037,4686030.0,3845637.0688,3845637.0688,0.7807,0.1783,0.9187987423285244,5e-05,8289436,,,,0.7357,0.9199,2025-05-22 09:09:11.392
VIRTUALUSDT,2.0654,2.0655,2.0654,2697,271,2.1457,1.8883,1747904951392,0.08454,16059080.0,31978405.9962,31978405.9962,1.985,0.04055,2.0649877973295324,0.000372,20734289,,,,1.9044,2.0654,2025-05-22 09:09:11.392
AEROUSDT,0.6921,0.6921,0.6919,633,630,0.6925,0.6237,1747904951392,0.10032,1822659.0,1190550.2103,1190550.2103,0.6447,0.07352,0.6916668271329568,5e-05,6751804,,,,0.629,0.6919,2025-05-22 09:09:11.392
CETUSUSDT,0.24641,0.2464,0.24639,544,576,0.249,0.1996,1747904951392,0.22671,18440830.0,4041257.26599,4041257.26599,0.21656,0.13784,0.2463142612078237,5e-05,46535000,,,,0.20087,0.24631,2025-05-22 09:09:11.392
COWUSDT,0.4645,0.4646,0.4644,454,299,0.4951,0.3932,1747904951392,0.17298,28323580.0,13120516.8864,13120516.8864,0.4619,0.00563,0.4644681487401946,5e-05,11389488,,,,0.396,0.4645,2025-05-22 09:09:11.392
SWELLUSDT,0.01204,0.01206,0.01205,55256,160892,0.01214,0.01066,1747904951392,0.10968,48197356.0,554558.28724,554558.28724,0.01142,0.05429,0.0120318564070755,5e-05,198810811,,,,0.01085,0.01204,2025-05-22 09:09:11.392
DRIFTUSDT,0.6729,0.6724,0.6721,2330,100,0.6765,0.638,1747904951392,0.05075,2190204.0,1441741.862,1441741.862,0.6551,0.02717,0.6723619606413388,5e-05,5710978,,,,0.6404,0.6724,2025-05-22 09:09:11.392
PNUTUSDT,0.37567,0.37566,0.37551,463,29270,0.38677,0.32521,1747904951392,0.14859,60624687.0,21485139.80319,21485139.80319,0.35373,0.06335,0.3757955031777384,5e-05,88985881,,,,0.32707,0.37567,2025-05-22 09:09:11.392
ACTUSDT,0.06666,0.06667,0.06662,12887,672,0.06719,0.06061,1747904951392,0.09458,26144055.0,1672396.51337,1672396.51337,0.06404,0.04091,0.0666148242937729,5e-05,320112808,,,,0.0609,0.06666,2025-05-22 09:09:11.392
CROUSDT,0.1007,0.10074,0.10067,3026,644,0.10075,0.09475,1747904951392,0.04656,10846829.0,1061760.51568,1061760.51568,0.09776,0.03007,0.1005011043967371,0.000884,185510220,,,,0.09622,0.10069,2025-05-22 09:09:11.392
PEAQUSDT,0.1328,0.1328,0.1327,500,1238,0.1339,0.1256,1747904951392,0.00682,5935464.0,769726.4086,769726.4086,0.1287,0.03186,0.1323506290411443,0.000256,36327851,,,,0.1319,0.1327,2025-05-22 09:09:11.392
FWOGUSDT,0.09247,0.09257,0.09241,500,1853,0.0947,0.08162,1747904951392,0.12576,24743300.0,2162246.25857,2162246.25857,0.08637,0.07063,0.0923724492065515,0.0001,27858816,,,,0.08214,0.09247,2025-05-22 09:09:11.392
HIPPOUSDT,0.003299,0.003299,0.003294,30700,84900,0.003358,0.003025,1747904951392,0.0827,882948500.0,2823603.4212,2823603.4212,0.003137,0.05164,0.0032995270511977,5e-05,1640923231,,,,0.003047,0.0033,2025-05-22 09:09:11.392
SNTUSDT,0.02952,0.02952,0.02951,420,3110,0.03067,0.02854,1747904951392,0.03145,24000165.0,707475.29849,707475.29849,0.0302,-0.02252,0.0294491902102504,5e-05,37722235,,,,0.02862,0.02949,2025-05-22 09:09:11.392
MERLUSDT,0.1119,0.1121,0.1119,2647.9,21053.6,0.1153,0.085,1747904951392,0.28917,33418563.8,3219897.53097,3219897.53097,0.0958,0.16806,0.1120255826144461,0.0001,10814338.7,,,,0.0868,0.112,2025-05-22 09:09:11.392
STEEMUSDT,0.15574,0.1557,0.15568,1275,1054,0.15581,0.14716,1747904951392,0.04741,4211774.0,639038.10606,639038.10606,0.15178,0.02609,0.1557450393652738,5e-05,2855416,,,,0.14869,0.15574,2025-05-22 09:09:11.392
BANUSDT,0.06977,0.06979,0.06968,2000,10686,0.0706,0.06335,1747904951392,0.08659,15297724.0,1030115.13532,1030115.13532,0.06833,0.02107,0.0696906490812449,5e-05,30432141,,,,0.06421,0.06977,2025-05-22 09:09:11.392
OLUSDT,0.05986,0.05989,0.05981,10980,330,0.06073,0.05328,1747904951392,0.1077,22589820.0,1293709.8878,1293709.8878,0.05792,0.03349,0.0600644488341516,5e-05,17082920,,,,0.05404,0.05996,2025-05-22 09:09:11.392
MORPHOUSDT,1.725,1.7241,1.7229,37,37,1.7354,1.5944,1747904951392,0.03741,746629.0,1250343.2766,1250343.2766,1.6673,0.03461,1.7249030381614746,5e-05,1223654,,,,1.6628,1.725,2025-05-22 09:09:11.392
SCRTUSDT,0.2245,0.2246,0.2242,5799,515,0.2248,0.2094,1747904951392,0.03599,1175863.0,255412.138,255412.138,0.2176,0.03171,0.2249137846235043,5e-05,7429420,,,,0.2167,0.2246,2025-05-22 09:09:11.392
CHILLGUYUSDT,0.09677,0.09684,0.09678,896,1816,0.10259,0.08885,1747904951392,0.07954,127551881.0,12240276.87141,12240276.87141,0.094,0.02947,0.0967881061343207,0.000266,99519543,,,,0.08964,0.09681,2025-05-22 09:09:11.392
1MCHEEMSUSDT,1.653,1.6532,1.6523,8,80,1.7111,1.5767,1747904951392,0.035,472446.0,775929.1363,775929.1363,1.6327,0.01158,1.6518558488116505,5e-05,280533,,,,1.5971,1.6514,2025-05-22 09:09:11.392
OXTUSDT,0.06699,0.06698,0.06694,950,1126,0.06702,0.06295,1747904951392,0.04119,13289377.0,869059.237,869059.237,0.06534,0.02525,0.0669171357988664,0.0001,6063961,,,,0.06434,0.06694,2025-05-22 09:09:11.392
ZRCUSDT,0.04863,0.04866,0.04862,1370,1370,0.04882,0.0458,1747904951392,0.0501,8655380.0,407443.0809,407443.0809,0.04697,0.03555,0.0486439113960324,0.0001,22129156,,,,0.04631,0.04863,2025-05-22 09:09:11.392
THEUSDT,0.3405,0.3407,0.3404,428,428,0.3529,0.3002,1747904951392,0.11275,1913256.0,621758.6684,621758.6684,0.3129,0.08821,0.3407091999485346,5e-05,5094900,,,,0.306,0.3406,2025-05-22 09:09:11.392
MAJORUSDT,0.2448,0.245,0.2447,2373,580,0.2541,0.2235,1747904951392,-0.00851,6161475.0,1484385.1705,1484385.1705,0.2346,0.04731,0.2445036825787467,0.0001,5507412,,,,0.2469,0.2448,2025-05-22 09:09:11.392
CTCUSDT,0.7231,0.7235,0.7229,47,1525,0.7325,0.6736,1747904951392,0.0626,1018896.0,715204.6062,715204.6062,0.6962,0.03864,0.7215640125403216,5e-05,6033356,,,,0.6805,0.723,2025-05-22 09:09:11.392
XDCUSDT,0.07285,0.07291,0.07285,200,46900,0.07347,0.07065,1747904951392,0.01279,5805100.0,418682.88,418682.88,0.07149,0.01902,0.0726756310482852,0.000408,50518183,,,,0.07193,0.07282,2025-05-22 09:09:11.392
XIONUSDT,1.0284,1.0291,1.0212,64,64,1.044,0.958,1747904951392,0.05999,666958.0,662088.7601,662088.7601,0.9803,0.04907,1.0193539301399027,5e-05,1289528,,,,0.9702,1.025,2025-05-22 09:09:11.392
ORCAUSDT,2.76,2.759,2.757,2216,1492.3,2.806,2.521,1747904951392,0.0777,405476.2,1077403.458,1077403.458,2.609,0.05788,2.7576516819197311,5e-05,1612300.5,,,,2.561,2.76,2025-05-22 09:09:11.392
ACXUSDT,0.2521,0.2523,0.2522,500,521,0.2522,0.2308,1747904951392,0.08151,1223539.0,295206.0512,295206.0512,0.2432,0.0366,0.2524593555985473,5e-05,3034715,,,,0.2331,0.2523,2025-05-22 09:09:11.392
NSUSDT,0.2696,0.27,0.2694,254,393,0.2741,0.2456,1747904951392,0.09593,2298439.0,588370.3,588370.3,0.2528,0.06646,0.2691246943938537,0.0001,1598594,,,,0.246,0.2694,2025-05-22 09:09:11.392
MOVEUSDT,0.188,0.1879,0.1878,72,25300,0.1882,0.1761,1747904951392,0.05559,8946135.0,1630716.4216,1630716.4216,0.1832,0.0262,0.1876984004018985,5e-05,96616463,,,,0.1781,0.1879,2025-05-22 09:09:11.392
KOMAUSDT,0.02567,0.02568,0.02567,2941,648,0.02579,0.02341,1747904951392,0.08175,59732824.0,1475812.39627,1475812.39627,0.02471,0.03804,0.0255654851034093,0.0006,240926436,,,,0.02373,0.02565,2025-05-22 09:09:11.392
MEUSDT,1.029,1.029,1.027,3658,6155,1.029,0.935,1747904951392,0.0843,486255.0,475988.429,475988.429,0.976,0.0543,1.0285727999060342,5e-05,3905633,,,,0.949,1.029,2025-05-22 09:09:11.392
VELODROMEUSDT,0.066272,0.066312,0.066172,15110,650,0.06639,0.060525,1747904951392,0.07476,13265350.0,842280.14436,842280.14436,0.063013,0.05172,0.0662946049138872,5e-05,9960740,,,,0.061662,0.066297,2025-05-22 09:09:11.392
AVAUSDT,0.6598,0.6599,0.6594,103,200,0.6615,0.6069,1747904951392,0.07302,1133961.0,712170.3733,712170.3733,0.6284,0.04997,0.6596620177256008,5e-05,1094270,,,,0.6149,0.6597,2025-05-22 09:09:11.392
DEGOUSDT,1.994,1.997,1.994,2856,283,2.01,1.899,1747904951392,0.04562,302445.0,590599.889,590599.889,1.945,0.02519,1.99342,5e-05,0,,,,1.907,1.994,2025-05-22 09:09:11.392
VANAUSDT,6.364,6.366,6.365,10.9,78.6,6.364,5.8,1747904951392,0.09103,122494.7,739023.8199,739023.8199,6.022,0.05679,6.3649256732370516,5e-05,381530,,,,5.833,6.365,2025-05-22 09:09:11.392
HYPEUSDT,31.748,31.741,31.738,3.17,3.62,32.1,26.326,1747904951392,0.19443,759735.87,22155324.69127,22155324.69127,28.335,0.12045,31.6757210161081015,0.002067,1387802.62,,,,26.58,31.748,2025-05-22 09:09:11.392
PENGUUSDT,0.014611,0.014619,0.014608,12413,6386,0.014653,0.012645,1747904951392,0.14641,627737902.0,8603770.789493,8603770.789493,0.013877,0.05289,0.0146136880152695,5e-05,946980206,,,,0.012745,0.014614,2025-05-22 09:09:11.392
USUALUSDT,0.138,0.1379,0.1378,1395,5395,0.1382,0.124,1747904951392,0.07981,7475188.0,976583.5866,976583.5866,0.1295,0.06564,0.1379190231540994,5e-05,31671209,,,,0.1278,0.1379,2025-05-22 09:09:11.392
FUELUSDT,0.01429,0.0143,0.01426,3420,8420,0.01457,0.01288,1747904951392,0.08258,45692260.0,626146.1662,626146.1662,0.01386,0.03102,0.014244426206349,5e-05,112228557,,,,0.0132,0.01427,2025-05-22 09:09:11.392
CGPTUSDT,0.14778,0.14765,0.14764,23,1855,0.14839,0.11911,1747904951392,0.2351,13757922.0,1863264.29661,1863264.29661,0.12764,0.15779,0.1477096157717768,5e-05,10266094,,,,0.11965,0.14773,2025-05-22 09:09:11.392
AIXBTUSDT,0.20931,0.2094,0.20931,22,1175,0.2098,0.18304,1747904951392,0.14016,19487203.0,3863725.75019,3863725.75019,0.19854,0.05425,0.2093417750693229,5e-05,37926960,,,,0.18358,0.20931,2025-05-22 09:09:11.392
FARTCOINUSDT,1.5523,1.5519,1.5517,205.4,1262.7,1.559,1.274,1747904951392,0.19435,61750812.0,86423795.80722,86423795.80722,1.4025,0.10745,1.5539623144201669,5e-05,53311915.8,,,,1.2997,1.5535,2025-05-22 09:09:11.392
HIVEUSDT,0.2701,0.2701,0.27,383,1000,0.2703,0.2552,1747904951392,0.05016,2149276.0,569300.9858,569300.9858,0.2628,0.02778,0.2703022600396335,5e-05,5070986,,,,0.2572,0.2701,2025-05-22 09:09:11.392
DEXEUSDT,12.633,12.646,12.622,82.1,4.8,12.972,12.6,1747904951392,-0.01343,39334.5,501990.3993,501990.3993,12.709,-0.00598,12.6090200457438502,5e-05,1018869.6,,,,12.805,12.633,2025-05-22 09:09:11.392
GIGAUSDT,0.02811,0.02803,0.02802,10700,10200,0.02811,0.02437,1747904951392,0.12171,34405630.0,898556.0178,898556.0178,0.026,0.08115,0.0279138260191575,0.000385,73959010,,,,0.02506,0.02804,2025-05-22 09:09:11.392
PHAUSDT,0.1377,0.13772,0.13761,500,490,0.13821,0.12391,1747904951392,0.10363,4927392.0,645380.15925,645380.15925,0.12974,0.06135,0.1376055323943987,5e-05,14556342,,,,0.12477,0.13769,2025-05-22 09:09:11.392
DFUSDT,0.05201,0.05202,0.052,594619,1236,0.05201,0.04949,1747904951392,0.03978,9679649.0,495582.25764,495582.25764,0.05061,0.02766,0.0518265972551848,0.0009,323660879,,,,0.05002,0.05199,2025-05-22 09:09:11.392
AI16ZUSDT,0.3381,0.3378,0.3377,112915,3622,0.3466,0.2872,1747904951392,0.17396,33500743.0,10526337.451,10526337.451,0.3136,0.07813,0.3374686487321856,5e-05,74518828,,,,0.288,0.3378,2025-05-22 09:09:11.392
GRIFFAINUSDT,0.11351,0.11331,0.11319,2436,812,0.11642,0.10034,1747904951392,0.12598,47898726.0,5162987.41541,5162987.41541,0.10726,0.05827,0.1132978611123251,5e-05,76293185,,,,0.10081,0.11344,2025-05-22 09:09:11.392
ZEREBROUSDT,0.0439,0.0439,0.04389,1763,22871,0.04426,0.03854,1747904951392,0.12018,137621415.0,5796207.34978,5796207.34978,0.04228,0.03832,0.043858653480225,5e-05,133150233,,,,0.03919,0.0439,2025-05-22 09:09:11.392
BIOUSDT,0.09007,0.08973,0.08966,3384,1515,0.09111,0.07066,1747904951392,0.20883,31430097.0,2504415.1644,2504415.1644,0.07825,0.15105,0.0899779422684931,-1.9e-05,56670897,,,,0.07451,0.08994,2025-05-22 09:09:11.392
SWARMSUSDT,0.03508,0.0351,0.03507,28905,12660,0.03526,0.02988,1747904951392,0.16467,72523800.0,2377522.77051,2377522.77051,0.0332,0.05663,0.0350184238250621,5e-05,177527189,,,,0.03012,0.03508,2025-05-22 09:09:11.392
ALCHUSDT,0.14883,0.14873,0.14866,659,12992,0.16536,0.14637,1747904951392,-0.08525,51540388.0,8081495.53866,8081495.53866,0.15575,-0.04443,0.148921817067108,5e-05,214287960,,,,0.1627,0.14893,2025-05-22 09:09:11.392
COOKIEUSDT,0.2462,0.2463,0.2462,11634,412,0.2467,0.1852,1747904951392,0.31097,160670319.0,35032701.072,35032701.072,0.2259,0.09119,0.2465461837305551,-4e-06,42644565,,,,0.1878,0.2463,2025-05-22 09:09:11.392
SONICUSDT,0.3408,0.3407,0.3405,902,1131,0.3425,0.3091,1747904951392,0.02961,13967523.0,4598051.5418,4598051.5418,0.3276,0.04029,0.3408316158337702,5e-05,22383060,,,,0.331,0.3408,2025-05-22 09:09:11.392
AVAAIUSDT,0.07908,0.07917,0.07904,1090,2067,0.08171,0.05967,1747904951392,0.30841,82309303.0,5917157.65648,5917157.65648,0.07167,0.10339,0.0790270867371091,5e-05,54919471,,,,0.06044,0.07908,2025-05-22 09:09:11.392
SUSDT,0.5336,0.534,0.5337,4939,202,0.5344,0.4953,1747904951392,0.06358,6676211.0,3420721.2861,3420721.2861,0.5092,0.04792,0.5331777998080699,0.000575,45252852,,,,0.5017,0.5336,2025-05-22 09:09:11.392
PROMUSDT,5.479,5.4825,5.48,38.2,11.5,5.5274,5.4116,1747904951392,-0.00707,76614.5,419325.00913,419325.00913,5.4737,0.00097,5.4880230062065534,5e-05,83277.1,,,,5.518,5.4837,2025-05-22 09:09:11.392
DUCKUSDT,0.002689,0.002692,0.002688,19900,19900,0.002734,0.002557,1747904951392,0.03463,155943800.0,413136.0749,413136.0749,0.002684,0.00186,0.0026805709348952,5e-05,548462561,,,,0.002599,0.002689,2025-05-22 09:09:11.392
BGSCUSDT,0.008812,0.008822,0.008811,75100,145500,0.008999,0.008564,1747904951392,0.02537,134260500.0,1171047.1777,1171047.1777,0.008698,0.01311,0.0087797347995302,0.001934,1264953975,,,,0.008594,0.008812,2025-05-22 09:09:11.392
SOLVUSDT,0.0446,0.0446,0.04455,61660,6790,0.0447,0.04137,1747904951392,0.06419,43555130.0,1851306.3956,1851306.3956,0.04218,0.05832,0.0445855401727483,5e-05,786750582,,,,0.04191,0.04459,2025-05-22 09:09:11.392
ARCUSDT,0.07318,0.07316,0.07311,1800,4096,0.07475,0.05761,1747904951392,0.25804,75226258.0,5055470.57508,5055470.57508,0.06955,0.05219,0.0732102715656108,5e-05,110985891,,,,0.05817,0.07321,2025-05-22 09:09:11.392
NCUSDT,0.0454,0.04545,0.04538,993,993,0.04577,0.04206,1747904951392,0.07,11628025.0,512750.01293,512750.01293,0.04411,0.02925,0.0454647798065232,5e-05,12303354,,,,0.04243,0.04543,2025-05-22 09:09:11.392
PIPPINUSDT,0.03007,0.03001,0.02999,43,43401,0.03058,0.02455,1747904951392,0.17737,79034449.0,2090750.59587,2090750.59587,0.02614,0.15034,0.0300011412901447,5e-05,116637495,,,,0.02554,0.03005,2025-05-22 09:09:11.392
TRUMPUSDT,14.703,14.707,14.706,5872.5,480.3,15.2,13.848,1747904951392,0.03813,4162614.2,60199078.9732,60199078.9732,14.376,0.02275,14.6939250150567087,0.000171,6434623.5,,,,14.163,14.703,2025-05-22 09:09:11.392
MELANIAUSDT,0.3985,0.3982,0.3981,2503.8,310.2,0.4004,0.367,1747904951392,0.06722,10413084.8,3988516.85051,3988516.85051,0.3852,0.03453,0.397650625048339,0.00015,16328241.4,,,,0.3734,0.3981,2025-05-22 09:09:11.392
ZCXUSDT,0.0,,,,,0.0,0.0,1747904951392,0.0,0.0,0.0,0.0,0,0,0.0441918572601471,0.0001,0,,,,0,0.0442,2025-05-22 09:09:11.392
PLUMEUSDT,0.1781,0.1782,0.178,2000,2720,0.1786,0.168,1747904951392,0.05322,4390760.0,759770.032,759770.032,0.1734,0.0271,0.1777616928985225,9.1e-05,49742018,,,,0.1691,0.1781,2025-05-22 09:09:11.392
TESTCUSDT,0.0,,,,,0.0,0.0,1747904951392,0.0,0.0,0.0,0.0,0,0,110464.5233333333332228,0.0,0,,,,0,105252.51,2025-05-22 09:09:11.392
VTHOUSDT,0.002667,0.002668,0.002667,75700,2533200,0.002671,0.002448,1747904951392,0.07281,170531500.0,432588.3284,432588.3284,0.002527,0.0554,0.0026626765144309,5e-05,2058521844,,,,0.002486,0.002666,2025-05-22 09:09:11.392
JUSDT,0.224,0.2241,0.224,500,568.3,0.2247,0.2087,1747904951392,0.06061,1072117.7,231976.36274,231976.36274,0.2181,0.02705,0.2240534005953777,5e-05,3254308.6,,,,0.2112,0.224,2025-05-22 09:09:11.392
VINEUSDT,0.0543,0.05431,0.05429,2716,3000,0.05445,0.047,1747904951392,0.14921,59502734.0,3033870.60217,3033870.60217,0.05145,0.05539,0.0542740736760851,5e-05,69246400,,,,0.04725,0.0543,2025-05-22 09:09:11.392
ANIMEUSDT,0.02808,0.02809,0.02807,91267,26840,0.0287,0.02257,1747904951392,0.21348,217970944.0,5837231.40909,5837231.40909,0.02391,0.1744,0.0280656384280179,5e-05,283785609,,,,0.02314,0.02808,2025-05-22 09:09:11.392
XCNUSDT,0.020353,0.020359,0.020347,23050,3250,0.020925,0.019185,1747904951392,0.0446,62321940.0,1238996.12656,1238996.12656,0.019755,0.03027,0.0203803269162796,5e-05,146106614,,,,0.019484,0.020357,2025-05-22 09:09:11.392
TOSHIUSDT,0.0007579,0.000758,0.0007573,139000,172000,0.0007922,0.000734,1747904951392,0.00597,1509302000.0,1150805.8939,1150805.8939,0.0007587,-0.00105,0.000757569908883,5e-05,5005826628,,,,0.0007534,0.0007579,2025-05-22 09:09:11.392
VVVUSDT,4.024,4.03,4.026,17.27,34.95,4.025,3.541,1747904951392,0.09945,194641.21,737837.78889,737837.78889,3.741,0.07565,4.0214718291986345,5e-05,231167.22,,,,3.66,4.024,2025-05-22 09:09:11.392
JELLYJELLYUSDT,0.0,,,,,0.0,0.0,1747904951392,0.0,0.0,0.0,0.0,0,0,0.0338452001212879,5e-05,0,,,,0,0.033844,2025-05-22 09:09:11.392
FORTHUSDT,2.585,2.5866,2.5843,15.3,47.6,2.5899,2.4728,1747904951392,0.03144,242289.0,615836.9899,615836.9899,2.5594,0.01,2.5868464875403196,5e-05,295260.7,,,,2.5062,2.585,2025-05-22 09:09:11.392
BERAUSDT,3.275,3.275,3.273,1784,65.3,3.305,3.081,1747904951392,0.03639,567204.2,1810633.6618,1810633.6618,3.152,0.03902,3.2777782432862987,5e-05,1697906.9,,,,3.16,3.275,2025-05-22 09:09:11.392
TSTBSCUSDT,0.06162,0.06165,0.06159,1370,2000,0.06294,0.05863,1747904951392,0.04903,15400520.0,929759.5077,929759.5077,0.05952,0.03528,0.061541744932754,5e-05,378238385,,,,0.05874,0.06161,2025-05-22 09:09:11.392
10000ELONUSDT,0.001544,0.001546,0.001544,100000,101600,0.001545,0.001417,1747904951392,0.07897,205770100.0,303185.0685,303185.0685,0.00146,0.05753,0.0015437808926661,5e-05,981751590,,,,0.001431,0.001544,2025-05-22 09:09:11.392
LAYERUSDT,0.9758,0.9765,0.9763,94,400,0.9763,0.9245,1747904951392,0.05253,2937204.7,2790962.98957,2790962.98957,0.9479,0.02943,0.9757941083468337,1.3e-05,13473354.8,,,,0.9271,0.9758,2025-05-22 09:09:11.392
B3USDT,0.005522,0.005524,0.005521,24200,33200,0.00563,0.005074,1747904951392,0.07641,129681300.0,694798.5645,694798.5645,0.005453,0.01265,0.0055164390898178,5e-05,240940454,,,,0.00513,0.005522,2025-05-22 09:09:11.392
IPUSDT,4.5584,4.5598,4.5588,9.9,87.7,4.664,4.3809,1747904951392,0.01181,461106.8,2070723.22059,2070723.22059,4.4498,0.02441,4.5601840350247159,5e-05,1361406.9,,,,4.5052,4.5603,2025-05-22 09:09:11.392
RONUSDT,0.7356,0.735,0.7349,6705,143,0.7356,0.6839,1747904951392,0.06086,599373.0,424246.5093,424246.5093,0.7097,0.03649,0.7348615649533396,5e-05,1724664,,,,0.6934,0.7349,2025-05-22 09:09:11.392
HEIUSDT,0.3619,0.3618,0.3616,200,175,0.3619,0.3329,1747904951392,0.07261,1177235.0,406746.896,406746.896,0.347,0.04294,0.361042230619897,5e-05,36535330,,,,0.3374,0.3618,2025-05-22 09:09:11.392
SHELLUSDT,0.25032,0.25038,0.25011,271.6,277.3,0.25108,0.21465,1747904951392,0.15905,4973828.0,1148630.945132,1148630.945132,0.22727,0.10142,0.2502266676596796,5e-05,15533152.2,,,,0.21597,0.25029,2025-05-22 09:09:11.392
BURGERUSDT,0.0676,,,0,0,0.0,0.0,1747904951392,0.0,0.0,0.0,0.0,0,0,0.009903,5e-05,0,,,,0,0.0659,2025-05-22 09:09:11.392
BROCCOLIUSDT,0.03418,0.03421,0.03416,29350,63700,0.0342,0.03132,1747904951392,0.0638,21895060.0,718582.0539,718582.0539,0.03279,0.0427,0.0341315805113803,5e-05,53057866,,,,0.03213,0.03419,2025-05-22 09:09:11.392
AUCTIONUSDT,12.224,12.22,12.218,300.69,27.68,12.254,11.616,1747904951392,0.04416,73879.69,883585.50779,883585.50779,11.951,0.02284,12.2198855075681663,5e-05,352223.45,,,,11.707,12.224,2025-05-22 09:09:11.392
GPSUSDT,0.02535,0.02539,0.02535,5651,39340,0.0257,0.02301,1747904951392,0.10074,19229522.0,463468.4862,463468.4862,0.02392,0.05978,0.0253598075492055,5e-05,23316260,,,,0.02303,0.02536,2025-05-22 09:09:11.392
GNOUSDT,140.68,141.16,140.64,0.472,0.472,142.0,133.07,1747904951392,0.05221,3344.36,459020.19061,459020.19061,137.76,0.0212,140.911987369239446,0.0001,14499.253,,,,133.7,140.8,2025-05-22 09:09:11.392
AIOZUSDT,0.4756,0.4756,0.4755,2623,8766,0.4782,0.4264,1747904951392,0.11199,2318681.0,1064072.6681,1064072.6681,0.4582,0.03797,0.4765798994250526,0.0001,9127432,,,,0.4277,0.4759,2025-05-22 09:09:11.392
PIUSDT,0.8373,0.8371,0.837,2300,175,0.8695,0.7826,1747904951392,0.06513,67854020.0,55965516.3313,55965516.3313,0.849,-0.01378,0.836295367802236,0.000151,95028406,,,,0.7861,0.8371,2025-05-22 09:09:11.392
AVLUSDT,0.2583,0.2585,0.2583,56,521,0.2638,0.2382,1747904951392,0.07045,2285375.0,568098.2069,568098.2069,0.244,0.05861,0.2582020688660609,2.5e-05,4036313,,,,0.2413,0.2582,2025-05-22 09:09:11.392
KAITOUSDT,2.0955,2.0921,2.092,131.5,987,2.2489,2.0629,1747904951392,-0.02977,14312960.4,30930046.07178,30930046.07178,2.1665,-0.03277,2.0933155198124564,5e-05,7864314.5,,,,2.1598,2.0932,2025-05-22 09:09:11.392
GODSUSDT,0.1708,0.171,0.1709,3538,752,0.1713,0.1576,1747904951392,0.05367,2469003.0,404631.6352,404631.6352,0.1609,0.06153,0.170699605211995,5e-05,6227279,,,,0.1621,0.1708,2025-05-22 09:09:11.392
ROAMUSDT,0.202,0.202,0.2019,500,363.6,0.2079,0.184,1747904951392,0.07848,2892796.3,560210.42247,560210.42247,0.2008,0.00598,0.2015613755315804,5e-05,8696625.9,,,,0.1873,0.202,2025-05-22 09:09:11.392
REDUSDT,0.4476,0.4475,0.4474,150,1983.8,0.4512,0.4124,1747904951392,0.07261,1052801.2,453051.67617,453051.67617,0.4262,0.05021,0.4479076225578036,5e-05,4564794.8,,,,0.4173,0.4477,2025-05-22 09:09:11.392
ELXUSDT,0.1324,0.1328,0.1324,13992,4000,0.1411,0.1147,1747904951392,0.15432,12894170.0,1660252.6889,1660252.6889,0.128,0.03438,0.1326696389545577,5e-05,15953120,,,,0.1147,0.1327,2025-05-22 09:09:11.392
SERAPHUSDT,0.17387,0.174,0.17364,196,888,0.17396,0.16734,1747904951392,0.035,2799516.0,477499.10496,477499.10496,0.17095,0.01708,0.1731344492145859,5e-05,18899413,,,,0.16799,0.17371,2025-05-22 09:09:11.392
BMTUSDT,0.09389,0.0939,0.09381,2000,1386,0.0952,0.089,1747904951392,0.0393,13188854.0,1212439.90769,1212439.90769,0.091,0.03176,0.0940838188142803,-4.2e-05,25454710,,,,0.09034,0.09396,2025-05-22 09:09:11.392
VICUSDT,0.2448,0.2447,0.2445,2960,664,0.2594,0.2233,1747904951392,0.09188,9819999.0,2346162.3209,2346162.3209,0.2319,0.05563,0.2446459001919674,5e-05,2965888,,,,0.2242,0.2447,2025-05-22 09:09:11.392
EPICUSDT,1.4906,1.4909,1.4875,85.3,50,1.5023,1.4271,1747904951392,0.02942,418645.2,611902.4006,611902.4006,1.4481,0.02935,1.487,5e-05,8508268,,,,1.448,1.4906,2025-05-22 09:09:11.392
OBTUSDT,0.01312,0.01312,0.01309,4700,6600,0.01344,0.0124,1747904951392,0.04293,32266900.0,414252.968,414252.968,0.01286,0.02022,0.0130820605941873,5e-05,63285676,,,,0.01258,0.01311,2025-05-22 09:09:11.392
MUBARAKUSDT,0.0575,0.05747,0.05745,10304,10161,0.06398,0.05446,1747904951392,-0.03117,99328259.0,5932748.00959,5932748.00959,0.0611,-0.05892,0.0574185324963423,5e-05,86563552,,,,0.05935,0.05746,2025-05-22 09:09:11.392
NMRUSDT,9.518,9.518,9.516,14.6,5.5,9.538,8.862,1747904951392,0.06549,50374.1,464751.0762,464751.0762,9.172,0.03772,9.5207632937144529,5e-05,26563.4,,,,8.933,9.518,2025-05-22 09:09:11.392
TUTUSDT,0.02833,0.02834,0.02833,38700,5000,0.02872,0.02615,1747904951392,0.03811,28205200.0,771804.332,771804.332,0.02704,0.04771,0.028293889288005,5e-05,275406661,,,,0.02729,0.02832,2025-05-22 09:09:11.392
FORMUSDT,2.6469,2.6462,2.6459,38,120,2.6857,2.5852,1747904951392,0.01601,229437.0,606094.312,606094.312,2.6498,-0.00109,2.6445452899651453,5e-05,1984821,,,,2.6052,2.6457,2025-05-22 09:09:11.392
RSS3USDT,0.06227,0.06229,0.06209,983,2010,0.06261,0.05836,1747904951392,0.0434,7818787.0,474518.96813,474518.96813,0.06059,0.0274,0.0624249485053888,0.0001,6855770,,,,0.05968,0.06228,2025-05-22 09:09:11.392
BIDUSDT,0.04773,0.04776,0.04765,1360,1380,0.0486,0.04355,1747904951392,0.05457,13302070.0,618253.1635,618253.1635,0.04491,0.06279,0.04766,5e-05,12759559,,,,0.04526,0.04766,2025-05-22 09:09:11.392
SIRENUSDT,0.16051,0.16086,0.16078,840,420,0.16534,0.14322,1747904951392,0.11714,7955200.0,1236111.1497,1236111.1497,0.1587,0.01141,0.16,5e-05,76476374,,,,0.14368,0.16042,2025-05-22 09:09:11.392
BROCCOLIF3BUSDT,0.013825,0.013866,0.013843,8330,8370,0.014189,0.0131,1747904951392,0.01297,140262320.0,1905960.12573,1905960.12573,0.013408,0.0311,0.013843,1.3e-05,322030966,,,,0.013648,0.013843,2025-05-22 09:09:11.392
BANANAS31USDT,0.006005,0.006005,0.006002,20000,57000,0.006072,0.005798,1747904951392,0.03072,84088000.0,499750.557,499750.557,0.005927,0.01316,0.0059916814081574,0.000194,5166551546,,,,0.005826,0.006002,2025-05-22 09:09:11.392
BRUSDT,0.05901,0.05898,0.05891,4000,665,0.05914,0.05302,1747904951392,0.10568,9737976.0,546084.89164,546084.89164,0.05582,0.05715,0.058921363101067,5e-05,28555475,,,,0.05337,0.05898,2025-05-22 09:09:11.392
NILUSDT,0.5127,0.5129,0.5127,137,4036,0.5245,0.4497,1747904951392,0.13229,3545541.0,1720705.0626,1720705.0626,0.4734,0.08302,0.5124113203885843,5e-05,5518901,,,,0.4528,0.5127,2025-05-22 09:09:11.392
PARTIUSDT,0.3043,0.3043,0.3042,682,1213,0.3076,0.2734,1747904951392,0.06997,5815745.0,1694403.776,1694403.776,0.2768,0.09935,0.304492110266948,5e-05,11269725,,,,0.2844,0.3043,2025-05-22 09:09:11.392
NAVXUSDT,0.0696,0.06975,0.06957,580,180,0.07014,0.06611,1747904951392,0.05215,6458960.0,437604.8521,437604.8521,0.06723,0.03525,0.0696853969442368,0.0001,18472586,,,,0.06615,0.06963,2025-05-22 09:09:11.392
WALUSDT,0.6647,0.6645,0.6643,1198,288,0.6726,0.6216,1747904951392,0.05257,1571443.0,1011987.9654,1011987.9654,0.6384,0.0412,0.6653713552027758,5e-05,4456174,,,,0.6315,0.6647,2025-05-22 09:09:11.392
KILOUSDT,0.03992,0.03995,0.03987,1628,1590,0.04053,0.03867,1747904951392,0.03099,24679072.0,972240.77259,972240.77259,0.03892,0.02569,0.0398166294787853,0.0001,29703689,,,,0.03872,0.03991,2025-05-22 09:09:11.392
FUNUSDT,0.004586,0.004589,0.004586,214000,13000,0.004648,0.004357,1747904951392,0.01911,164226000.0,739993.336,739993.336,0.004488,0.02184,0.0045865775877532,5e-05,349859992,,,,0.0045,0.004587,2025-05-22 09:09:11.392
MLNUSDT,9.154,9.16,9.154,20,7,9.164,8.574,1747904951392,0.04941,37487.0,332186.245,332186.245,8.835,0.03611,9.1583223395646048,5e-05,77888,,,,8.723,9.159,2025-05-22 09:09:11.392
GUNUSDT,0.05599,0.05598,0.05597,8250,1213,0.05604,0.04953,1747904951392,0.1074,17368738.0,902835.49086,902835.49086,0.05182,0.08047,0.0559670710691001,5e-05,53893890,,,,0.05056,0.05598,2025-05-22 09:09:11.392
PUMPUSDT,0.07419,0.07418,0.07416,4081,6658,0.07425,0.07083,1747904951392,0.04361,9568258.0,696797.38239,696797.38239,0.0723,0.02614,0.0740686258044536,0.000604,48565010,,,,0.07109,0.07419,2025-05-22 09:09:11.392
STOUSDT,0.13064,0.13051,0.13032,500,4979,0.15367,0.11052,1747904951392,0.13442,22964152.0,2947819.98865,2947819.98865,0.11451,0.14086,0.13047,5e-05,28366824,,,,0.11516,0.13051,2025-05-22 09:09:11.392
XAUTUSDT,3312.0,3311.7,3311.6,0.04,0.23,3344.4,3287.1,1747904951392,0.00185,842.74,2793519.345,2793519.345,3319.3,-0.0022,3310.6630691589733587,5e-05,3694.16,,,,3305.9,3311.3,2025-05-22 09:09:11.392
AMPUSDT,0.004769,0.004771,0.004769,10000,12000,0.004784,0.004618,1747904951392,0.01706,117534000.0,552827.954,552827.954,0.0047,0.01468,0.0047790675949208,5e-05,62290591,,,,0.004689,0.004769,2025-05-22 09:09:11.392
BABYUSDT,0.09306,0.09307,0.09301,3524,7595,0.09621,0.0811,1747904951392,0.13891,21268082.0,1877699.4429,1877699.4429,0.08545,0.08964,0.0931164209479628,5e-05,27584489,,,,0.08171,0.09311,2025-05-22 09:09:11.392
FHEUSDT,0.09974,0.09975,0.09967,19620,1241,0.10051,0.09477,1747904951392,0.03229,6094402.0,595871.9873,595871.9873,0.09795,0.01827,0.0996481478728711,5e-05,83388152,,,,0.09662,0.09974,2025-05-22 09:09:11.392
PROMPTUSDT,0.27746,0.27752,0.27731,222,448,0.2869,0.26045,1747904951392,0.04304,5231152.0,1423983.79217,1423983.79217,0.27392,0.01292,0.2773469610835401,5e-05,8070310,,,,0.26601,0.27743,2025-05-22 09:09:11.392
RFCUSDT,0.01343,0.01345,0.01343,700,50300,0.01386,0.01267,1747904951392,0.05416,92788000.0,1222834.243,1222834.243,0.01338,0.00374,0.0133933445860939,5e-05,180749359,,,,0.01274,0.01343,2025-05-22 09:09:11.392
KERNELUSDT,0.1699,0.1701,0.1699,1159,1166,0.1741,0.1499,1747904951392,0.1185,6164372.0,1016558.5397,1016558.5397,0.1573,0.0801,0.1699842944709849,5e-05,18702529,,,,0.1519,0.17,2025-05-22 09:09:11.392
WCTUSDT,0.6,0.6002,0.6,1919,602,0.6891,0.5866,1747904951392,-0.10207,22481316.0,14007419.734,14007419.734,0.616,-0.02597,0.6000703227751832,5e-05,19612981,,,,0.6682,0.6,2025-05-22 09:09:11.392
GMUSDT,0.03022,0.03022,0.0301,2063,1698,0.03036,0.02836,1747904951392,0.02964,38088895.0,1119901.41295,1119901.41295,0.02912,0.03777,0.030171,5e-05,0,,,,0.02935,0.03017,2025-05-22 09:09:11.392
PAWSUSDT,8.02e-05,8.05e-05,8.02e-05,868000,1358000,8.3e-05,7.29e-05,1747904951392,0.07941,18560253000.0,1445658.7247,1445658.7247,0.0000789,0.01648,0.0000801509449767,5e-05,27166631079,,,,0.0000743,0.0000802,2025-05-22 09:09:11.392
10000000AIDOGEUSDT,0.001645,0.001646,0.001643,96000,47000,0.001657,0.001513,1747904951392,0.08153,284153000.0,451430.313,451430.313,0.001608,0.02301,0.0016387484500412,5e-05,373137447,,,,0.001521,0.001644,2025-05-22 09:09:11.392
BANKUSDT,0.07994,0.07992,0.07984,288,932,0.08408,0.06974,1747904951392,0.10751,14913821.0,1126375.13767,1126375.13767,0.07434,0.07533,0.0799791828121258,5e-05,34834427,,,,0.07218,0.07996,2025-05-22 09:09:11.392
EPTUSDT,0.01002,0.01006,0.01005,103935,16343,0.01078,0.00958,1747904951392,-0.03282,84630342.0,854043.42695,854043.42695,0.00978,0.02454,0.0100479851332154,5e-05,131830875,,,,0.01036,0.01005,2025-05-22 09:09:11.392
HYPERUSDT,0.1613,0.1615,0.1614,12659,459,0.1641,0.148,1747904951392,0.06539,5060762.0,788210.7688,788210.7688,0.15,0.07533,0.1613164057046565,5e-05,11446983,,,,0.1514,0.1613,2025-05-22 09:09:11.392
ZORAUSDT,0.01077,0.01075,0.01074,270,242670,0.01099,0.00962,1747904951392,0.08459,47821739.0,479287.66447,479287.66447,0.0101,0.06634,0.0107201139607275,5e-05,131090001,,,,0.00993,0.01074,2025-05-22 09:09:11.392
INITUSDT,1.1485,1.1481,1.1475,71,71,1.1687,0.8991,1747904951392,0.22795,8113603.0,8334881.0639,8334881.0639,1.0219,0.12438,1.149001894854143,5e-05,4782519,,,,0.9353,1.1485,2025-05-22 09:09:11.392
DOLOUSDT,0.03834,0.03835,0.03831,1838,1872,0.039,0.03463,1747904951392,0.10236,22784225.0,833740.37287,833740.37287,0.03657,0.0484,0.0382967340615145,5e-05,13451115,,,,0.03478,0.03834,2025-05-22 09:09:11.392
FISUSDT,0.18071,0.18084,0.1806,869,717,0.1808,0.16563,1747904951392,0.05518,3157217.0,546465.23107,546465.23107,0.17311,0.0439,0.180768819325552,5e-05,2047602,,,,0.17126,0.18071,2025-05-22 09:09:11.392
DARKUSDT,0.01292,0.01293,0.01292,11100,48100,0.01331,0.01154,1747904951392,0.09214,96841500.0,1198467.888,1198467.888,0.01244,0.03859,0.0128406270327478,5e-05,139998469,,,,0.01183,0.0129,2025-05-22 09:09:11.392
JSTUSDT,0.0384,0.03842,0.0384,1750,5970,0.03869,0.03726,1747904951392,0.01053,8453520.0,320325.3859,320325.3859,0.03765,0.01992,0.0384026845694655,5e-05,26684141,,,,0.038,0.0384,2025-05-22 09:09:11.392
TAIUSDT,0.11348,0.11354,0.11348,178,8608,0.115,0.09725,1747904951392,0.14823,17351977.0,1827462.0569,1827462.0569,0.10387,0.09252,0.1132984811792982,0.000317,20420250,,,,0.09883,0.11342,2025-05-22 09:09:11.392
SIGNUSDT,0.08717,0.08721,0.08715,802,802,0.0875,0.08275,1747904951392,0.05049,15538651.0,1325752.72059,1325752.72059,0.08529,0.02204,0.0872496543677629,1.3e-05,45914219,,,,0.08298,0.08719,2025-05-22 09:09:11.392
MILKUSDT,0.0891,0.0891,0.089,6002,4000,0.0953,0.0862,1747904951392,0.02414,8433814.0,763950.4944,763950.4944,0.0894,-0.00336,0.0888607783171322,5e-05,17890227,,,,0.087,0.0891,2025-05-22 09:09:11.392
HAEDALUSDT,0.18491,0.18492,0.18488,541,1408,0.22306,0.12877,1747904951392,0.43175,369433277.0,68549684.83465,68549684.83465,0.17779,0.04005,0.1852513920518667,-0.001239,45350458,,,,0.12915,0.18491,2025-05-22 09:09:11.392
PUNDIXUSDT,0.4327,0.432,0.4319,1811,200,0.443,0.4133,1747904951392,0.03765,1949825.0,829025.7477,829025.7477,0.4225,0.02414,0.4322475640069252,5e-05,5461302,,,,0.417,0.4323,2025-05-22 09:09:11.392
B2USDT,0.6709,0.6712,0.6705,91,91,0.6819,0.6529,1747904951392,-0.01003,774206.0,517213.5925,517213.5925,0.6704,0.00075,0.6713714155692702,5e-05,1722976,,,,0.6777,0.6709,2025-05-22 09:09:11.392
AIOTUSDT,0.36516,0.36516,0.36497,1276,86,0.38109,0.34852,1747904951392,0.01158,4262505.0,1536703.43488,1536703.43488,0.35438,0.03011,0.36759,-0.003773,8920812,,,,0.36098,0.36516,2025-05-22 09:09:11.392
GORKUSDT,0.02388,0.02389,0.02387,530,5670,0.02413,0.02089,1747904951392,0.12376,203256520.0,4539520.8557,4539520.8557,0.02229,0.07133,0.0238121889474851,5e-05,368565045,,,,0.02125,0.02386,2025-05-22 09:09:11.392
HOUSEUSDT,0.06071,0.06071,0.06064,30,67820,0.06528,0.04135,1747904951392,0.34941,330077280.0,18154744.0419,18154744.0419,0.05188,0.1702,0.0609995437754772,-0.001168,100970371,,,,0.04499,0.06077,2025-05-22 09:09:11.392
ASRUSDT,1.654,1.654,1.653,502,294,1.655,1.55,1747904951392,0.05485,118795.0,189529.966,189529.966,1.6,0.03375,1.6525467024779758,5e-05,221273,,,,1.568,1.654,2025-05-22 09:09:11.392
ALPINEUSDT,0.9663,0.9664,0.9659,771,250,0.9698,0.9116,1747904951392,0.02743,703624.0,663538.9091,663538.9091,0.9382,0.02995,0.9671629355667313,5e-05,478522,,,,0.9405,0.9663,2025-05-22 09:09:11.392
MYXUSDT,0.0688,0.0689,0.0687,2000,2911,0.0728,0.0665,1747904951392,-0.04841,8241015.0,573211.042,573211.042,0.0681,0.01028,0.0687630445772399,5e-05,10670871,,,,0.0723,0.0688,2025-05-22 09:09:11.392
SYRUPUSDT,0.365,0.3651,0.3648,1210,1210,0.3698,0.3359,1747904951392,0.01615,4680940.0,1633930.848,1633930.848,0.3412,0.06975,0.3649761334244107,5e-05,4868394,,,,0.3592,0.365,2025-05-22 09:09:11.392
OBOLUSDT,0.1596,0.1597,0.1596,392,392,0.1673,0.155,1747904951392,0.02308,3752918.0,599159.1624,599159.1624,0.1595,0.00063,0.159416126191955,5e-05,26090835,,,,0.156,0.1596,2025-05-22 09:09:11.392
SXTUSDT,0.1332,0.1333,0.1332,29340,6623,0.1443,0.1293,1747904951392,-0.05061,26292640.0,3592716.5503,3592716.5503,0.1318,0.01062,0.13314,5e-05,19608278,,,,0.1403,0.1332,2025-05-22 09:09:11.392
SHMUSDT,0.112,0.1121,0.1118,500,500,0.1132,0.1058,1747904951392,0.0576,4609888.0,499912.4313,499912.4313,0.1085,0.03226,0.1114838937293975,5e-05,8230107,,,,0.1059,0.1118,2025-05-22 09:09:11.392
DOODUSDT,0.004334,0.004337,0.004335,15230,15230,0.004678,0.003987,1747904951392,0.03958,510270750.0,2189686.871906,2189686.871906,0.004164,0.04083,0.0043273762328465,5e-05,623050700,,,,0.004169,0.004334,2025-05-22 09:09:11.392
SKYAIUSDT,0.06449,0.06448,0.0644,1000,1255,0.06708,0.06389,1747904951392,-0.01827,13035155.0,853527.56185,853527.56185,0.06539,-0.01376,0.064483729306359,5e-05,30526226,,,,0.06569,0.06449,2025-05-22 09:09:11.392
RDACUSDT,0.0196,0.01966,0.01963,2598,416,0.02182,0.01911,1747904951392,-0.08922,73559861.0,1502366.0622,1502366.0622,0.01997,-0.01853,0.0196363692747138,5e-05,205006830,,,,0.02152,0.01964,2025-05-22 09:09:11.392
LAUNCHCOINUSDT,0.20149,0.2015,0.20146,100,11470,0.26818,0.16711,1747904951392,-0.16636,198490440.0,41671003.6877,41671003.6877,0.19158,0.05173,0.2008271241627273,0.000146,53970090,,,,0.2417,0.20129,2025-05-22 09:09:11.392
PRAIUSDT,0.08033,0.08038,0.08031,12444,10365,0.08116,0.07753,1747904951392,0.03372,22413563.0,1779623.27795,1779623.27795,0.07914,0.01504,0.0801737698228781,0.000668,38456488,,,,0.07771,0.08033,2025-05-22 09:09:11.392
NXPCUSDT,1.8409,1.8407,1.8404,3173,277,1.9981,1.7854,1747904951392,-0.00157,23522221.0,43596457.6059,43596457.6059,1.8611,-0.01085,1.8393828153455846,5e-05,8021430,,,,1.8438,1.8405,2025-05-22 09:09:11.392
BADGERUSDT,1.2617,1.2626,1.2617,499,22,1.2847,1.2063,1747904951392,0.01553,816252.0,1018926.2903,1018926.2903,1.2528,0.0071,1.2648335927780299,-0.000146,545999,,,,1.2424,1.2617,2025-05-22 09:09:11.392
AGTUSDT,0.031621,0.03163,0.031613,3521,2046,0.035746,0.026938,1747904951392,0.01558,146438396.0,4537051.42648,4537051.42648,0.03257,-0.02914,0.031543,0.000356,51528068,,,,0.031136,0.031621,2025-05-22 09:09:11.392
AWEUSDT,0.069728,0.06979,0.06972,26235,7482,0.07069,0.063336,1747904951392,0.06618,78977552.0,5311697.705643,5311697.705643,0.06776,0.02904,0.069820394106123,-0.000508,24378361,,,,0.0654,0.069757,2025-05-22 09:09:11.392
TGTUSDT,0.1322,0.1325,0.1322,352,13,0.1471,0.1101,1747904951392,-0.08258,23611467.0,2975760.4837,2975760.4837,0.1221,0.08354,0.1329691373762705,-0.00161,27629893,,,,0.1441,0.1322,2025-05-22 09:09:11.392
RWAUSDT,0.006001,,,0,0,0.006001,0.006001,1747904951392,0.0,3400.0,20.4034,20.4034,0.006001,0,0.006,5e-05,13042,,,,0.006001,0.006,2025-05-22 09:09:11.392
BLUEUSDT,0.1395,0.1396,0.1395,3554,676,0.1448,0.1325,1747904951392,0.02423,3586216.0,489743.7074,489743.7074,0.1362,0.02203,0.1389939663505641,5e-05,6104309,,,,0.1362,0.1388,2025-05-22 09:09:11.392
BUSDT,0.2149,0.2171,0.216,47,197,0.2342,0.2057,1747904951392,-0.05121,263772.0,57249.5078,57249.5078,0.2265,-0.05121,0.21648,5e-05,191,,,,0.2265,0.2162,2025-05-22 09:09:11.392
