tradeId,price,size,side,ts,symbol,value,hour,date
1309385136600756224,110718.9,0.0006,Buy,2025-05-22 09:54:24,BTCUSDT,66.43133999999999,9,2025-05-22
1309385134860120067,110718.8,0.0436,Sell,2025-05-22 09:54:24,BTCUSDT,4827.33968,9,2025-05-22
1309385132700053506,110718.9,0.0023,Buy,2025-05-22 09:54:23,BTCUSDT,254.65346999999997,9,2025-05-22
1309385132154793990,110718.9,0.0035,Buy,2025-05-22 09:54:23,BTCUSDT,387.51615,9,2025-05-22
1309385130913280003,110718.8,0.0666,Sell,2025-05-22 09:54:23,BTCUSDT,7373.872080000001,9,2025-05-22
1309385130913280001,110718.8,0.0004,Sell,2025-05-22 09:54:23,BTCUSDT,44.28752,9,2025-05-22
1309385130112167938,110718.8,0.0052,Sell,2025-05-22 09:54:22,BTCUSDT,575.73776,9,2025-05-22
1309385128149233667,110718.9,0.003,Buy,2025-05-22 09:54:22,BTCUSDT,332.1567,9,2025-05-22
1309385126232436739,110722.9,0.0004,Sell,2025-05-22 09:54:21,BTCUSDT,44.28916,9,2025-05-22
1309385126165327872,110722.9,0.0006,Sell,2025-05-22 09:54:21,BTCUSDT,66.43373999999999,9,2025-05-22
1309385126043693056,110720.8,0.001,Sell,2025-05-22 09:54:21,BTCUSDT,110.72080000000001,9,2025-05-22
1309385126031110152,110722.9,0.0005,Sell,2025-05-22 09:54:21,BTCUSDT,55.36145,9,2025-05-22
1309385126031110147,110722.9,0.0002,Sell,2025-05-22 09:54:21,BTCUSDT,22.14458,9,2025-05-22
1309385126031110145,110728.5,0.0031,Sell,2025-05-22 09:54:21,BTCUSDT,343.25835,9,2025-05-22
1309385126005944324,110728.5,0.0012,Sell,2025-05-22 09:54:21,BTCUSDT,132.8742,9,2025-05-22
1309385126005944322,110729.5,0.0007,Sell,2025-05-22 09:54:21,BTCUSDT,77.51065,9,2025-05-22
1309385126001750024,110729.5,0.0004,Sell,2025-05-22 09:54:21,BTCUSDT,44.2918,9,2025-05-22
1309385126001750021,110732.5,0.0015,Sell,2025-05-22 09:54:21,BTCUSDT,166.09875,9,2025-05-22
1309385125993361412,110732.5,0.0003,Sell,2025-05-22 09:54:21,BTCUSDT,33.21975,9,2025-05-22
1309385125993361410,110732.5,0.0081,Sell,2025-05-22 09:54:21,BTCUSDT,896.9332499999999,9,2025-05-22
1309385125083197442,110732.6,0.0051,Buy,2025-05-22 09:54:21,BTCUSDT,564.73626,9,2025-05-22
1309385123485167620,110732.6,6.5589,Buy,2025-05-22 09:54:21,BTCUSDT,726284.0501400001,9,2025-05-22
1309385122516283395,110732.6,0.0003,Buy,2025-05-22 09:54:21,BTCUSDT,33.21978,9,2025-05-22
1309385121803251713,110732.5,0.1036,Sell,2025-05-22 09:54:20,BTCUSDT,11471.887,9,2025-05-22
1309385121400598529,110732.6,0.0234,Buy,2025-05-22 09:54:20,BTCUSDT,2591.1428400000004,9,2025-05-22
1309385119181811714,110732.6,0.0071,Buy,2025-05-22 09:54:20,BTCUSDT,786.2014600000001,9,2025-05-22
1309385118938542083,110732.6,0.0983,Buy,2025-05-22 09:54:20,BTCUSDT,10885.014580000001,9,2025-05-22
1309385116015112201,110732.6,0.0375,Buy,2025-05-22 09:54:19,BTCUSDT,4152.4725,9,2025-05-22
1309385116015112199,110732.6,0.0041,Buy,2025-05-22 09:54:19,BTCUSDT,454.0036600000001,9,2025-05-22
1309385116015112197,110732.6,0.0018,Buy,2025-05-22 09:54:19,BTCUSDT,199.31868,9,2025-05-22
1309385114807152641,110732.5,0.0001,Sell,2025-05-22 09:54:19,BTCUSDT,11.07325,9,2025-05-22
1309385114534522880,110732.5,0.3456,Sell,2025-05-22 09:54:19,BTCUSDT,38269.152,9,2025-05-22
1309385109237116928,110732.6,0.1469,Buy,2025-05-22 09:54:17,BTCUSDT,16266.61894,9,2025-05-22
1309385108171763717,110732.6,0.0037,Buy,2025-05-22 09:54:17,BTCUSDT,409.71062000000006,9,2025-05-22
1309385106955415556,110732.5,0.0086,Sell,2025-05-22 09:54:17,BTCUSDT,952.2995,9,2025-05-22
1309385106535985154,110732.5,0.1148,Sell,2025-05-22 09:54:17,BTCUSDT,12712.091,9,2025-05-22
1309385104220729345,110732.6,0.0001,Buy,2025-05-22 09:54:16,BTCUSDT,11.073260000000001,9,2025-05-22
1309385103138598917,110732.6,0.0018,Buy,2025-05-22 09:54:16,BTCUSDT,199.31868,9,2025-05-22
1309385102224240642,110734.6,0.0682,Buy,2025-05-22 09:54:16,BTCUSDT,7552.09972,9,2025-05-22
1309385101733507075,110734.5,0.0045,Sell,2025-05-22 09:54:16,BTCUSDT,498.30524999999994,9,2025-05-22
1309385101733507073,110734.5,0.0218,Sell,2025-05-22 09:54:16,BTCUSDT,2414.0121,9,2025-05-22
1309385099506331650,110734.5,0.0024,Sell,2025-05-22 09:54:15,BTCUSDT,265.76279999999997,9,2025-05-22
1309385092531204098,110734.5,0.0021,Sell,2025-05-22 09:54:13,BTCUSDT,232.54244999999997,9,2025-05-22
1309385092275351557,110734.6,0.2195,Buy,2025-05-22 09:54:13,BTCUSDT,24306.244700000003,9,2025-05-22
1309385092275351555,110734.6,0.03,Buy,2025-05-22 09:54:13,BTCUSDT,3322.038,9,2025-05-22
1309385092275351553,110734.6,0.0485,Buy,2025-05-22 09:54:13,BTCUSDT,5370.628100000001,9,2025-05-22
1309385091650400260,110734.6,0.0043,Buy,2025-05-22 09:54:13,BTCUSDT,476.15878000000004,9,2025-05-22
1309385091033837571,110735.0,0.0245,Buy,2025-05-22 09:54:13,BTCUSDT,2713.0075,9,2025-05-22
1309385089645522948,110735.2,0.0754,Sell,2025-05-22 09:54:13,BTCUSDT,8349.434079999999,9,2025-05-22
1309385089645522946,110735.2,0.028,Sell,2025-05-22 09:54:13,BTCUSDT,3100.5856,9,2025-05-22
1309385089230286850,110735.2,0.0004,Sell,2025-05-22 09:54:13,BTCUSDT,44.29408,9,2025-05-22
1309385088785690627,110735.3,0.0002,Buy,2025-05-22 09:54:13,BTCUSDT,22.147060000000003,9,2025-05-22
1309385086323634177,110735.3,0.001,Buy,2025-05-22 09:54:12,BTCUSDT,110.73530000000001,9,2025-05-22
1309385085426053122,110735.2,0.0014,Sell,2025-05-22 09:54:12,BTCUSDT,155.02928,9,2025-05-22
1309385079063293953,110735.2,6.3815,Sell,2025-05-22 09:54:10,BTCUSDT,706656.6788,9,2025-05-22
1309385077926637573,110735.2,0.0363,Sell,2025-05-22 09:54:10,BTCUSDT,4019.68776,9,2025-05-22
1309385077926637571,110735.2,0.03,Sell,2025-05-22 09:54:10,BTCUSDT,3322.0559999999996,9,2025-05-22
1309385077914054659,110735.3,0.0003,Buy,2025-05-22 09:54:10,BTCUSDT,33.22059,9,2025-05-22
1309385076748038146,110735.3,0.0003,Buy,2025-05-22 09:54:10,BTCUSDT,33.22059,9,2025-05-22
1309385074546028545,110735.3,0.042,Buy,2025-05-22 09:54:09,BTCUSDT,4650.882600000001,9,2025-05-22
1309385073451315203,110735.3,0.0409,Buy,2025-05-22 09:54:09,BTCUSDT,4529.07377,9,2025-05-22
1309385073451315201,110735.3,0.0335,Buy,2025-05-22 09:54:09,BTCUSDT,3709.6325500000003,9,2025-05-22
1309385068535590913,110737.1,0.081,Sell,2025-05-22 09:54:08,BTCUSDT,8969.705100000001,9,2025-05-22
1309385067893862403,110737.1,0.0038,Sell,2025-05-22 09:54:08,BTCUSDT,420.80098000000004,9,2025-05-22
1309385066597822467,110737.2,0.0228,Sell,2025-05-22 09:54:07,BTCUSDT,2524.80816,9,2025-05-22
1309385066597822465,110737.2,0.0018,Sell,2025-05-22 09:54:07,BTCUSDT,199.32695999999999,9,2025-05-22
1309385063649226754,110737.3,0.0006,Buy,2025-05-22 09:54:07,BTCUSDT,66.44238,9,2025-05-22
1309385063556952068,110737.2,0.0714,Sell,2025-05-22 09:54:07,BTCUSDT,7906.63608,9,2025-05-22
1309385062499987457,110737.3,0.04,Buy,2025-05-22 09:54:06,BTCUSDT,4429.492,9,2025-05-22
1309385062407712769,110737.3,0.04,Buy,2025-05-22 09:54:06,BTCUSDT,4429.492,9,2025-05-22
1309385059534614532,110737.3,0.0039,Buy,2025-05-22 09:54:06,BTCUSDT,431.87547,9,2025-05-22
1309385058364403713,110737.3,0.0049,Buy,2025-05-22 09:54:05,BTCUSDT,542.61277,9,2025-05-22
1309385058049830916,110737.2,0.006,Sell,2025-05-22 09:54:05,BTCUSDT,664.4232,9,2025-05-22
1309385058024665090,110737.3,0.005,Buy,2025-05-22 09:54:05,BTCUSDT,553.6865,9,2025-05-22
1309385057953361922,110737.3,0.0001,Buy,2025-05-22 09:54:05,BTCUSDT,11.073730000000001,9,2025-05-22
1309385053666783236,110737.3,0.0044,Buy,2025-05-22 09:54:04,BTCUSDT,487.24412000000007,9,2025-05-22
1309385053666783234,110734.6,0.0002,Buy,2025-05-22 09:54:04,BTCUSDT,22.14692,9,2025-05-22
1309385051502522389,110734.5,0.0026,Sell,2025-05-22 09:54:04,BTCUSDT,287.9097,9,2025-05-22
1309385048910442497,110734.5,0.0001,Sell,2025-05-22 09:54:03,BTCUSDT,11.073450000000001,9,2025-05-22
1309385048788807681,110734.5,0.005,Sell,2025-05-22 09:54:03,BTCUSDT,553.6725,9,2025-05-22
1309385047366938625,110734.6,0.0001,Buy,2025-05-22 09:54:03,BTCUSDT,11.07346,9,2025-05-22
1309385045668245505,110734.5,0.0043,Sell,2025-05-22 09:54:02,BTCUSDT,476.15835,9,2025-05-22
1309385045538222086,110734.6,0.0038,Buy,2025-05-22 09:54:02,BTCUSDT,420.79148000000004,9,2025-05-22
1309385043667562500,110734.6,0.0016,Buy,2025-05-22 09:54:02,BTCUSDT,177.17536,9,2025-05-22
1309385043646590983,110734.6,0.0245,Buy,2025-05-22 09:54:02,BTCUSDT,2712.9977000000003,9,2025-05-22
1309385043646590981,110734.6,0.0041,Buy,2025-05-22 09:54:02,BTCUSDT,454.01186000000007,9,2025-05-22
1309385043646590979,110734.6,0.0761,Buy,2025-05-22 09:54:02,BTCUSDT,8426.90306,9,2025-05-22
1309385042174390274,110734.6,0.0039,Buy,2025-05-22 09:54:01,BTCUSDT,431.86494,9,2025-05-22
1309385042035978240,110734.5,0.2114,Sell,2025-05-22 09:54:01,BTCUSDT,23409.2733,9,2025-05-22
1309385039045439489,110734.5,0.0002,Sell,2025-05-22 09:54:01,BTCUSDT,22.146900000000002,9,2025-05-22
1309385037619376129,110734.5,0.2149,Sell,2025-05-22 09:54:00,BTCUSDT,23796.84405,9,2025-05-22
1309385037527101441,110734.5,0.0001,Sell,2025-05-22 09:54:00,BTCUSDT,11.073450000000001,9,2025-05-22
1309385037216722950,110734.6,0.0052,Buy,2025-05-22 09:54:00,BTCUSDT,575.81992,9,2025-05-22
1309385037216722948,110734.6,0.0005,Buy,2025-05-22 09:54:00,BTCUSDT,55.36730000000001,9,2025-05-22
1309385037216722946,110734.6,0.0009,Buy,2025-05-22 09:54:00,BTCUSDT,99.66114,9,2025-05-22
1309385036264615939,110734.6,0.0032,Buy,2025-05-22 09:54:00,BTCUSDT,354.35072,9,2025-05-22
1309385034532368388,110734.5,0.0062,Buy,2025-05-22 09:54:00,BTCUSDT,686.5539,9,2025-05-22
1309385034519785479,110734.5,0.2438,Buy,2025-05-22 09:54:00,BTCUSDT,26997.071099999997,9,2025-05-22
1309385034519785477,110729.5,0.0336,Buy,2025-05-22 09:54:00,BTCUSDT,3720.5112,9,2025-05-22
1309385034486231041,110729.4,0.0085,Sell,2025-05-22 09:54:00,BTCUSDT,941.1999000000001,9,2025-05-22
1309385034423316481,110729.5,0.0081,Buy,2025-05-22 09:54:00,BTCUSDT,896.90895,9,2025-05-22
1309385033412489220,110729.4,0.0016,Sell,2025-05-22 09:53:59,BTCUSDT,177.16704,9,2025-05-22
1309385032766566402,110729.4,0.0007,Sell,2025-05-22 09:53:59,BTCUSDT,77.51057999999999,9,2025-05-22
1309385028723257350,110729.5,0.0002,Buy,2025-05-22 09:53:58,BTCUSDT,22.1459,9,2025-05-22
1309385026374447106,110729.5,0.0026,Buy,2025-05-22 09:53:58,BTCUSDT,287.8967,9,2025-05-22
1309385024277295106,110729.5,0.0003,Buy,2025-05-22 09:53:57,BTCUSDT,33.218849999999996,9,2025-05-22
1309385023786561537,110729.4,0.0029,Sell,2025-05-22 09:53:57,BTCUSDT,321.11526,9,2025-05-22
1309385023371325443,110729.5,0.0152,Buy,2025-05-22 09:53:57,BTCUSDT,1683.0884,9,2025-05-22
1309385021592940551,110729.5,0.0129,Buy,2025-05-22 09:53:57,BTCUSDT,1428.41055,9,2025-05-22
1309385018749202436,110729.5,0.0003,Buy,2025-05-22 09:53:56,BTCUSDT,33.218849999999996,9,2025-05-22
1309385015754469377,110729.4,0.0037,Sell,2025-05-22 09:53:55,BTCUSDT,409.69878,9,2025-05-22
1309385010670972930,110729.5,0.0291,Buy,2025-05-22 09:53:54,BTCUSDT,3222.22845,9,2025-05-22
1309385009316212738,110729.4,0.0084,Sell,2025-05-22 09:53:54,BTCUSDT,930.1269599999999,9,2025-05-22
1309385007177117700,110723.2,0.0623,Buy,2025-05-22 09:53:53,BTCUSDT,6898.05536,9,2025-05-22
1309385007177117698,110723.2,0.0041,Buy,2025-05-22 09:53:53,BTCUSDT,453.96512,9,2025-05-22
1309385007110008833,110723.2,4.4062,Buy,2025-05-22 09:53:53,BTCUSDT,487868.56384,9,2025-05-22
1309385003087671298,110721.4,0.0009,Sell,2025-05-22 09:53:52,BTCUSDT,99.64926,9,2025-05-22
1309385000764026885,110721.4,0.0678,Sell,2025-05-22 09:53:52,BTCUSDT,7506.910919999999,9,2025-05-22
1309384999967109126,110721.5,0.0099,Buy,2025-05-22 09:53:51,BTCUSDT,1096.1428500000002,9,2025-05-22
1309384999967109123,110721.5,0.0035,Buy,2025-05-22 09:53:51,BTCUSDT,387.52525,9,2025-05-22
1309384999849668612,110721.4,0.0003,Sell,2025-05-22 09:53:51,BTCUSDT,33.21641999999999,9,2025-05-22
1309384998582988801,110721.5,0.0007,Buy,2025-05-22 09:53:51,BTCUSDT,77.50505,9,2025-05-22
1309384998016757768,110721.5,0.8803,Buy,2025-05-22 09:53:51,BTCUSDT,97468.13644999999,9,2025-05-22
1309384998016757766,110720.2,0.0041,Buy,2025-05-22 09:53:51,BTCUSDT,453.95282000000003,9,2025-05-22
1309384998016757764,110720.2,0.0035,Buy,2025-05-22 09:53:51,BTCUSDT,387.5207,9,2025-05-22
1309384998016757762,110720.2,0.001,Buy,2025-05-22 09:53:51,BTCUSDT,110.7202,9,2025-05-22
1309384993583378439,110718.9,0.0176,Buy,2025-05-22 09:53:50,BTCUSDT,1948.65264,9,2025-05-22
1309384993583378437,110718.9,0.0041,Buy,2025-05-22 09:53:50,BTCUSDT,453.94749,9,2025-05-22
1309384992757100545,110718.8,0.0088,Sell,2025-05-22 09:53:50,BTCUSDT,974.3254400000001,9,2025-05-22
1309384989636538369,110718.9,0.0008,Buy,2025-05-22 09:53:49,BTCUSDT,88.57512,9,2025-05-22
1309384988210475012,110718.8,0.0768,Sell,2025-05-22 09:53:49,BTCUSDT,8503.20384,9,2025-05-22
1309384987132538966,110718.9,0.4403,Buy,2025-05-22 09:53:48,BTCUSDT,48749.53167,9,2025-05-22
1309384987132538964,110718.9,0.0035,Buy,2025-05-22 09:53:48,BTCUSDT,387.51615,9,2025-05-22
1309384987132538962,110718.9,0.0018,Buy,2025-05-22 09:53:48,BTCUSDT,199.29402,9,2025-05-22
1309384987132538960,110718.9,0.0041,Buy,2025-05-22 09:53:48,BTCUSDT,453.94749,9,2025-05-22
1309384982506221573,110711.9,0.0002,Buy,2025-05-22 09:53:47,BTCUSDT,22.14238,9,2025-05-22
1309384979083669506,110711.9,0.0032,Buy,2025-05-22 09:53:46,BTCUSDT,354.27808,9,2025-05-22
1309384976747442177,110711.9,0.0051,Buy,2025-05-22 09:53:46,BTCUSDT,564.63069,9,2025-05-22
1309384975799529506,110711.8,0.0184,Sell,2025-05-22 09:53:46,BTCUSDT,2037.0971200000001,9,2025-05-22
1309384975799529504,110711.8,0.0018,Sell,2025-05-22 09:53:46,BTCUSDT,199.28124,9,2025-05-22
1309384975799529502,110711.8,0.7997,Sell,2025-05-22 09:53:46,BTCUSDT,88536.22646,9,2025-05-22
1309384975799529474,110711.9,0.0002,Buy,2025-05-22 09:53:46,BTCUSDT,22.14238,9,2025-05-22
1309384975761780738,110711.9,0.004,Buy,2025-05-22 09:53:46,BTCUSDT,442.8476,9,2025-05-22
1309384975287824386,110711.8,0.1495,Sell,2025-05-22 09:53:45,BTCUSDT,16551.414099999998,9,2025-05-22
1309384974172139522,110711.9,0.0088,Buy,2025-05-22 09:53:45,BTCUSDT,974.26472,9,2025-05-22
1309384971286458368,110711.9,0.001,Buy,2025-05-22 09:53:45,BTCUSDT,110.7119,9,2025-05-22
1309384968975396867,110711.9,0.0738,Buy,2025-05-22 09:53:44,BTCUSDT,8170.53822,9,2025-05-22
1309384968975396865,110711.9,0.0075,Buy,2025-05-22 09:53:44,BTCUSDT,830.3392499999999,9,2025-05-22
1309384968526606339,110711.9,0.022,Buy,2025-05-22 09:53:44,BTCUSDT,2435.6618,9,2025-05-22
1309384966941159427,110711.8,0.0008,Sell,2025-05-22 09:53:43,BTCUSDT,88.56944,9,2025-05-22
1309384966630780930,110711.8,0.002,Sell,2025-05-22 09:53:43,BTCUSDT,221.42360000000002,9,2025-05-22
1309384966450425857,110711.8,0.0064,Sell,2025-05-22 09:53:43,BTCUSDT,708.55552,9,2025-05-22
1309384966395899905,110711.8,0.0009,Sell,2025-05-22 09:53:43,BTCUSDT,99.64062,9,2025-05-22
1309384966362345478,110711.8,0.0091,Sell,2025-05-22 09:53:43,BTCUSDT,1007.47738,9,2025-05-22
1309384966198767621,110711.8,0.0023,Sell,2025-05-22 09:53:43,BTCUSDT,254.63714000000002,9,2025-05-22
1309384966181990403,110711.8,0.0032,Sell,2025-05-22 09:53:43,BTCUSDT,354.27776,9,2025-05-22
1309384966152630275,110711.8,0.0014,Sell,2025-05-22 09:53:43,BTCUSDT,154.99652,9,2025-05-22
1309384966127464453,110711.8,0.0014,Sell,2025-05-22 09:53:43,BTCUSDT,154.99652,9,2025-05-22
1309384966123270183,110711.8,0.0036,Sell,2025-05-22 09:53:43,BTCUSDT,398.56248,9,2025-05-22
1309384966123270145,110711.8,0.0014,Sell,2025-05-22 09:53:43,BTCUSDT,154.99652,9,2025-05-22
1309384966110687242,110711.8,0.0003,Sell,2025-05-22 09:53:43,BTCUSDT,33.213539999999995,9,2025-05-22
1309384966106492958,110711.8,0.0023,Sell,2025-05-22 09:53:43,BTCUSDT,254.63714000000002,9,2025-05-22
1309384966106492950,110711.8,0.0028,Sell,2025-05-22 09:53:43,BTCUSDT,309.99304,9,2025-05-22
1309384966106492946,110711.8,0.003,Sell,2025-05-22 09:53:43,BTCUSDT,332.1354,9,2025-05-22
1309384966093910017,110711.8,0.0018,Sell,2025-05-22 09:53:43,BTCUSDT,199.28124,9,2025-05-22
1309384966077132811,110711.8,0.0027,Sell,2025-05-22 09:53:43,BTCUSDT,298.92186000000004,9,2025-05-22
1309384966077132804,110711.8,0.0023,Sell,2025-05-22 09:53:43,BTCUSDT,254.63714000000002,9,2025-05-22
1309384966072938499,110711.8,0.0032,Sell,2025-05-22 09:53:43,BTCUSDT,354.27776,9,2025-05-22
1309384966068744194,110711.8,0.002,Sell,2025-05-22 09:53:43,BTCUSDT,221.42360000000002,9,2025-05-22
1309384966060355595,110711.8,0.0032,Sell,2025-05-22 09:53:43,BTCUSDT,354.27776,9,2025-05-22
1309384966060355586,110711.8,0.0012,Sell,2025-05-22 09:53:43,BTCUSDT,132.85415999999998,9,2025-05-22
1309384966051966977,110711.8,0.0014,Sell,2025-05-22 09:53:43,BTCUSDT,154.99652,9,2025-05-22
1309384966043578369,110711.8,0.0008,Sell,2025-05-22 09:53:43,BTCUSDT,88.56944,9,2025-05-22
1309384966039384072,110711.8,0.0008,Sell,2025-05-22 09:53:43,BTCUSDT,88.56944,9,2025-05-22
1309384966026801166,110711.8,0.0013,Sell,2025-05-22 09:53:43,BTCUSDT,143.92534,9,2025-05-22
1309384966026801159,110711.8,0.0003,Sell,2025-05-22 09:53:43,BTCUSDT,33.213539999999995,9,2025-05-22
1309384966018412572,110711.8,0.003,Sell,2025-05-22 09:53:43,BTCUSDT,332.1354,9,2025-05-22
1309384966018412565,110711.8,0.002,Sell,2025-05-22 09:53:43,BTCUSDT,221.42360000000002,9,2025-05-22
1309384966018412552,110711.8,0.001,Sell,2025-05-22 09:53:43,BTCUSDT,110.71180000000001,9,2025-05-22
1309384966018412546,110711.8,0.0033,Sell,2025-05-22 09:53:43,BTCUSDT,365.34894,9,2025-05-22
1309384966014218248,110711.8,0.0033,Sell,2025-05-22 09:53:43,BTCUSDT,365.34894,9,2025-05-22
1309384966010023946,110711.8,0.0026,Sell,2025-05-22 09:53:43,BTCUSDT,287.85068,9,2025-05-22
1309384966005829653,110711.8,0.0001,Sell,2025-05-22 09:53:43,BTCUSDT,11.07118,9,2025-05-22
1309384966005829634,110711.8,0.0008,Sell,2025-05-22 09:53:43,BTCUSDT,88.56944,9,2025-05-22
1309384966001635356,110711.8,0.0044,Sell,2025-05-22 09:53:43,BTCUSDT,487.13192000000004,9,2025-05-22
1309384966001635347,110711.8,0.004,Sell,2025-05-22 09:53:43,BTCUSDT,442.84720000000004,9,2025-05-22
1309384965997441045,110711.8,0.0033,Sell,2025-05-22 09:53:43,BTCUSDT,365.34894,9,2025-05-22
1309384965993246748,110711.8,0.0001,Sell,2025-05-22 09:53:43,BTCUSDT,11.07118,9,2025-05-22
1309384965993246737,110711.8,0.0019,Sell,2025-05-22 09:53:43,BTCUSDT,210.35242,9,2025-05-22
1309384965993246726,110711.8,0.003,Sell,2025-05-22 09:53:43,BTCUSDT,332.1354,9,2025-05-22
1309384965984858120,110711.8,0.0015,Sell,2025-05-22 09:53:43,BTCUSDT,166.0677,9,2025-05-22
1309384965980663829,110711.8,0.004,Sell,2025-05-22 09:53:43,BTCUSDT,442.84720000000004,9,2025-05-22
1309384965980663825,110711.8,0.0021,Sell,2025-05-22 09:53:43,BTCUSDT,232.49478,9,2025-05-22
1309384965980663819,110711.8,0.0017,Sell,2025-05-22 09:53:43,BTCUSDT,188.21006,9,2025-05-22
1309384965972275212,110711.8,0.0033,Sell,2025-05-22 09:53:43,BTCUSDT,365.34894,9,2025-05-22
1309384965972275207,110711.8,0.0021,Sell,2025-05-22 09:53:43,BTCUSDT,232.49478,9,2025-05-22
1309384965955498000,110711.8,0.0012,Sell,2025-05-22 09:53:43,BTCUSDT,132.85415999999998,9,2025-05-22
1309384965955497994,110711.8,0.0019,Sell,2025-05-22 09:53:43,BTCUSDT,210.35242,9,2025-05-22
1309384965955497990,110711.8,0.002,Sell,2025-05-22 09:53:43,BTCUSDT,221.42360000000002,9,2025-05-22
1309384965955497986,110711.8,0.0032,Sell,2025-05-22 09:53:43,BTCUSDT,354.27776,9,2025-05-22
1309384965938720898,110711.8,0.0032,Sell,2025-05-22 09:53:43,BTCUSDT,354.27776,9,2025-05-22
1309384965938720827,110711.8,0.002,Sell,2025-05-22 09:53:43,BTCUSDT,221.42360000000002,9,2025-05-22
1309384965934526471,110711.8,0.0006,Sell,2025-05-22 09:53:43,BTCUSDT,66.42707999999999,9,2025-05-22
1309384965934526469,110715.5,0.0004,Sell,2025-05-22 09:53:43,BTCUSDT,44.2862,9,2025-05-22
1309384964646875137,110718.8,0.0001,Buy,2025-05-22 09:53:43,BTCUSDT,11.07188,9,2025-05-22
1309384963287920643,110718.8,0.0009,Buy,2025-05-22 09:53:43,BTCUSDT,99.64692,9,2025-05-22
1309384962662969345,110718.8,4.6148,Buy,2025-05-22 09:53:42,BTCUSDT,510945.11824,9,2025-05-22
1309384960859418628,110718.8,0.5241,Buy,2025-05-22 09:53:42,BTCUSDT,58027.72308,9,2025-05-22
1309384960473542658,110718.8,0.2494,Buy,2025-05-22 09:53:42,BTCUSDT,27613.268720000004,9,2025-05-22
1309384959773093889,110718.8,0.0001,Buy,2025-05-22 09:53:42,BTCUSDT,11.07188,9,2025-05-22
1309384959483686915,110718.8,0.0465,Buy,2025-05-22 09:53:42,BTCUSDT,5148.4242,9,2025-05-22
1309384959483686913,110718.8,0.0076,Buy,2025-05-22 09:53:42,BTCUSDT,841.46288,9,2025-05-22
1309384957097127944,110718.8,0.0001,Buy,2025-05-22 09:53:41,BTCUSDT,11.07188,9,2025-05-22
1309384957097127939,110718.8,0.217,Buy,2025-05-22 09:53:41,BTCUSDT,24025.9796,9,2025-05-22
1309384954056257540,110718.8,0.0079,Buy,2025-05-22 09:53:40,BTCUSDT,874.6785200000002,9,2025-05-22
1309384953481637889,110718.8,0.0265,Buy,2025-05-22 09:53:40,BTCUSDT,2934.0482,9,2025-05-22
1309384948519776257,110723.3,0.2587,Buy,2025-05-22 09:53:39,BTCUSDT,28644.11771,9,2025-05-22
1309384945868976129,110723.3,0.0349,Buy,2025-05-22 09:53:38,BTCUSDT,3864.24317,9,2025-05-22
1309384945390825473,110724.3,0.003,Sell,2025-05-22 09:53:38,BTCUSDT,332.1729,9,2025-05-22
1309384945315328007,110724.3,0.0037,Sell,2025-05-22 09:53:38,BTCUSDT,409.67991,9,2025-05-22
1309384945298550785,110724.3,0.0042,Sell,2025-05-22 09:53:38,BTCUSDT,465.04206,9,2025-05-22
1309384945277579268,110726.8,0.0051,Buy,2025-05-22 09:53:38,BTCUSDT,564.70668,9,2025-05-22
1309384945277579266,110725.2,0.004,Buy,2025-05-22 09:53:38,BTCUSDT,442.9008,9,2025-05-22
1309384945269190657,110724.3,0.0015,Sell,2025-05-22 09:53:38,BTCUSDT,166.08645,9,2025-05-22
1309384945256607755,110724.3,0.0022,Sell,2025-05-22 09:53:38,BTCUSDT,243.59346000000002,9,2025-05-22
1309384945256607750,110724.3,0.0026,Sell,2025-05-22 09:53:38,BTCUSDT,287.88318,9,2025-05-22
1309384945248219137,110724.3,0.0026,Sell,2025-05-22 09:53:38,BTCUSDT,287.88318,9,2025-05-22
1309384945239830572,110724.3,0.0008,Sell,2025-05-22 09:53:38,BTCUSDT,88.57944,9,2025-05-22
1309384945239830555,110724.3,0.0012,Sell,2025-05-22 09:53:38,BTCUSDT,132.86916,9,2025-05-22
1309384945235636227,110724.3,0.0008,Sell,2025-05-22 09:53:38,BTCUSDT,88.57944,9,2025-05-22
1309384945223053319,110724.3,0.0023,Sell,2025-05-22 09:53:38,BTCUSDT,254.66589,9,2025-05-22
1309384945223053313,110724.3,0.0015,Sell,2025-05-22 09:53:38,BTCUSDT,166.08645,9,2025-05-22
1309384945193693194,110724.3,0.0013,Sell,2025-05-22 09:53:38,BTCUSDT,143.94159,9,2025-05-22
1309384945193693189,110724.3,0.0012,Sell,2025-05-22 09:53:38,BTCUSDT,132.86916,9,2025-05-22
1309384945189498897,110724.3,0.0015,Sell,2025-05-22 09:53:38,BTCUSDT,166.08645,9,2025-05-22
1309384945189498891,110724.3,0.0017,Sell,2025-05-22 09:53:38,BTCUSDT,188.23131,9,2025-05-22
1309384945189498883,110724.3,0.0026,Sell,2025-05-22 09:53:38,BTCUSDT,287.88318,9,2025-05-22
1309384945185304584,110724.3,0.003,Sell,2025-05-22 09:53:38,BTCUSDT,332.1729,9,2025-05-22
1309384945181110278,110724.3,0.0023,Sell,2025-05-22 09:53:38,BTCUSDT,254.66589,9,2025-05-22
1309384945160138753,110724.3,0.0023,Sell,2025-05-22 09:53:38,BTCUSDT,254.66589,9,2025-05-22
1309384945151750156,110728.5,0.0003,Sell,2025-05-22 09:53:38,BTCUSDT,33.21855,9,2025-05-22
1309384945151750147,110728.5,0.0024,Sell,2025-05-22 09:53:38,BTCUSDT,265.7484,9,2025-05-22
1309384945147555847,110728.5,0.0012,Sell,2025-05-22 09:53:38,BTCUSDT,132.8742,9,2025-05-22
1309384945147555841,110728.5,0.0015,Sell,2025-05-22 09:53:38,BTCUSDT,166.09275,9,2025-05-22
1309384945126584331,110728.6,0.0018,Buy,2025-05-22 09:53:38,BTCUSDT,199.31148000000002,9,2025-05-22
1309384945114001410,110728.5,0.004,Sell,2025-05-22 09:53:38,BTCUSDT,442.914,9,2025-05-22
1309384944317083651,110734.7,0.0862,Sell,2025-05-22 09:53:38,BTCUSDT,9545.33114,9,2025-05-22
1309384944178671618,110736.1,0.0001,Sell,2025-05-22 09:53:38,BTCUSDT,11.07361,9,2025-05-22
1309384943436279811,110730.0,0.0014,Buy,2025-05-22 09:53:38,BTCUSDT,155.022,9,2025-05-22
1309384943436279809,110730.0,0.0004,Buy,2025-05-22 09:53:38,BTCUSDT,44.292,9,2025-05-22
1309384942295429125,110729.9,0.001,Sell,2025-05-22 09:53:38,BTCUSDT,110.7299,9,2025-05-22
1309384942157017090,110730.0,0.0001,Buy,2025-05-22 09:53:38,BTCUSDT,11.073,9,2025-05-22
1309384938591858692,110729.5,0.0752,Buy,2025-05-22 09:53:37,BTCUSDT,8326.858400000001,9,2025-05-22
1309384937807523846,110729.5,0.0006,Buy,2025-05-22 09:53:37,BTCUSDT,66.43769999999999,9,2025-05-22
1309384937732026370,110729.4,0.0714,Sell,2025-05-22 09:53:37,BTCUSDT,7906.07916,9,2025-05-22
1309384937073520647,110729.4,0.0001,Sell,2025-05-22 09:53:36,BTCUSDT,11.07294,9,2025-05-22
1309384935022505996,110729.5,0.1098,Buy,2025-05-22 09:53:36,BTCUSDT,12158.0991,9,2025-05-22
1309384935022505993,110729.2,0.0355,Buy,2025-05-22 09:53:36,BTCUSDT,3930.8865999999994,9,2025-05-22
1309384935022505991,110728.9,0.0014,Buy,2025-05-22 09:53:36,BTCUSDT,155.02045999999999,9,2025-05-22
1309384935022505988,110726.6,0.0353,Buy,2025-05-22 09:53:36,BTCUSDT,3908.64898,9,2025-05-22
1309384935022505986,110725.0,0.1752,Buy,2025-05-22 09:53:36,BTCUSDT,19399.02,9,2025-05-22
1309384933688717316,110725.0,0.0747,Buy,2025-05-22 09:53:36,BTCUSDT,8271.157500000001,9,2025-05-22
1309384933688717314,110720.0,0.0053,Buy,2025-05-22 09:53:36,BTCUSDT,586.816,9,2025-05-22
1309384931583176713,110720.0,0.0033,Buy,2025-05-22 09:53:35,BTCUSDT,365.376,9,2025-05-22
1309384931583176711,110718.0,0.0034,Buy,2025-05-22 09:53:35,BTCUSDT,376.4412,9,2025-05-22
1309384931205689346,110713.3,0.0756,Buy,2025-05-22 09:53:35,BTCUSDT,8369.92548,9,2025-05-22
1309384930706567172,110713.3,0.0054,Buy,2025-05-22 09:53:35,BTCUSDT,597.8518200000001,9,2025-05-22
1309384930706567170,110713.1,0.0014,Buy,2025-05-22 09:53:35,BTCUSDT,154.99834,9,2025-05-22
1309384929796403205,110711.8,0.2116,Sell,2025-05-22 09:53:35,BTCUSDT,23426.61688,9,2025-05-22
1309384929129508867,110711.9,0.0065,Buy,2025-05-22 09:53:34,BTCUSDT,719.62735,9,2025-05-22
1309384929129508865,110711.9,0.0023,Buy,2025-05-22 09:53:34,BTCUSDT,254.63736999999998,9,2025-05-22
1309384927393067018,110711.9,0.0013,Buy,2025-05-22 09:53:34,BTCUSDT,143.92547,9,2025-05-22
1309384927393067016,110711.9,0.0014,Buy,2025-05-22 09:53:34,BTCUSDT,154.99666,9,2025-05-22
1309384927393067013,110711.9,0.0014,Buy,2025-05-22 09:53:34,BTCUSDT,154.99666,9,2025-05-22
1309384925853757446,110709.8,0.0291,Buy,2025-05-22 09:53:34,BTCUSDT,3221.65518,9,2025-05-22
1309384925853757443,110709.8,0.0036,Buy,2025-05-22 09:53:34,BTCUSDT,398.55528,9,2025-05-22
1309384922972270600,110709.7,0.0001,Sell,2025-05-22 09:53:33,BTCUSDT,11.07097,9,2025-05-22
1309384922825469957,110709.8,0.0022,Buy,2025-05-22 09:53:33,BTCUSDT,243.56156000000001,9,2025-05-22
1309384922406039554,110709.7,0.1877,Buy,2025-05-22 09:53:33,BTCUSDT,20780.21069,9,2025-05-22
1309384922401845251,110709.7,0.02,Buy,2025-05-22 09:53:33,BTCUSDT,2214.194,9,2025-05-22
1309384922393456643,110707.2,0.004,Sell,2025-05-22 09:53:33,BTCUSDT,442.8288,9,2025-05-22
1309384922380873745,110707.2,0.0026,Sell,2025-05-22 09:53:33,BTCUSDT,287.83871999999997,9,2025-05-22
1309384922171158531,110710.0,0.0419,Buy,2025-05-22 09:53:33,BTCUSDT,4638.749,9,2025-05-22
1309384922158575636,110710.0,0.0164,Buy,2025-05-22 09:53:33,BTCUSDT,1815.6440000000002,9,2025-05-22
1309384922158575634,110708.6,0.0004,Buy,2025-05-22 09:53:33,BTCUSDT,44.283440000000006,9,2025-05-22
1309384922158575632,110700.0,0.0097,Buy,2025-05-22 09:53:33,BTCUSDT,1073.79,9,2025-05-22
1309384922158575630,110700.0,0.0174,Buy,2025-05-22 09:53:33,BTCUSDT,1926.1799999999998,9,2025-05-22
1309384922158575627,110700.0,0.0197,Buy,2025-05-22 09:53:33,BTCUSDT,2180.79,9,2025-05-22
1309384922158575624,110700.0,0.0257,Buy,2025-05-22 09:53:33,BTCUSDT,2844.9900000000002,9,2025-05-22
1309384922158575622,110699.9,0.0003,Buy,2025-05-22 09:53:33,BTCUSDT,33.20997,9,2025-05-22
1309384922158575620,110699.0,0.01,Buy,2025-05-22 09:53:33,BTCUSDT,1106.99,9,2025-05-22
1309384922158575618,110698.0,0.0004,Buy,2025-05-22 09:53:33,BTCUSDT,44.2792,9,2025-05-22
1309384921948860425,110697.7,0.099,Sell,2025-05-22 09:53:33,BTCUSDT,10959.0723,9,2025-05-22
1309384921948860423,110697.9,0.001,Sell,2025-05-22 09:53:33,BTCUSDT,110.69789999999999,9,2025-05-22
1309384919876874241,110692.1,0.0009,Buy,2025-05-22 09:53:32,BTCUSDT,99.62289,9,2025-05-22
1309384918987681801,110692.1,0.0086,Buy,2025-05-22 09:53:32,BTCUSDT,951.9520600000001,9,2025-05-22
1309384918987681799,110691.6,0.006,Buy,2025-05-22 09:53:32,BTCUSDT,664.1496000000001,9,2025-05-22
1309384918987681797,110691.6,0.006,Buy,2025-05-22 09:53:32,BTCUSDT,664.1496000000001,9,2025-05-22
1309384918987681795,110691.0,0.001,Buy,2025-05-22 09:53:32,BTCUSDT,110.691,9,2025-05-22
1309384918333370371,110674.0,0.0004,Buy,2025-05-22 09:53:32,BTCUSDT,44.269600000000004,9,2025-05-22
1309384918211735555,110674.0,4.3481,Buy,2025-05-22 09:53:32,BTCUSDT,481221.61939999997,9,2025-05-22
1309384914428473355,110667.5,0.0056,Buy,2025-05-22 09:53:31,BTCUSDT,619.7379999999999,9,2025-05-22
1309384914424279046,110667.5,0.0046,Buy,2025-05-22 09:53:31,BTCUSDT,509.0705,9,2025-05-22
1309384914420084753,110667.5,0.0043,Buy,2025-05-22 09:53:31,BTCUSDT,475.87025,9,2025-05-22
1309384914420084741,110667.5,0.0031,Buy,2025-05-22 09:53:31,BTCUSDT,343.06925,9,2025-05-22
1309384914420084736,110667.5,0.0068,Buy,2025-05-22 09:53:31,BTCUSDT,752.539,9,2025-05-22
1309384914415890453,110667.5,0.0045,Buy,2025-05-22 09:53:31,BTCUSDT,498.00374999999997,9,2025-05-22
1309384914415890451,110667.1,0.0023,Buy,2025-05-22 09:53:31,BTCUSDT,254.53433,9,2025-05-22
1309384914415890437,110667.1,0.0082,Buy,2025-05-22 09:53:31,BTCUSDT,907.4702200000002,9,2025-05-22
1309384914415890435,110667.1,0.0002,Buy,2025-05-22 09:53:31,BTCUSDT,22.13342,9,2025-05-22
1309384914407501851,110667.1,0.0017,Buy,2025-05-22 09:53:31,BTCUSDT,188.13407,9,2025-05-22
1309384914407501826,110667.1,0.0045,Buy,2025-05-22 09:53:31,BTCUSDT,498.00194999999997,9,2025-05-22
1309384914403307539,110667.1,0.0016,Buy,2025-05-22 09:53:31,BTCUSDT,177.06736,9,2025-05-22
1309384914394918922,110667.1,0.0043,Buy,2025-05-22 09:53:31,BTCUSDT,475.86853,9,2025-05-22
1309384914386530330,110667.1,0.002,Buy,2025-05-22 09:53:31,BTCUSDT,221.3342,9,2025-05-22
1309384914386530328,110667.0,0.0056,Buy,2025-05-22 09:53:31,BTCUSDT,619.7352,9,2025-05-22
1309384914386530313,110667.0,0.0052,Buy,2025-05-22 09:53:31,BTCUSDT,575.4684,9,2025-05-22
1309384914386530311,110667.0,0.0024,Buy,2025-05-22 09:53:31,BTCUSDT,265.6008,9,2025-05-22
1309384914281672709,110667.0,0.0017,Buy,2025-05-22 09:53:31,BTCUSDT,188.13389999999998,9,2025-05-22
1309384914248118281,110667.0,0.0003,Buy,2025-05-22 09:53:31,BTCUSDT,33.2001,9,2025-05-22
1309384914160037894,110667.0,0.0037,Buy,2025-05-22 09:53:31,BTCUSDT,409.46790000000004,9,2025-05-22
1309384914151649317,110667.0,0.0018,Buy,2025-05-22 09:53:31,BTCUSDT,199.2006,9,2025-05-22
1309384914151649314,110667.0,0.0011,Buy,2025-05-22 09:53:31,BTCUSDT,121.73370000000001,9,2025-05-22
1309384914113900544,110667.0,0.0006,Buy,2025-05-22 09:53:31,BTCUSDT,66.4002,9,2025-05-22
1309384914109706251,110667.0,0.0014,Buy,2025-05-22 09:53:31,BTCUSDT,154.9338,9,2025-05-22
1309384914105511939,110667.0,0.0029,Buy,2025-05-22 09:53:31,BTCUSDT,320.93429999999995,9,2025-05-22
1309384914092929028,110667.0,0.0001,Buy,2025-05-22 09:53:31,BTCUSDT,11.0667,9,2025-05-22
1309384914080346121,110667.0,0.0019,Buy,2025-05-22 09:53:31,BTCUSDT,210.2673,9,2025-05-22
1309384914076151810,110667.0,0.0045,Buy,2025-05-22 09:53:31,BTCUSDT,498.00149999999996,9,2025-05-22
1309384914067763250,110667.0,0.001,Buy,2025-05-22 09:53:31,BTCUSDT,110.667,9,2025-05-22
1309384914067763248,110666.9,0.0023,Buy,2025-05-22 09:53:31,BTCUSDT,254.53386999999998,9,2025-05-22
1309384914059374600,110666.9,0.0002,Buy,2025-05-22 09:53:31,BTCUSDT,22.13338,9,2025-05-22
1309384914055180288,110666.9,0.0045,Buy,2025-05-22 09:53:31,BTCUSDT,498.00104999999996,9,2025-05-22
1309384914046791702,110666.9,0.0042,Buy,2025-05-22 09:53:31,BTCUSDT,464.8009799999999,9,2025-05-22
1309384914046791700,110660.1,0.0003,Buy,2025-05-22 09:53:31,BTCUSDT,33.198029999999996,9,2025-05-22
1309384914046791683,110660.1,0.0006,Buy,2025-05-22 09:53:31,BTCUSDT,66.39605999999999,9,2025-05-22
1309384914030014484,110660.1,0.0024,Buy,2025-05-22 09:53:31,BTCUSDT,265.58423999999997,9,2025-05-22
1309384914021625869,110660.1,0.004,Buy,2025-05-22 09:53:31,BTCUSDT,442.64040000000006,9,2025-05-22
1309384914017431555,110660.1,0.0005,Buy,2025-05-22 09:53:31,BTCUSDT,55.33005000000001,9,2025-05-22
1309384914000654355,110660.1,0.0002,Buy,2025-05-22 09:53:31,BTCUSDT,22.13202,9,2025-05-22
1309384914000654348,110660.1,0.0003,Buy,2025-05-22 09:53:31,BTCUSDT,33.198029999999996,9,2025-05-22
1309384914000654342,110660.1,0.0003,Buy,2025-05-22 09:53:31,BTCUSDT,33.198029999999996,9,2025-05-22
1309384913996460034,110660.1,0.0003,Buy,2025-05-22 09:53:31,BTCUSDT,33.198029999999996,9,2025-05-22
1309384913992265738,110660.1,0.0076,Buy,2025-05-22 09:53:31,BTCUSDT,841.0167600000001,9,2025-05-22
1309384913992265730,110660.1,0.0003,Buy,2025-05-22 09:53:31,BTCUSDT,33.198029999999996,9,2025-05-22
1309384913988071431,110660.1,0.0024,Buy,2025-05-22 09:53:31,BTCUSDT,265.58423999999997,9,2025-05-22
1309384913988071429,110660.1,0.0021,Buy,2025-05-22 09:53:31,BTCUSDT,232.38621,9,2025-05-22
1309384913988071425,110660.1,0.0019,Buy,2025-05-22 09:53:31,BTCUSDT,210.25419000000002,9,2025-05-22
1309384913983877126,110660.1,0.0024,Buy,2025-05-22 09:53:31,BTCUSDT,265.58423999999997,9,2025-05-22
1309384913975488515,110660.1,0.002,Buy,2025-05-22 09:53:31,BTCUSDT,221.32020000000003,9,2025-05-22
1309384913971294210,110660.1,0.0002,Buy,2025-05-22 09:53:31,BTCUSDT,22.13202,9,2025-05-22
1309384913962905604,110660.1,0.0045,Buy,2025-05-22 09:53:31,BTCUSDT,497.97044999999997,9,2025-05-22
1309384913828687873,110660.1,0.0018,Buy,2025-05-22 09:53:31,BTCUSDT,199.18818000000002,9,2025-05-22
1309384913400868872,110660.1,0.0091,Buy,2025-05-22 09:53:31,BTCUSDT,1007.0069100000001,9,2025-05-22
1309384912977244174,110660.0,0.0528,Sell,2025-05-22 09:53:31,BTCUSDT,5842.848,9,2025-05-22
1309384912977244172,110660.0,0.001,Sell,2025-05-22 09:53:31,BTCUSDT,110.66,9,2025-05-22
1309384911614095362,110660.0,0.0014,Buy,2025-05-22 09:53:30,BTCUSDT,154.924,9,2025-05-22
1309384911148527618,110660.0,0.0004,Buy,2025-05-22 09:53:30,BTCUSDT,44.264,9,2025-05-22
1309384909433057282,110660.0,0.0002,Buy,2025-05-22 09:53:30,BTCUSDT,22.132,9,2025-05-22
1309384902478901251,110660.0,1.0,Buy,2025-05-22 09:53:28,BTCUSDT,110660.0,9,2025-05-22
1309384901812006913,110660.0,0.0021,Buy,2025-05-22 09:53:28,BTCUSDT,232.386,9,2025-05-22
1309384898276208645,110659.9,0.0041,Sell,2025-05-22 09:53:27,BTCUSDT,453.70559000000003,9,2025-05-22
1309384897403793409,110660.0,0.0001,Buy,2025-05-22 09:53:27,BTCUSDT,11.066,9,2025-05-22
1309384889237483523,110659.9,0.0208,Sell,2025-05-22 09:53:25,BTCUSDT,2301.72592,9,2025-05-22
1309384886217584641,110660.0,0.0024,Buy,2025-05-22 09:53:24,BTCUSDT,265.584,9,2025-05-22
1309384880190369800,110660.0,0.009,Buy,2025-05-22 09:53:23,BTCUSDT,995.9399999999999,9,2025-05-22
1309384879938711557,110659.9,0.049,Sell,2025-05-22 09:53:23,BTCUSDT,5422.3351,9,2025-05-22
1309384876331610114,110660.0,0.0026,Buy,2025-05-22 09:53:22,BTCUSDT,287.716,9,2025-05-22
1309384875874430977,110659.9,1.9088,Sell,2025-05-22 09:53:22,BTCUSDT,211227.61711999998,9,2025-05-22
1309384875132039170,110660.0,0.1001,Buy,2025-05-22 09:53:22,BTCUSDT,11077.065999999999,9,2025-05-22
1309384873454317569,110660.0,0.0046,Buy,2025-05-22 09:53:21,BTCUSDT,509.036,9,2025-05-22
1309384872359604225,110659.9,0.0047,Sell,2025-05-22 09:53:21,BTCUSDT,520.10153,9,2025-05-22
1309384869738164250,110659.9,0.0069,Sell,2025-05-22 09:53:20,BTCUSDT,763.5533099999999,9,2025-05-22
1309384868559564802,110660.0,0.036,Buy,2025-05-22 09:53:20,BTCUSDT,3983.7599999999998,9,2025-05-22
1309384867561320451,110660.0,0.0747,Buy,2025-05-22 09:53:20,BTCUSDT,8266.302,9,2025-05-22
1309384867192221720,110659.9,0.0072,Sell,2025-05-22 09:53:20,BTCUSDT,796.75128,9,2025-05-22
1309384865543860240,110660.0,0.4,Buy,2025-05-22 09:53:19,BTCUSDT,44264.0,9,2025-05-22
1309384863014694916,110660.0,0.2164,Buy,2025-05-22 09:53:19,BTCUSDT,23946.824,9,2025-05-22
1309384863014694914,110660.0,0.0041,Buy,2025-05-22 09:53:19,BTCUSDT,453.706,9,2025-05-22
1309384855691440129,110659.9,0.0098,Sell,2025-05-22 09:53:17,BTCUSDT,1084.4670199999998,9,2025-05-22
1309384853174857729,110659.9,0.01,Sell,2025-05-22 09:53:16,BTCUSDT,1106.599,9,2025-05-22
1309384852394717186,110660.0,0.1,Buy,2025-05-22 09:53:16,BTCUSDT,11066.0,9,2025-05-22
1309384851954315268,110660.0,0.006,Buy,2025-05-22 09:53:16,BTCUSDT,663.96,9,2025-05-22
1309384848242356225,110660.0,0.001,Buy,2025-05-22 09:53:15,BTCUSDT,110.66,9,2025-05-22
1309384844358430726,110659.9,0.0059,Sell,2025-05-22 09:53:14,BTCUSDT,652.8934099999999,9,2025-05-22
1309384844211630081,110659.9,0.0014,Sell,2025-05-22 09:53:14,BTCUSDT,154.92386,9,2025-05-22
1309384835961434114,110660.0,0.1971,Buy,2025-05-22 09:53:12,BTCUSDT,21811.086,9,2025-05-22
1309384835852382209,110660.0,0.1973,Buy,2025-05-22 09:53:12,BTCUSDT,21833.218,9,2025-05-22
1309384833298051072,110660.0,0.0001,Buy,2025-05-22 09:53:12,BTCUSDT,11.066,9,2025-05-22
1309384833168027649,110660.0,0.0001,Buy,2025-05-22 09:53:12,BTCUSDT,11.066,9,2025-05-22
1309384832601796609,110659.9,0.0057,Sell,2025-05-22 09:53:11,BTCUSDT,630.76143,9,2025-05-22
1309384831955873793,110659.9,0.0058,Sell,2025-05-22 09:53:11,BTCUSDT,641.82742,9,2025-05-22
1309384830257180676,110659.9,0.0038,Sell,2025-05-22 09:53:11,BTCUSDT,420.50762,9,2025-05-22
1309384830257180674,110659.9,0.002,Sell,2025-05-22 09:53:11,BTCUSDT,221.3198,9,2025-05-22
1309384829338628099,110660.0,4.6891,Buy,2025-05-22 09:53:11,BTCUSDT,518895.806,9,2025-05-22
1309384829158273027,110660.0,0.0616,Buy,2025-05-22 09:53:11,BTCUSDT,6816.656,9,2025-05-22
1309384829158273025,110660.0,0.023,Buy,2025-05-22 09:53:11,BTCUSDT,2545.18,9,2025-05-22
1309384824632619010,110660.0,0.0002,Buy,2025-05-22 09:53:10,BTCUSDT,22.132,9,2025-05-22
1309384823797952514,110659.9,0.0008,Sell,2025-05-22 09:53:09,BTCUSDT,88.52792,9,2025-05-22
1309384822829068289,110660.0,0.0065,Buy,2025-05-22 09:53:09,BTCUSDT,719.29,9,2025-05-22
1309384811986792452,110660.0,0.0006,Buy,2025-05-22 09:53:07,BTCUSDT,66.396,9,2025-05-22
1309384811898712088,110650.0,0.0644,Sell,2025-05-22 09:53:07,BTCUSDT,7125.86,9,2025-05-22
1309384811898712086,110651.0,0.001,Sell,2025-05-22 09:53:07,BTCUSDT,110.651,9,2025-05-22
1309384811898712084,110651.0,0.001,Sell,2025-05-22 09:53:07,BTCUSDT,110.651,9,2025-05-22
1309384811898712081,110651.0,0.001,Sell,2025-05-22 09:53:07,BTCUSDT,110.651,9,2025-05-22
1309384811898712078,110651.0,0.001,Sell,2025-05-22 09:53:07,BTCUSDT,110.651,9,2025-05-22
1309384811898712076,110651.0,0.001,Sell,2025-05-22 09:53:07,BTCUSDT,110.651,9,2025-05-22
1309384811898712074,110651.0,0.001,Sell,2025-05-22 09:53:07,BTCUSDT,110.651,9,2025-05-22
1309384811898712072,110653.2,0.001,Sell,2025-05-22 09:53:07,BTCUSDT,110.6532,9,2025-05-22
1309384811886129153,110660.0,0.0226,Buy,2025-05-22 09:53:07,BTCUSDT,2500.9159999999997,9,2025-05-22
1309384811856769028,110660.0,0.0084,Buy,2025-05-22 09:53:07,BTCUSDT,929.544,9,2025-05-22
1309384811735134294,110650.0,0.0084,Buy,2025-05-22 09:53:06,BTCUSDT,929.4599999999999,9,2025-05-22
1309384811735134291,110650.0,0.0159,Buy,2025-05-22 09:53:06,BTCUSDT,1759.335,9,2025-05-22
1309384811642859524,110650.0,0.0221,Buy,2025-05-22 09:53:06,BTCUSDT,2445.3650000000002,9,2025-05-22
1309384811642859521,110649.0,0.0004,Buy,2025-05-22 09:53:06,BTCUSDT,44.2596,9,2025-05-22
1309384810703335427,110648.8,0.006,Sell,2025-05-22 09:53:06,BTCUSDT,663.8928000000001,9,2025-05-22
1309384810460065813,110641.1,0.0025,Buy,2025-05-22 09:53:06,BTCUSDT,276.60275,9,2025-05-22
1309384810443288616,110641.1,0.0028,Buy,2025-05-22 09:53:06,BTCUSDT,309.79508000000004,9,2025-05-22
1309384810426511388,110639.7,0.0082,Buy,2025-05-22 09:53:06,BTCUSDT,907.24554,9,2025-05-22
1309384810409734154,110639.7,0.004,Buy,2025-05-22 09:53:06,BTCUSDT,442.5588,9,2025-05-22
1309384810405539840,110639.7,0.0012,Buy,2025-05-22 09:53:06,BTCUSDT,132.76763999999997,9,2025-05-22
1309384810338430999,110639.7,0.0036,Buy,2025-05-22 09:53:06,BTCUSDT,398.30292,9,2025-05-22
1309384810338430997,110638.9,0.0004,Buy,2025-05-22 09:53:06,BTCUSDT,44.25556,9,2025-05-22
1309384810304876550,110633.0,0.0032,Buy,2025-05-22 09:53:06,BTCUSDT,354.0256,9,2025-05-22
1309384810288099333,110633.0,0.0042,Buy,2025-05-22 09:53:06,BTCUSDT,464.6586,9,2025-05-22
1309384810279710729,110633.0,0.0032,Buy,2025-05-22 09:53:06,BTCUSDT,354.0256,9,2025-05-22
1309384810241961986,110633.0,0.0001,Buy,2025-05-22 09:53:06,BTCUSDT,11.0633,9,2025-05-22
1309384810053218370,110620.0,0.0966,Buy,2025-05-22 09:53:06,BTCUSDT,10685.892,9,2025-05-22
1309384809881251878,110620.0,0.0704,Buy,2025-05-22 09:53:06,BTCUSDT,7787.648,9,2025-05-22
1309384808249667585,110620.0,0.0264,Buy,2025-05-22 09:53:06,BTCUSDT,2920.368,9,2025-05-22
1309384797122179074,110620.0,0.0985,Buy,2025-05-22 09:53:03,BTCUSDT,10896.07,9,2025-05-22
1309384795045998597,110620.0,0.0022,Buy,2025-05-22 09:53:03,BTCUSDT,243.364,9,2025-05-22
1309384794957918210,110620.0,0.0032,Buy,2025-05-22 09:53:02,BTCUSDT,353.98400000000004,9,2025-05-22
1309384791510200323,110610.1,0.0599,Buy,2025-05-22 09:53:02,BTCUSDT,6625.54499,9,2025-05-22
1309384791510200321,110610.1,0.0037,Buy,2025-05-22 09:53:02,BTCUSDT,409.25737000000004,9,2025-05-22
1309384785151635457,110610.0,0.0018,Sell,2025-05-22 09:53:00,BTCUSDT,199.09799999999998,9,2025-05-22
1309384781808775169,110610.0,0.0017,Sell,2025-05-22 09:52:59,BTCUSDT,188.03699999999998,9,2025-05-22
1309384781527756801,110610.0,0.0042,Sell,2025-05-22 09:52:59,BTCUSDT,464.56199999999995,9,2025-05-22
1309384781259321346,110610.0,0.1973,Sell,2025-05-22 09:52:59,BTCUSDT,21823.353,9,2025-05-22
1309384778239422468,110610.1,0.0016,Buy,2025-05-22 09:52:59,BTCUSDT,176.97616000000002,9,2025-05-22
1309384774472937476,110608.6,0.0016,Buy,2025-05-22 09:52:58,BTCUSDT,176.97376000000003,9,2025-05-22
1309384774472937474,110596.1,0.0021,Buy,2025-05-22 09:52:58,BTCUSDT,232.25181,9,2025-05-22
1309384771364958213,110596.0,0.0081,Sell,2025-05-22 09:52:57,BTCUSDT,895.8276,9,2025-05-22
1309384771222351878,110592.9,0.0081,Sell,2025-05-22 09:52:57,BTCUSDT,895.8024899999999,9,2025-05-22
1309384770777755649,110589.1,0.0002,Buy,2025-05-22 09:52:57,BTCUSDT,22.117820000000002,9,2025-05-22
1309384770765172753,110585.3,0.0028,Buy,2025-05-22 09:52:57,BTCUSDT,309.63884,9,2025-05-22
1309384770752589831,110585.3,0.0012,Buy,2025-05-22 09:52:57,BTCUSDT,132.70236,9,2025-05-22
1309384770748395540,110585.3,0.0026,Buy,2025-05-22 09:52:57,BTCUSDT,287.52178,9,2025-05-22
1309384770748395535,110585.3,0.0005,Buy,2025-05-22 09:52:57,BTCUSDT,55.29265,9,2025-05-22
1309384770748395522,110585.3,0.0008,Buy,2025-05-22 09:52:57,BTCUSDT,88.46824000000001,9,2025-05-22
1309384770744201224,110585.3,0.0075,Buy,2025-05-22 09:52:57,BTCUSDT,829.3897499999999,9,2025-05-22
1309384770735812621,110585.3,0.0024,Buy,2025-05-22 09:52:57,BTCUSDT,265.40472,9,2025-05-22
1309384770735812609,110585.3,0.0037,Buy,2025-05-22 09:52:57,BTCUSDT,409.16561,9,2025-05-22
1309384770731618328,110585.3,0.0028,Buy,2025-05-22 09:52:57,BTCUSDT,309.63884,9,2025-05-22
1309384770731618319,110585.3,0.0024,Buy,2025-05-22 09:52:57,BTCUSDT,265.40472,9,2025-05-22
1309384770731618312,110585.3,0.003,Buy,2025-05-22 09:52:57,BTCUSDT,331.7559,9,2025-05-22
1309384770731618305,110585.3,0.0018,Buy,2025-05-22 09:52:57,BTCUSDT,199.05354,9,2025-05-22
1309384770727424010,110585.3,0.0018,Buy,2025-05-22 09:52:57,BTCUSDT,199.05354,9,2025-05-22
1309384770723229709,110585.3,0.0023,Buy,2025-05-22 09:52:57,BTCUSDT,254.34619,9,2025-05-22
1309384770723229707,110579.2,0.0014,Buy,2025-05-22 09:52:57,BTCUSDT,154.81088,9,2025-05-22
1309384770719035398,110579.2,0.0036,Buy,2025-05-22 09:52:57,BTCUSDT,398.08511999999996,9,2025-05-22
1309384770710646793,110579.2,0.0004,Buy,2025-05-22 09:52:57,BTCUSDT,44.231680000000004,9,2025-05-22
1309384770710646791,110575.2,0.0022,Buy,2025-05-22 09:52:57,BTCUSDT,243.26544,9,2025-05-22
1309384770706452492,110575.2,0.0002,Buy,2025-05-22 09:52:57,BTCUSDT,22.11504,9,2025-05-22
1309384770706452488,110575.2,0.0018,Buy,2025-05-22 09:52:57,BTCUSDT,199.03536,9,2025-05-22
1309384770706452484,110575.2,0.0069,Buy,2025-05-22 09:52:57,BTCUSDT,762.96888,9,2025-05-22
1309384770706452482,110575.2,0.0001,Buy,2025-05-22 09:52:57,BTCUSDT,11.05752,9,2025-05-22
1309384770702258188,110575.2,0.004,Buy,2025-05-22 09:52:57,BTCUSDT,442.3008,9,2025-05-22
1309384770702258181,110575.2,0.0029,Buy,2025-05-22 09:52:57,BTCUSDT,320.66808,9,2025-05-22
1309384770702258177,110575.2,0.0009,Buy,2025-05-22 09:52:57,BTCUSDT,99.51768,9,2025-05-22
1309384770698063929,110575.2,0.0002,Buy,2025-05-22 09:52:57,BTCUSDT,22.11504,9,2025-05-22
1309384770698063888,110575.2,0.0018,Buy,2025-05-22 09:52:57,BTCUSDT,199.03536,9,2025-05-22
1309384770698063883,110575.2,0.0043,Buy,2025-05-22 09:52:57,BTCUSDT,475.47336,9,2025-05-22
1309384770698063875,110575.2,0.011,Buy,2025-05-22 09:52:57,BTCUSDT,1216.3272,9,2025-05-22
1309384770693869577,110575.2,0.0008,Buy,2025-05-22 09:52:57,BTCUSDT,88.46016,9,2025-05-22
1309384770693869570,110575.2,0.012,Buy,2025-05-22 09:52:57,BTCUSDT,1326.9024,9,2025-05-22
1309384770689675266,110575.2,0.008,Buy,2025-05-22 09:52:57,BTCUSDT,884.6016,9,2025-05-22
1309384770685480979,110575.2,0.011,Buy,2025-05-22 09:52:57,BTCUSDT,1216.3272,9,2025-05-22
1309384770685480974,110575.2,0.0006,Buy,2025-05-22 09:52:57,BTCUSDT,66.34512,9,2025-05-22
1309384770685480969,110575.2,0.0005,Buy,2025-05-22 09:52:57,BTCUSDT,55.2876,9,2025-05-22
1309384770685480963,110575.2,0.006,Buy,2025-05-22 09:52:57,BTCUSDT,663.4512,9,2025-05-22
1309384770681286692,110575.2,0.0037,Buy,2025-05-22 09:52:57,BTCUSDT,409.12824,9,2025-05-22
1309384770681286671,110575.2,0.0032,Buy,2025-05-22 09:52:57,BTCUSDT,353.84064,9,2025-05-22
1309384770681286667,110575.2,0.0035,Buy,2025-05-22 09:52:57,BTCUSDT,387.0132,9,2025-05-22
1309384770681286659,110575.2,0.011,Buy,2025-05-22 09:52:57,BTCUSDT,1216.3272,9,2025-05-22
1309384770677092360,110575.2,0.0037,Buy,2025-05-22 09:52:57,BTCUSDT,409.12824,9,2025-05-22
1309384770677092353,110575.2,0.004,Buy,2025-05-22 09:52:57,BTCUSDT,442.3008,9,2025-05-22
1309384770668703745,110575.2,0.0021,Buy,2025-05-22 09:52:57,BTCUSDT,232.20791999999997,9,2025-05-22
1309384770664509443,110575.2,0.0009,Buy,2025-05-22 09:52:57,BTCUSDT,99.51768,9,2025-05-22
1309384770660315153,110575.2,0.0045,Buy,2025-05-22 09:52:57,BTCUSDT,497.5883999999999,9,2025-05-22
1309384770660315145,110575.2,0.0006,Buy,2025-05-22 09:52:57,BTCUSDT,66.34512,9,2025-05-22
1309384770660315141,110575.2,0.0023,Buy,2025-05-22 09:52:57,BTCUSDT,254.32296,9,2025-05-22
1309384770660315137,110575.2,0.0015,Buy,2025-05-22 09:52:57,BTCUSDT,165.8628,9,2025-05-22
1309384770656120843,110575.2,0.009,Buy,2025-05-22 09:52:57,BTCUSDT,995.1767999999998,9,2025-05-22
1309384770656120835,110575.2,0.0004,Buy,2025-05-22 09:52:57,BTCUSDT,44.23008,9,2025-05-22
1309384770643537935,110575.2,0.0029,Buy,2025-05-22 09:52:57,BTCUSDT,320.66808,9,2025-05-22
1309384770643537929,110575.2,0.0015,Buy,2025-05-22 09:52:57,BTCUSDT,165.8628,9,2025-05-22
1309384770643537923,110575.2,0.015,Buy,2025-05-22 09:52:57,BTCUSDT,1658.628,9,2025-05-22
1309384770639343627,110575.2,0.012,Buy,2025-05-22 09:52:57,BTCUSDT,1326.9024,9,2025-05-22
1309384770639343621,110575.2,0.0018,Buy,2025-05-22 09:52:57,BTCUSDT,199.03536,9,2025-05-22
1309384770635149317,110575.2,0.006,Buy,2025-05-22 09:52:57,BTCUSDT,663.4512,9,2025-05-22
1309384770630955018,110575.2,0.0029,Buy,2025-05-22 09:52:57,BTCUSDT,320.66808,9,2025-05-22
1309384770630955010,110575.2,0.0045,Buy,2025-05-22 09:52:57,BTCUSDT,497.5883999999999,9,2025-05-22
1309384770626760727,110575.2,0.007,Buy,2025-05-22 09:52:57,BTCUSDT,774.0264,9,2025-05-22
1309384770626760719,110575.2,0.008,Buy,2025-05-22 09:52:57,BTCUSDT,884.6016,9,2025-05-22
1309384770626760710,110575.2,0.003,Buy,2025-05-22 09:52:57,BTCUSDT,331.7256,9,2025-05-22
1309384770626760706,110575.2,0.0014,Buy,2025-05-22 09:52:57,BTCUSDT,154.80527999999998,9,2025-05-22
1309384770622566408,110575.2,0.0033,Buy,2025-05-22 09:52:57,BTCUSDT,364.89815999999996,9,2025-05-22
1309384770614177827,110575.2,0.014,Buy,2025-05-22 09:52:57,BTCUSDT,1548.0528,9,2025-05-22
1309384770614177820,110575.2,0.0027,Buy,2025-05-22 09:52:57,BTCUSDT,298.55304,9,2025-05-22
1309384770614177815,110575.2,0.0002,Buy,2025-05-22 09:52:57,BTCUSDT,22.11504,9,2025-05-22
1309384770609983492,110575.2,0.0044,Buy,2025-05-22 09:52:57,BTCUSDT,486.53088,9,2025-05-22
1309384770609983488,110575.2,0.0029,Buy,2025-05-22 09:52:57,BTCUSDT,320.66808,9,2025-05-22
1309384770605789189,110575.2,0.0037,Buy,2025-05-22 09:52:57,BTCUSDT,409.12824,9,2025-05-22
1309384770605789184,110575.2,0.0029,Buy,2025-05-22 09:52:57,BTCUSDT,320.66808,9,2025-05-22
1309384770601594883,110575.2,0.0023,Buy,2025-05-22 09:52:57,BTCUSDT,254.32296,9,2025-05-22
1309384770593206273,110575.2,0.0031,Buy,2025-05-22 09:52:57,BTCUSDT,342.78312,9,2025-05-22
1309384770589011978,110575.2,0.006,Buy,2025-05-22 09:52:57,BTCUSDT,663.4512,9,2025-05-22
1309384770589011973,110575.2,0.0015,Buy,2025-05-22 09:52:57,BTCUSDT,165.8628,9,2025-05-22
1309384770589011969,110575.2,0.0029,Buy,2025-05-22 09:52:57,BTCUSDT,320.66808,9,2025-05-22
1309384770584817672,110575.2,0.0024,Buy,2025-05-22 09:52:57,BTCUSDT,265.38048,9,2025-05-22
1309384770584817664,110575.2,0.0037,Buy,2025-05-22 09:52:57,BTCUSDT,409.12824,9,2025-05-22
1309384770580623383,110575.2,0.0008,Buy,2025-05-22 09:52:57,BTCUSDT,88.46016,9,2025-05-22
1309384770580623373,110575.2,0.0076,Buy,2025-05-22 09:52:57,BTCUSDT,840.37152,9,2025-05-22
1309384770580623369,110575.2,0.0033,Buy,2025-05-22 09:52:57,BTCUSDT,364.89815999999996,9,2025-05-22
1309384770576429063,110575.2,0.0037,Buy,2025-05-22 09:52:57,BTCUSDT,409.12824,9,2025-05-22
1309384770576429057,110575.2,0.0045,Buy,2025-05-22 09:52:57,BTCUSDT,497.5883999999999,9,2025-05-22
1309384770572234780,110575.2,0.0027,Buy,2025-05-22 09:52:57,BTCUSDT,298.55304,9,2025-05-22
1309384770563846148,110575.2,0.002,Buy,2025-05-22 09:52:57,BTCUSDT,221.1504,9,2025-05-22
1309384770542874628,110575.2,0.0016,Buy,2025-05-22 09:52:57,BTCUSDT,176.92032,9,2025-05-22
1309384770513514508,110575.2,0.0004,Buy,2025-05-22 09:52:57,BTCUSDT,44.23008,9,2025-05-22
1309384770505125949,110575.2,0.002,Buy,2025-05-22 09:52:57,BTCUSDT,221.1504,9,2025-05-22
1309384770500931592,110575.2,0.0002,Buy,2025-05-22 09:52:57,BTCUSDT,22.11504,9,2025-05-22
1309384770375102472,110575.2,0.0037,Buy,2025-05-22 09:52:57,BTCUSDT,409.12824,9,2025-05-22
1309384770186358787,110575.2,0.0037,Buy,2025-05-22 09:52:57,BTCUSDT,409.12824,9,2025-05-22
1309384770119249921,110575.2,0.0037,Buy,2025-05-22 09:52:57,BTCUSDT,409.12824,9,2025-05-22
1309384770110861327,110575.2,0.0027,Buy,2025-05-22 09:52:57,BTCUSDT,298.55304,9,2025-05-22
1309384770098278400,110575.2,0.0009,Buy,2025-05-22 09:52:57,BTCUSDT,99.51768,9,2025-05-22
1309384770094084097,110575.2,0.0026,Buy,2025-05-22 09:52:57,BTCUSDT,287.49552,9,2025-05-22
1309384770068918285,110575.2,0.0063,Buy,2025-05-22 09:52:57,BTCUSDT,696.62376,9,2025-05-22
1309384770068918274,110575.2,0.0002,Buy,2025-05-22 09:52:57,BTCUSDT,22.11504,9,2025-05-22
1309384770064723975,110575.2,0.0012,Buy,2025-05-22 09:52:57,BTCUSDT,132.69024,9,2025-05-22
1309384770064723969,110575.2,0.0041,Buy,2025-05-22 09:52:57,BTCUSDT,453.35832000000005,9,2025-05-22
1309384770039558158,110575.2,0.0042,Buy,2025-05-22 09:52:57,BTCUSDT,464.41583999999995,9,2025-05-22
1309384770039558154,110575.2,0.0034,Buy,2025-05-22 09:52:57,BTCUSDT,375.95568,9,2025-05-22
1309384770026975233,110575.2,0.0084,Buy,2025-05-22 09:52:57,BTCUSDT,928.8316799999999,9,2025-05-22
1309384765341937666,110572.0,0.0004,Sell,2025-05-22 09:52:55,BTCUSDT,44.2288,9,2025-05-22
1309384762724691971,110572.1,0.2206,Buy,2025-05-22 09:52:55,BTCUSDT,24392.20526,9,2025-05-22
1309384762259124227,110572.0,0.4832,Sell,2025-05-22 09:52:55,BTCUSDT,53428.390400000004,9,2025-05-22
1309384762259124225,110572.0,0.0168,Sell,2025-05-22 09:52:55,BTCUSDT,1857.6095999999998,9,2025-05-22
1309384761634172929,110572.1,5.3466,Buy,2025-05-22 09:52:55,BTCUSDT,591184.78986,9,2025-05-22
1309384760879198209,110572.0,0.0614,Sell,2025-05-22 09:52:54,BTCUSDT,6789.120800000001,9,2025-05-22
1309384759138562052,110572.1,0.0052,Buy,2025-05-22 09:52:54,BTCUSDT,574.97492,9,2025-05-22
1309384757083353091,110572.1,0.0007,Buy,2025-05-22 09:52:53,BTCUSDT,77.40047,9,2025-05-22
1309384753946013697,110572.1,0.0414,Buy,2025-05-22 09:52:53,BTCUSDT,4577.68494,9,2025-05-22
1309384753543360514,110572.0,0.0091,Sell,2025-05-22 09:52:53,BTCUSDT,1006.2052000000001,9,2025-05-22
1309384750456352769,110572.1,0.0021,Buy,2025-05-22 09:52:52,BTCUSDT,232.20141,9,2025-05-22
1309384743405727745,110572.1,0.0035,Buy,2025-05-22 09:52:50,BTCUSDT,387.00235000000004,9,2025-05-22
1309384731800088579,110572.1,0.0143,Buy,2025-05-22 09:52:47,BTCUSDT,1581.1810300000002,9,2025-05-22
1309384731800088577,110572.1,0.0035,Buy,2025-05-22 09:52:47,BTCUSDT,387.00235000000004,9,2025-05-22
1309384730063646722,110572.0,0.005,Sell,2025-05-22 09:52:47,BTCUSDT,552.86,9,2025-05-22
1309384728482394115,110572.1,0.0011,Buy,2025-05-22 09:52:47,BTCUSDT,121.62931000000002,9,2025-05-22
1309384724317450242,110572.0,0.0009,Sell,2025-05-22 09:52:46,BTCUSDT,99.5148,9,2025-05-22
1309384717149384705,110572.0,5.4158,Sell,2025-05-22 09:52:44,BTCUSDT,598835.8376,9,2025-05-22
1309384716369244161,110572.0,0.081,Sell,2025-05-22 09:52:44,BTCUSDT,8956.332,9,2025-05-22
1309384712829251585,110572.0,0.0001,Sell,2025-05-22 09:52:43,BTCUSDT,11.0572,9,2025-05-22
1309384708811108353,110572.0,0.0029,Sell,2025-05-22 09:52:42,BTCUSDT,320.6588,9,2025-05-22
1309384704017018945,110572.0,0.0016,Sell,2025-05-22 09:52:41,BTCUSDT,176.9152,9,2025-05-22
1309384703287209985,110572.1,0.8172,Buy,2025-05-22 09:52:41,BTCUSDT,90359.52012000002,9,2025-05-22
1309384696668598276,110572.0,0.0035,Sell,2025-05-22 09:52:39,BTCUSDT,387.002,9,2025-05-22
1309384694495948801,110572.0,0.0051,Sell,2025-05-22 09:52:39,BTCUSDT,563.9172000000001,9,2025-05-22
1309384694244290561,110572.0,0.0011,Sell,2025-05-22 09:52:38,BTCUSDT,121.62920000000001,9,2025-05-22
1309384693464150020,110572.1,0.0009,Buy,2025-05-22 09:52:38,BTCUSDT,99.51489000000001,9,2025-05-22
1309384691211808770,110572.0,0.0091,Sell,2025-05-22 09:52:38,BTCUSDT,1006.2052000000001,9,2025-05-22
1309384690549108737,110572.0,0.0055,Sell,2025-05-22 09:52:38,BTCUSDT,608.146,9,2025-05-22
1309384688732975105,110572.0,0.0056,Sell,2025-05-22 09:52:37,BTCUSDT,619.2032,9,2025-05-22
1309384686216392706,110572.1,0.005,Buy,2025-05-22 09:52:37,BTCUSDT,552.8605,9,2025-05-22
1309384686182838275,110572.0,0.0002,Sell,2025-05-22 09:52:37,BTCUSDT,22.1144,9,2025-05-22
1309384686157672449,110572.1,0.0006,Buy,2025-05-22 09:52:37,BTCUSDT,66.34326,9,2025-05-22
1309384686073786369,110572.0,0.0714,Sell,2025-05-22 09:52:37,BTCUSDT,7894.840800000001,9,2025-05-22
1309384685188788229,110572.0,0.005,Sell,2025-05-22 09:52:36,BTCUSDT,552.86,9,2025-05-22
1309384681661378568,110572.1,0.5156,Buy,2025-05-22 09:52:35,BTCUSDT,57010.97476,9,2025-05-22
1309384672748482645,110572.1,3.9979,Buy,2025-05-22 09:52:33,BTCUSDT,442056.19859000004,9,2025-05-22
1309384672249360389,110572.0,0.0001,Sell,2025-05-22 09:52:33,BTCUSDT,11.0572,9,2025-05-22
1309384670445809666,110572.1,0.0061,Buy,2025-05-22 09:52:33,BTCUSDT,674.48981,9,2025-05-22
1309384670332563457,110572.1,0.002,Buy,2025-05-22 09:52:33,BTCUSDT,221.1442,9,2025-05-22
1309384669397233665,110572.1,0.1066,Buy,2025-05-22 09:52:33,BTCUSDT,11786.98586,9,2025-05-22
1309384664695418881,110572.1,0.0097,Buy,2025-05-22 09:52:31,BTCUSDT,1072.5493700000002,9,2025-05-22
1309384663835586562,110572.0,0.0025,Sell,2025-05-22 09:52:31,BTCUSDT,276.43,9,2025-05-22
1309384663109971970,110572.1,0.0247,Buy,2025-05-22 09:52:31,BTCUSDT,2731.13087,9,2025-05-22
1309384648438296578,110571.9,0.0016,Buy,2025-05-22 09:52:28,BTCUSDT,176.91504,9,2025-05-22
1309384647817539586,110571.8,0.1078,Sell,2025-05-22 09:52:27,BTCUSDT,11919.64004,9,2025-05-22
1309384647385526277,110571.8,0.01,Sell,2025-05-22 09:52:27,BTCUSDT,1105.718,9,2025-05-22
1309384646605385729,110571.8,0.0088,Sell,2025-05-22 09:52:27,BTCUSDT,973.0318400000001,9,2025-05-22
1309384644390793227,110571.9,0.0017,Buy,2025-05-22 09:52:27,BTCUSDT,187.97222999999997,9,2025-05-22
1309384644390793225,110571.9,0.0018,Buy,2025-05-22 09:52:27,BTCUSDT,199.02942,9,2025-05-22
1309384644390793223,110571.9,0.0028,Buy,2025-05-22 09:52:27,BTCUSDT,309.60132,9,2025-05-22
1309384638619430915,110571.9,0.0009,Buy,2025-05-22 09:52:25,BTCUSDT,99.51471,9,2025-05-22
1309384636430004225,110571.8,0.0016,Sell,2025-05-22 09:52:25,BTCUSDT,176.91488,9,2025-05-22
1309384635184295936,110571.8,0.002,Sell,2025-05-22 09:52:24,BTCUSDT,221.14360000000002,9,2025-05-22
1309384635104604164,110571.8,0.0176,Sell,2025-05-22 09:52:24,BTCUSDT,1946.0636800000002,9,2025-05-22
1309384634626453505,110571.9,0.0006,Buy,2025-05-22 09:52:24,BTCUSDT,66.34313999999999,9,2025-05-22
1309384631661080577,110571.8,0.0013,Sell,2025-05-22 09:52:24,BTCUSDT,143.74334,9,2025-05-22
1309384627546468354,110568.9,0.0029,Sell,2025-05-22 09:52:23,BTCUSDT,320.64980999999995,9,2025-05-22
1309384627370307588,110569.0,0.6417,Buy,2025-05-22 09:52:23,BTCUSDT,70952.12730000001,9,2025-05-22
1309384627370307586,110569.0,0.1528,Buy,2025-05-22 09:52:23,BTCUSDT,16894.943199999998,9,2025-05-22
1309384626174930945,110569.0,3.5765,Buy,2025-05-22 09:52:22,BTCUSDT,395450.02849999996,9,2025-05-22
1309384622521692161,110568.9,0.0029,Sell,2025-05-22 09:52:21,BTCUSDT,320.64980999999995,9,2025-05-22
1309384621401812997,110568.9,0.1155,Sell,2025-05-22 09:52:21,BTCUSDT,12770.70795,9,2025-05-22
1309384621401812995,110568.9,0.0106,Sell,2025-05-22 09:52:21,BTCUSDT,1172.03034,9,2025-05-22
1309384621401812993,110568.9,0.0239,Sell,2025-05-22 09:52:21,BTCUSDT,2642.59671,9,2025-05-22
1309384621368258561,110568.9,0.001,Sell,2025-05-22 09:52:21,BTCUSDT,110.5689,9,2025-05-22
1309384619241746475,110568.9,1.8077,Sell,2025-05-22 09:52:21,BTCUSDT,199875.40052999998,9,2025-05-22
1309384611457118211,110568.9,0.011,Sell,2025-05-22 09:52:19,BTCUSDT,1216.2578999999998,9,2025-05-22
1309384608210726916,110568.9,0.0061,Sell,2025-05-22 09:52:18,BTCUSDT,674.47029,9,2025-05-22
1309384608110063617,110568.9,0.0073,Sell,2025-05-22 09:52:18,BTCUSDT,807.15297,9,2025-05-22
1309384606830800898,110568.9,0.0051,Sell,2025-05-22 09:52:18,BTCUSDT,563.90139,9,2025-05-22
1309384605832556549,110568.9,0.0801,Sell,2025-05-22 09:52:17,BTCUSDT,8856.56889,9,2025-05-22
1309384605765447681,110568.9,0.0574,Sell,2025-05-22 09:52:17,BTCUSDT,6346.65486,9,2025-05-22
1309384605522178050,110568.9,0.0004,Sell,2025-05-22 09:52:17,BTCUSDT,44.22756,9,2025-05-22
1309384591722917889,110561.4,0.0364,Sell,2025-05-22 09:52:14,BTCUSDT,4024.43496,9,2025-05-22
1309384588568801289,110557.2,0.0007,Sell,2025-05-22 09:52:13,BTCUSDT,77.39004,9,2025-05-22
1309384588568801287,110557.2,0.0002,Sell,2025-05-22 09:52:13,BTCUSDT,22.11144,9,2025-05-22
1309384588568801285,110557.2,0.0001,Sell,2025-05-22 09:52:13,BTCUSDT,11.05572,9,2025-05-22
1309384588568801283,110557.2,0.0001,Sell,2025-05-22 09:52:13,BTCUSDT,11.05572,9,2025-05-22
1309384588560412685,110557.2,0.0005,Sell,2025-05-22 09:52:13,BTCUSDT,55.2786,9,2025-05-22
1309384588560412683,110557.2,0.0004,Sell,2025-05-22 09:52:13,BTCUSDT,44.22288,9,2025-05-22
1309384588560412679,110557.2,0.0001,Sell,2025-05-22 09:52:13,BTCUSDT,11.05572,9,2025-05-22
1309384588560412677,110557.2,0.0001,Sell,2025-05-22 09:52:13,BTCUSDT,11.05572,9,2025-05-22
1309384588560412675,110557.2,0.0001,Sell,2025-05-22 09:52:13,BTCUSDT,11.05572,9,2025-05-22
1309384588560412673,110557.2,0.0001,Sell,2025-05-22 09:52:13,BTCUSDT,11.05572,9,2025-05-22
1309384588552024072,110557.2,0.0002,Sell,2025-05-22 09:52:13,BTCUSDT,22.11144,9,2025-05-22
1309384588552024070,110557.2,0.0001,Sell,2025-05-22 09:52:13,BTCUSDT,11.05572,9,2025-05-22
1309384588552024068,110557.2,0.0001,Sell,2025-05-22 09:52:13,BTCUSDT,11.05572,9,2025-05-22
1309384588552024066,110557.2,0.0001,Sell,2025-05-22 09:52:13,BTCUSDT,11.05572,9,2025-05-22
1309384588317143045,110557.2,0.0011,Sell,2025-05-22 09:52:13,BTCUSDT,121.61292,9,2025-05-22
1309384586790416390,110557.2,0.1082,Sell,2025-05-22 09:52:13,BTCUSDT,11962.28904,9,2025-05-22
1309384586790416388,110560.0,0.0048,Sell,2025-05-22 09:52:13,BTCUSDT,530.688,9,2025-05-22
1309384586790416386,110560.0,0.0348,Sell,2025-05-22 09:52:13,BTCUSDT,3847.488,9,2025-05-22
1309384585502765059,110560.0,0.0074,Sell,2025-05-22 09:52:13,BTCUSDT,818.144,9,2025-05-22
1309384585502765057,110560.0,0.0006,Sell,2025-05-22 09:52:13,BTCUSDT,66.336,9,2025-05-22
1309384582403174407,110560.1,0.001,Buy,2025-05-22 09:52:12,BTCUSDT,110.5601,9,2025-05-22
1309384580834504707,110560.0,0.0062,Sell,2025-05-22 09:52:11,BTCUSDT,685.472,9,2025-05-22
1309384577479061505,110560.1,4.1621,Buy,2025-05-22 09:52:11,BTCUSDT,460162.19221,9,2025-05-22
1309384576317239297,110560.1,0.0012,Buy,2025-05-22 09:52:10,BTCUSDT,132.67212,9,2025-05-22
1309384574010372102,110560.0,0.0602,Sell,2025-05-22 09:52:10,BTCUSDT,6655.7119999999995,9,2025-05-22
1309384574010372099,110562.1,0.0048,Sell,2025-05-22 09:52:10,BTCUSDT,530.69808,9,2025-05-22
1309384574010372097,110564.8,0.404,Sell,2025-05-22 09:52:10,BTCUSDT,44668.179200000006,9,2025-05-22
1309384572995350529,110564.9,0.0003,Buy,2025-05-22 09:52:10,BTCUSDT,33.16947,9,2025-05-22
1309384572118740993,110564.8,0.0365,Sell,2025-05-22 09:52:09,BTCUSDT,4035.6151999999997,9,2025-05-22
1309384569551826945,110564.8,0.0103,Sell,2025-05-22 09:52:09,BTCUSDT,1138.81744,9,2025-05-22
1309384568176095237,110564.8,0.0346,Sell,2025-05-22 09:52:08,BTCUSDT,3825.54208,9,2025-05-22
1309384568058654723,110564.8,0.0346,Sell,2025-05-22 09:52:08,BTCUSDT,3825.54208,9,2025-05-22
1309384568004128771,110564.8,0.0005,Sell,2025-05-22 09:52:08,BTCUSDT,55.2824,9,2025-05-22
1309384566112497665,110564.8,0.0002,Sell,2025-05-22 09:52:08,BTCUSDT,22.11296,9,2025-05-22
1309384565684678659,110564.8,0.0139,Sell,2025-05-22 09:52:08,BTCUSDT,1536.85072,9,2025-05-22
1309384564959064065,110564.8,0.0355,Sell,2025-05-22 09:52:08,BTCUSDT,3925.0503999999996,9,2025-05-22
1309384560328552461,110564.9,0.0006,Buy,2025-05-22 09:52:07,BTCUSDT,66.33894,9,2025-05-22
1309384560244666374,110564.8,0.0287,Sell,2025-05-22 09:52:07,BTCUSDT,3173.20976,9,2025-05-22
1309384560244666372,110564.8,0.0427,Sell,2025-05-22 09:52:07,BTCUSDT,4721.11696,9,2025-05-22
1309384559670046722,110564.8,0.006,Sell,2025-05-22 09:52:06,BTCUSDT,663.3888000000001,9,2025-05-22
1309384558105571330,110564.8,0.04,Sell,2025-05-22 09:52:06,BTCUSDT,4422.592000000001,9,2025-05-22
1309384556658536448,110564.9,0.0021,Buy,2025-05-22 09:52:06,BTCUSDT,232.18628999999999,9,2025-05-22
1309384548693553154,110564.9,0.012,Buy,2025-05-22 09:52:04,BTCUSDT,1326.7788,9,2025-05-22
1309384545870786563,110564.8,0.0096,Sell,2025-05-22 09:52:03,BTCUSDT,1061.4220799999998,9,2025-05-22
1309384544117567494,110564.8,0.0634,Sell,2025-05-22 09:52:03,BTCUSDT,7009.80832,9,2025-05-22
1309384541638733828,110564.9,0.0015,Buy,2025-05-22 09:52:02,BTCUSDT,165.84735,9,2025-05-22
1309384540804067335,110564.9,0.0009,Buy,2025-05-22 09:52:02,BTCUSDT,99.50841,9,2025-05-22
1309384540451745796,110564.8,0.0006,Sell,2025-05-22 09:52:02,BTCUSDT,66.33887999999999,9,2025-05-22
1309384540296556546,110564.9,0.0002,Buy,2025-05-22 09:52:02,BTCUSDT,22.11298,9,2025-05-22
1309384539940040710,110564.8,0.0036,Sell,2025-05-22 09:52:02,BTCUSDT,398.03328,9,2025-05-22
1309384539935846401,110564.8,0.0011,Sell,2025-05-22 09:52:02,BTCUSDT,121.62128000000001,9,2025-05-22
1309384539650633732,110564.9,0.0005,Buy,2025-05-22 09:52:02,BTCUSDT,55.28245,9,2025-05-22
1309384538430091269,110564.8,0.0138,Sell,2025-05-22 09:52:01,BTCUSDT,1525.79424,9,2025-05-22
1309384538430091267,110570.0,0.0422,Sell,2025-05-22 09:52:01,BTCUSDT,4666.054,9,2025-05-22
1309384535267586050,110570.1,0.0002,Sell,2025-05-22 09:52:01,BTCUSDT,22.114020000000004,9,2025-05-22
1309384529487835139,110570.2,0.0925,Buy,2025-05-22 09:51:59,BTCUSDT,10227.7435,9,2025-05-22
1309384527810113537,110570.2,0.4298,Buy,2025-05-22 09:51:59,BTCUSDT,47523.07196,9,2025-05-22
1309384517370490883,110575.1,0.0155,Sell,2025-05-22 09:51:56,BTCUSDT,1713.91405,9,2025-05-22
1309384517370490881,110575.1,0.1285,Sell,2025-05-22 09:51:56,BTCUSDT,14208.900350000002,9,2025-05-22
1309384512001781767,110575.1,0.0001,Sell,2025-05-22 09:51:55,BTCUSDT,11.05751,9,2025-05-22
1309384510525386753,110575.1,0.07,Sell,2025-05-22 09:51:55,BTCUSDT,7740.257000000001,9,2025-05-22
1309384507610345473,110575.2,3.5716,Buy,2025-05-22 09:51:54,BTCUSDT,394930.38432,9,2025-05-22
1309384507560013825,110575.1,0.0444,Sell,2025-05-22 09:51:54,BTCUSDT,4909.53444,9,2025-05-22
1309384505060208642,110575.2,0.0994,Buy,2025-05-22 09:51:53,BTCUSDT,10991.17488,9,2025-05-22
1309384504569475073,110575.1,0.0017,Sell,2025-05-22 09:51:53,BTCUSDT,187.97767,9,2025-05-22
1309384500979150882,110575.1,0.009,Sell,2025-05-22 09:51:52,BTCUSDT,995.1759,9,2025-05-22
1309384498785529861,110575.1,0.0934,Sell,2025-05-22 09:51:52,BTCUSDT,10327.71434,9,2025-05-22
1309384498785529859,110577.3,0.0048,Sell,2025-05-22 09:51:52,BTCUSDT,530.77104,9,2025-05-22
1309384498785529857,110577.3,0.0018,Sell,2025-05-22 09:51:52,BTCUSDT,199.03914,9,2025-05-22
1309384495576887299,110577.4,0.0072,Buy,2025-05-22 09:51:51,BTCUSDT,796.1572799999999,9,2025-05-22
1309384495576887297,110569.9,0.0018,Buy,2025-05-22 09:51:51,BTCUSDT,199.02581999999998,9,2025-05-22
1309384495207788585,110569.9,0.0019,Buy,2025-05-22 09:51:51,BTCUSDT,210.08281,9,2025-05-22
1309384494561865730,110569.8,0.0046,Sell,2025-05-22 09:51:51,BTCUSDT,508.62108,9,2025-05-22
1309384493244854275,110566.7,0.0001,Buy,2025-05-22 09:51:51,BTCUSDT,11.05667,9,2025-05-22
1309384486387167236,110566.7,0.0104,Buy,2025-05-22 09:51:49,BTCUSDT,1149.89368,9,2025-05-22
1309384484554256385,110566.7,0.0019,Buy,2025-05-22 09:51:48,BTCUSDT,210.07673,9,2025-05-22
1309384483665064021,110566.6,0.0015,Sell,2025-05-22 09:51:48,BTCUSDT,165.84990000000002,9,2025-05-22
1309384482968809473,110566.7,0.0021,Buy,2025-05-22 09:51:48,BTCUSDT,232.19007,9,2025-05-22
1309384480917794845,110566.6,0.0346,Sell,2025-05-22 09:51:48,BTCUSDT,3825.6043600000003,9,2025-05-22
1309384480917794843,110566.6,0.0086,Sell,2025-05-22 09:51:48,BTCUSDT,950.8727600000001,9,2025-05-22
1309384480917794840,110567.5,0.0035,Sell,2025-05-22 09:51:48,BTCUSDT,386.98625,9,2025-05-22
1309384479319764995,110567.5,0.0139,Sell,2025-05-22 09:51:47,BTCUSDT,1536.88825,9,2025-05-22
1309384468779479047,110570.7,0.1078,Sell,2025-05-22 09:51:45,BTCUSDT,11919.52146,9,2025-05-22
1309384468779479045,110571.3,0.0018,Sell,2025-05-22 09:51:45,BTCUSDT,199.02834,9,2025-05-22
1309384468779479043,110571.3,0.0034,Sell,2025-05-22 09:51:45,BTCUSDT,375.94241999999997,9,2025-05-22
1309384466678132737,110571.3,0.0014,Sell,2025-05-22 09:51:44,BTCUSDT,154.79982,9,2025-05-22
1309384464404819981,110571.4,0.4163,Buy,2025-05-22 09:51:44,BTCUSDT,46030.87382,9,2025-05-22
1309384464404819979,110571.2,0.0044,Buy,2025-05-22 09:51:44,BTCUSDT,486.51328,9,2025-05-22
1309384464404819976,110570.1,0.0155,Buy,2025-05-22 09:51:44,BTCUSDT,1713.83655,9,2025-05-22
1309384464404819973,110569.8,0.0034,Buy,2025-05-22 09:51:44,BTCUSDT,375.93732,9,2025-05-22
1309384464404819971,110569.8,0.4054,Buy,2025-05-22 09:51:44,BTCUSDT,44824.99692,9,2025-05-22
1309384464404819969,110569.8,0.2513,Buy,2025-05-22 09:51:44,BTCUSDT,27786.190740000002,9,2025-05-22
1309384463226220546,110569.7,4.2643,Sell,2025-05-22 09:51:43,BTCUSDT,471502.37171000004,9,2025-05-22
1309384460189544450,110569.8,0.0118,Buy,2025-05-22 09:51:43,BTCUSDT,1304.72364,9,2025-05-22
1309384459426181130,110569.8,0.0919,Buy,2025-05-22 09:51:42,BTCUSDT,10161.36462,9,2025-05-22
1309384459426181128,110569.8,0.04,Buy,2025-05-22 09:51:42,BTCUSDT,4422.792,9,2025-05-22
1309384459426181126,110569.8,0.182,Buy,2025-05-22 09:51:42,BTCUSDT,20123.7036,9,2025-05-22
1309384459426181123,110569.8,0.1245,Buy,2025-05-22 09:51:42,BTCUSDT,13765.9401,9,2025-05-22
1309384459426181121,110569.8,0.5616,Buy,2025-05-22 09:51:42,BTCUSDT,62095.99968,9,2025-05-22
1309384453235388421,110569.8,0.1589,Buy,2025-05-22 09:51:41,BTCUSDT,17569.541220000003,9,2025-05-22
1309384453235388419,110569.8,0.0018,Buy,2025-05-22 09:51:41,BTCUSDT,199.02564,9,2025-05-22
1309384453235388417,110569.8,0.0292,Buy,2025-05-22 09:51:41,BTCUSDT,3228.63816,9,2025-05-22
1309384447065567234,110569.8,0.0002,Buy,2025-05-22 09:51:40,BTCUSDT,22.113960000000002,9,2025-05-22
1309384442548301829,110569.7,0.0032,Sell,2025-05-22 09:51:38,BTCUSDT,353.82304,9,2025-05-22
1309384434491043849,110569.8,0.0006,Buy,2025-05-22 09:51:37,BTCUSDT,66.34187999999999,9,2025-05-22
1309384434465878017,110569.7,0.0002,Sell,2025-05-22 09:51:37,BTCUSDT,22.11394,9,2025-05-22
1309384434411352067,110569.7,0.0054,Sell,2025-05-22 09:51:37,BTCUSDT,597.07638,9,2025-05-22
1309384434411352065,110569.7,0.066,Sell,2025-05-22 09:51:37,BTCUSDT,7297.6002,9,2025-05-22
1309384426349899777,110569.8,0.0017,Buy,2025-05-22 09:51:35,BTCUSDT,187.96866,9,2025-05-22
1309384420884721665,110569.8,2.1151,Buy,2025-05-22 09:51:33,BTCUSDT,233866.18398,9,2025-05-22
1309384418233921571,110569.8,0.0012,Buy,2025-05-22 09:51:33,BTCUSDT,132.68375999999998,9,2025-05-22
1309384409639792644,110569.7,0.001,Sell,2025-05-22 09:51:31,BTCUSDT,110.5697,9,2025-05-22
1309384409522352129,110569.8,0.0002,Buy,2025-05-22 09:51:31,BTCUSDT,22.113960000000002,9,2025-05-22
1309384396998160386,110571.2,0.0874,Sell,2025-05-22 09:51:28,BTCUSDT,9663.92288,9,2025-05-22
1309384396855554053,110571.2,0.0874,Sell,2025-05-22 09:51:28,BTCUSDT,9663.92288,9,2025-05-22
1309384396792639490,110571.2,0.001,Sell,2025-05-22 09:51:28,BTCUSDT,110.5712,9,2025-05-22
1309384388420808706,110571.2,0.0071,Sell,2025-05-22 09:51:26,BTCUSDT,785.05552,9,2025-05-22
1309384385178611715,110571.3,0.0106,Buy,2025-05-22 09:51:25,BTCUSDT,1172.0557800000001,9,2025-05-22
1309384381311463428,110571.3,0.0039,Buy,2025-05-22 09:51:24,BTCUSDT,431.22807,9,2025-05-22
1309384381311463426,110571.3,0.0018,Buy,2025-05-22 09:51:24,BTCUSDT,199.02834,9,2025-05-22
1309384381185634307,110571.3,0.0057,Buy,2025-05-22 09:51:24,BTCUSDT,630.2564100000001,9,2025-05-22
1309384379117842433,110571.2,0.0004,Sell,2025-05-22 09:51:23,BTCUSDT,44.22848,9,2025-05-22
1309384374298587137,110571.2,4.6349,Sell,2025-05-22 09:51:22,BTCUSDT,512486.45488,9,2025-05-22
1309384373308731399,110572.4,0.0017,Sell,2025-05-22 09:51:22,BTCUSDT,187.97307999999998,9,2025-05-22
1309384373308731397,110572.4,0.002,Sell,2025-05-22 09:51:22,BTCUSDT,221.1448,9,2025-05-22
1309384373308731395,110572.4,0.0525,Sell,2025-05-22 09:51:22,BTCUSDT,5805.0509999999995,9,2025-05-22
1309384373073850371,110572.4,0.0003,Sell,2025-05-22 09:51:22,BTCUSDT,33.17171999999999,9,2025-05-22
1309384372348235777,110572.5,0.005,Buy,2025-05-22 09:51:22,BTCUSDT,552.8625000000001,9,2025-05-22
1309384366664953857,110572.4,0.0001,Sell,2025-05-22 09:51:20,BTCUSDT,11.05724,9,2025-05-22
1309384363804438532,110572.4,0.0128,Sell,2025-05-22 09:51:20,BTCUSDT,1415.32672,9,2025-05-22
1309384363414368261,110572.5,0.0336,Buy,2025-05-22 09:51:20,BTCUSDT,3715.236,9,2025-05-22
1309384360230891522,110572.4,0.0002,Sell,2025-05-22 09:51:19,BTCUSDT,22.11448,9,2025-05-22
1309384360050536449,110572.4,0.0002,Sell,2025-05-22 09:51:19,BTCUSDT,22.11448,9,2025-05-22
1309384353440313345,110572.4,0.0002,Sell,2025-05-22 09:51:17,BTCUSDT,22.11448,9,2025-05-22
1309384348356816902,110572.4,0.0037,Sell,2025-05-22 09:51:16,BTCUSDT,409.11788,9,2025-05-22
1309384348356816900,110572.5,0.0002,Sell,2025-05-22 09:51:16,BTCUSDT,22.1145,9,2025-05-22
1309384348356816897,110572.5,0.0034,Sell,2025-05-22 09:51:16,BTCUSDT,375.94649999999996,9,2025-05-22
1309384346263859203,110572.5,0.0398,Sell,2025-05-22 09:51:16,BTCUSDT,4400.7855,9,2025-05-22
1309384346263859201,110572.5,0.0018,Sell,2025-05-22 09:51:16,BTCUSDT,199.0305,9,2025-05-22
1309384340811264003,110572.6,0.25,Buy,2025-05-22 09:51:14,BTCUSDT,27643.15,9,2025-05-22
1309384339905294394,110572.5,0.0058,Sell,2025-05-22 09:51:14,BTCUSDT,641.3204999999999,9,2025-05-22
1309384335450943491,110572.5,0.0026,Sell,2025-05-22 09:51:13,BTCUSDT,287.4885,9,2025-05-22
1309384335002152961,110572.5,0.004,Sell,2025-05-22 09:51:13,BTCUSDT,442.29,9,2025-05-22
1309384329125933065,110572.5,1.1385,Buy,2025-05-22 09:51:11,BTCUSDT,125886.79125000001,9,2025-05-22
1309384329125933063,110568.8,0.0041,Buy,2025-05-22 09:51:11,BTCUSDT,453.3320800000001,9,2025-05-22
1309384329125933061,110565.0,0.0018,Buy,2025-05-22 09:51:11,BTCUSDT,199.017,9,2025-05-22
1309384329125933059,110565.0,0.137,Buy,2025-05-22 09:51:11,BTCUSDT,15147.405,9,2025-05-22
1309384327733424129,110564.9,0.8229,Sell,2025-05-22 09:51:11,BTCUSDT,90983.85621,9,2025-05-22
1309384325602717703,110565.0,4.2049,Buy,2025-05-22 09:51:11,BTCUSDT,464914.7685,9,2025-05-22
1309384315251175426,110564.9,0.0037,Sell,2025-05-22 09:51:08,BTCUSDT,409.09013,9,2025-05-22
1309384314886270977,110564.9,0.0001,Sell,2025-05-22 09:51:08,BTCUSDT,11.05649,9,2025-05-22
1309384311023316994,110565.0,0.0003,Buy,2025-05-22 09:51:07,BTCUSDT,33.1695,9,2025-05-22
1309384309924409347,110565.0,0.0087,Buy,2025-05-22 09:51:07,BTCUSDT,961.9155,9,2025-05-22
1309384308989079553,110565.0,0.001,Buy,2025-05-22 09:51:07,BTCUSDT,110.565,9,2025-05-22
1309384308661923841,110565.0,0.0006,Buy,2025-05-22 09:51:07,BTCUSDT,66.339,9,2025-05-22
1309384308586426372,110564.9,0.0377,Sell,2025-05-22 09:51:07,BTCUSDT,4168.296729999999,9,2025-05-22
1309384308586426370,110564.9,0.0337,Sell,2025-05-22 09:51:07,BTCUSDT,3726.0371299999997,9,2025-05-22
1309384307957280772,110564.9,0.1448,Sell,2025-05-22 09:51:06,BTCUSDT,16009.79752,9,2025-05-22
1309384307957280770,110564.9,0.0733,Sell,2025-05-22 09:51:06,BTCUSDT,8104.40717,9,2025-05-22
1309384307516878849,110565.0,0.01,Buy,2025-05-22 09:51:06,BTCUSDT,1105.65,9,2025-05-22
1309384307403632692,110565.0,0.0001,Buy,2025-05-22 09:51:06,BTCUSDT,11.0565,9,2025-05-22
1309384307298775043,110565.0,0.0001,Buy,2025-05-22 09:51:06,BTCUSDT,11.0565,9,2025-05-22
1309384301078622209,110565.0,0.0201,Buy,2025-05-22 09:51:05,BTCUSDT,2222.3565,9,2025-05-22
1309384299765805058,110564.9,0.0662,Sell,2025-05-22 09:51:04,BTCUSDT,7319.396379999999,9,2025-05-22
1309384298213912580,110564.9,0.0005,Sell,2025-05-22 09:51:04,BTCUSDT,55.28245,9,2025-05-22
1309384298213912578,110564.9,0.0001,Sell,2025-05-22 09:51:04,BTCUSDT,11.05649,9,2025-05-22
1309384296754294787,110565.0,0.0402,Buy,2025-05-22 09:51:04,BTCUSDT,4444.713,9,2025-05-22
1309384294178992129,110565.0,0.0727,Buy,2025-05-22 09:51:03,BTCUSDT,8038.0755,9,2025-05-22
1309384290869686273,110565.0,0.01,Buy,2025-05-22 09:51:02,BTCUSDT,1105.65,9,2025-05-22
1309384290626416644,110564.9,0.0037,Sell,2025-05-22 09:51:02,BTCUSDT,409.09013,9,2025-05-22
1309384290416701448,110564.9,0.0595,Sell,2025-05-22 09:51:02,BTCUSDT,6578.61155,9,2025-05-22
1309384290416701446,110564.9,0.0634,Sell,2025-05-22 09:51:02,BTCUSDT,7009.814659999999,9,2025-05-22
1309384290194403333,110564.9,0.1854,Sell,2025-05-22 09:51:02,BTCUSDT,20498.73246,9,2025-05-22
1309384289783361540,110566.1,0.1008,Sell,2025-05-22 09:51:02,BTCUSDT,11145.062880000001,9,2025-05-22
1309384287489077261,110593.8,0.0009,Buy,2025-05-22 09:51:01,BTCUSDT,99.53442,9,2025-05-22
1309384287489077258,110593.8,0.001,Buy,2025-05-22 09:51:01,BTCUSDT,110.5938,9,2025-05-22
1309384287489077255,110591.6,0.001,Buy,2025-05-22 09:51:01,BTCUSDT,110.59160000000001,9,2025-05-22
1309384287178698755,110600.0,0.001,Sell,2025-05-22 09:51:01,BTCUSDT,110.60000000000001,9,2025-05-22
1309384285966544904,110602.3,0.0026,Sell,2025-05-22 09:51:01,BTCUSDT,287.56597999999997,9,2025-05-22
1309384285878464545,110602.3,0.0012,Sell,2025-05-22 09:51:01,BTCUSDT,132.72276,9,2025-05-22
1309384285878464525,110602.3,0.0042,Sell,2025-05-22 09:51:01,BTCUSDT,464.52966,9,2025-05-22
1309384285853298696,110602.3,0.0042,Sell,2025-05-22 09:51:01,BTCUSDT,464.52966,9,2025-05-22
1309384285853298691,110602.3,0.0042,Sell,2025-05-22 09:51:01,BTCUSDT,464.52966,9,2025-05-22
1309384285802967042,110602.3,0.0015,Sell,2025-05-22 09:51:01,BTCUSDT,165.90345000000002,9,2025-05-22
1309384285798772751,110602.3,0.0037,Sell,2025-05-22 09:51:01,BTCUSDT,409.22851,9,2025-05-22
1309384285798772744,110602.3,0.0026,Sell,2025-05-22 09:51:01,BTCUSDT,287.56597999999997,9,2025-05-22
1309384285773606915,110602.3,0.0015,Sell,2025-05-22 09:51:01,BTCUSDT,165.90345000000002,9,2025-05-22
1309384285769412624,110602.3,0.0026,Sell,2025-05-22 09:51:01,BTCUSDT,287.56597999999997,9,2025-05-22
1309384285769412620,110602.3,0.0037,Sell,2025-05-22 09:51:01,BTCUSDT,409.22851,9,2025-05-22
1309384285752635402,110602.3,0.0037,Sell,2025-05-22 09:51:01,BTCUSDT,409.22851,9,2025-05-22
1309384285752635397,110602.3,0.0023,Sell,2025-05-22 09:51:01,BTCUSDT,254.38529,9,2025-05-22
1309384285748441097,110611.0,0.0025,Sell,2025-05-22 09:51:01,BTCUSDT,276.52750000000003,9,2025-05-22
1309384285748441095,110611.0,0.0034,Sell,2025-05-22 09:51:01,BTCUSDT,376.07739999999995,9,2025-05-22
1309384285748441091,110611.0,0.0078,Sell,2025-05-22 09:51:01,BTCUSDT,862.7658,9,2025-05-22
1309384285740052496,110611.0,0.002,Sell,2025-05-22 09:51:01,BTCUSDT,221.222,9,2025-05-22
1309384285740052491,110611.0,0.0012,Sell,2025-05-22 09:51:01,BTCUSDT,132.73319999999998,9,2025-05-22
1309384285740052483,110611.0,0.0022,Sell,2025-05-22 09:51:01,BTCUSDT,243.3442,9,2025-05-22
1309384285735858182,110611.0,0.004,Sell,2025-05-22 09:51:01,BTCUSDT,442.444,9,2025-05-22
1309384285731663874,110611.0,0.0039,Sell,2025-05-22 09:51:01,BTCUSDT,431.3829,9,2025-05-22
1309384285723275266,110611.0,0.001,Sell,2025-05-22 09:51:01,BTCUSDT,110.611,9,2025-05-22
1309384285706498069,110611.0,0.0045,Sell,2025-05-22 09:51:01,BTCUSDT,497.74949999999995,9,2025-05-22
1309384285358370894,110619.5,0.0607,Sell,2025-05-22 09:51:01,BTCUSDT,6714.60365,9,2025-05-22
1309384285358370892,110619.5,0.0022,Sell,2025-05-22 09:51:01,BTCUSDT,243.36290000000002,9,2025-05-22
1309384284599201793,110619.6,0.0025,Buy,2025-05-22 09:51:01,BTCUSDT,276.54900000000004,9,2025-05-22
1309384284565647361,110619.5,0.0031,Sell,2025-05-22 09:51:01,BTCUSDT,342.92044999999996,9,2025-05-22
1309384283512877058,110619.6,0.0026,Buy,2025-05-22 09:51:01,BTCUSDT,287.61096,9,2025-05-22
1309384282976006147,110619.5,0.0567,Sell,2025-05-22 09:51:00,BTCUSDT,6272.12565,9,2025-05-22
1309384282976006145,110620.1,0.0906,Sell,2025-05-22 09:51:00,BTCUSDT,10022.18106,9,2025-05-22
1309384282674016257,110622.0,0.0278,Buy,2025-05-22 09:51:00,BTCUSDT,3075.2916,9,2025-05-22
1309384281017266182,110623.8,0.03,Sell,2025-05-22 09:51:00,BTCUSDT,3318.714,9,2025-05-22
1309384280664944670,110623.8,0.2716,Sell,2025-05-22 09:51:00,BTCUSDT,30045.42408,9,2025-05-22
1309384280664944668,110623.8,0.0018,Sell,2025-05-22 09:51:00,BTCUSDT,199.12284,9,2025-05-22
1309384280664944666,110623.8,0.2128,Sell,2025-05-22 09:51:00,BTCUSDT,23540.74464,9,2025-05-22
1309384280409092097,110623.9,0.0497,Buy,2025-05-22 09:51:00,BTCUSDT,5498.00783,9,2025-05-22
1309384278987223071,110623.9,0.0072,Buy,2025-05-22 09:50:59,BTCUSDT,796.49208,9,2025-05-22
1309384278987223069,110623.9,0.0189,Buy,2025-05-22 09:50:59,BTCUSDT,2090.79171,9,2025-05-22
1309384278479712257,110623.8,0.0069,Sell,2025-05-22 09:50:59,BTCUSDT,763.30422,9,2025-05-22
1309384274818084873,110618.8,4.5618,Sell,2025-05-22 09:50:58,BTCUSDT,504620.84184,9,2025-05-22
1309384274348322891,110624.6,0.0791,Sell,2025-05-22 09:50:58,BTCUSDT,8750.40586,9,2025-05-22
1309384273446547458,110641.3,0.1834,Buy,2025-05-22 09:50:58,BTCUSDT,20291.61442,9,2025-05-22
1309384268614709249,110641.3,0.04,Buy,2025-05-22 09:50:57,BTCUSDT,4425.652,9,2025-05-22
1309384268388216836,110641.3,0.025,Buy,2025-05-22 09:50:57,BTCUSDT,2766.0325000000003,9,2025-05-22
1309384263409577993,110643.6,0.0906,Buy,2025-05-22 09:50:56,BTCUSDT,10024.31016,9,2025-05-22
1309384263409577991,110643.6,0.2123,Buy,2025-05-22 09:50:56,BTCUSDT,23489.63628,9,2025-05-22
1309384263409577989,110643.6,0.2519,Buy,2025-05-22 09:50:56,BTCUSDT,27871.122840000004,9,2025-05-22
1309384263409577987,110643.6,0.2502,Buy,2025-05-22 09:50:56,BTCUSDT,27683.02872,9,2025-05-22
1309384263409577985,110643.6,0.002,Buy,2025-05-22 09:50:56,BTCUSDT,221.2872,9,2025-05-22
1309384259328520205,110643.6,0.0005,Buy,2025-05-22 09:50:55,BTCUSDT,55.3218,9,2025-05-22
1309384256396701697,110628.9,0.0002,Buy,2025-05-22 09:50:54,BTCUSDT,22.12578,9,2025-05-22
1309384250637922308,110628.9,0.0263,Buy,2025-05-22 09:50:53,BTCUSDT,2909.54007,9,2025-05-22
1309384249052475395,110628.9,0.009,Buy,2025-05-22 09:50:52,BTCUSDT,995.6600999999998,9,2025-05-22
1309384248360415234,110628.9,0.0907,Buy,2025-05-22 09:50:52,BTCUSDT,10034.041229999999,9,2025-05-22
1309384247332810754,110628.8,0.0002,Sell,2025-05-22 09:50:52,BTCUSDT,22.125760000000003,9,2025-05-22
1309384247253118979,110628.9,0.0028,Buy,2025-05-22 09:50:52,BTCUSDT,309.76092,9,2025-05-22
1309384247219564547,110628.9,0.0023,Buy,2025-05-22 09:50:52,BTCUSDT,254.44646999999998,9,2025-05-22
1309384247165038595,110628.9,0.0012,Buy,2025-05-22 09:50:52,BTCUSDT,132.75467999999998,9,2025-05-22
1309384247106318344,110628.9,0.0032,Buy,2025-05-22 09:50:52,BTCUSDT,354.01248,9,2025-05-22
1309384247102124035,110628.9,0.0032,Buy,2025-05-22 09:50:52,BTCUSDT,354.01248,9,2025-05-22
1309384246930157568,110628.9,0.0018,Buy,2025-05-22 09:50:52,BTCUSDT,199.13201999999998,9,2025-05-22
1309384246695276549,110628.9,0.0021,Buy,2025-05-22 09:50:52,BTCUSDT,232.32068999999998,9,2025-05-22
1309384246670110721,110628.9,0.0026,Buy,2025-05-22 09:50:52,BTCUSDT,287.63514,9,2025-05-22
1309384246665916420,110628.9,0.0015,Buy,2025-05-22 09:50:52,BTCUSDT,165.94334999999998,9,2025-05-22
1309384246640750604,110628.9,0.0002,Buy,2025-05-22 09:50:52,BTCUSDT,22.12578,9,2025-05-22
1309384246640750596,110628.9,0.0033,Buy,2025-05-22 09:50:52,BTCUSDT,365.07536999999996,9,2025-05-22
1309384246632361988,110628.9,0.0021,Buy,2025-05-22 09:50:52,BTCUSDT,232.32068999999998,9,2025-05-22
1309384246611390480,110628.9,0.0028,Buy,2025-05-22 09:50:52,BTCUSDT,309.76092,9,2025-05-22
1309384246611390476,110628.9,0.0033,Buy,2025-05-22 09:50:52,BTCUSDT,365.07536999999996,9,2025-05-22
1309384246611390472,110628.9,0.0024,Buy,2025-05-22 09:50:52,BTCUSDT,265.50935999999996,9,2025-05-22
1309384246611390467,110628.9,0.0023,Buy,2025-05-22 09:50:52,BTCUSDT,254.44646999999998,9,2025-05-22
1309384246603001875,110628.9,0.0007,Buy,2025-05-22 09:50:52,BTCUSDT,77.44023,9,2025-05-22
1309384246603001865,110628.9,0.0014,Buy,2025-05-22 09:50:52,BTCUSDT,154.88046,9,2025-05-22
1309384246603001861,110628.9,0.0033,Buy,2025-05-22 09:50:52,BTCUSDT,365.07536999999996,9,2025-05-22
1309384246603001857,110628.9,0.0028,Buy,2025-05-22 09:50:52,BTCUSDT,309.76092,9,2025-05-22
1309384246598807571,110628.9,0.0007,Buy,2025-05-22 09:50:52,BTCUSDT,77.44023,9,2025-05-22
1309384246598807566,110628.9,0.002,Buy,2025-05-22 09:50:52,BTCUSDT,221.2578,9,2025-05-22
1309384246598807562,110628.9,0.0012,Buy,2025-05-22 09:50:52,BTCUSDT,132.75467999999998,9,2025-05-22
1309384246594613250,110628.9,0.0003,Buy,2025-05-22 09:50:52,BTCUSDT,33.188669999999995,9,2025-05-22
1309384246590419081,110628.9,0.0023,Buy,2025-05-22 09:50:52,BTCUSDT,254.44646999999998,9,2025-05-22
1309384246590419073,110628.9,0.0015,Buy,2025-05-22 09:50:52,BTCUSDT,165.94334999999998,9,2025-05-22
1309384246590419067,110628.9,0.001,Buy,2025-05-22 09:50:52,BTCUSDT,110.6289,9,2025-05-22
1309384246573641738,110628.9,0.0022,Buy,2025-05-22 09:50:52,BTCUSDT,243.38358,9,2025-05-22
1309384246573641736,110622.5,0.0033,Buy,2025-05-22 09:50:52,BTCUSDT,365.05425,9,2025-05-22
1309384246573641729,110622.5,0.0012,Buy,2025-05-22 09:50:52,BTCUSDT,132.74699999999999,9,2025-05-22
1309384246556864517,110622.5,0.0002,Buy,2025-05-22 09:50:52,BTCUSDT,22.1245,9,2025-05-22
1309384246552670209,110622.5,0.004,Buy,2025-05-22 09:50:52,BTCUSDT,442.49,9,2025-05-22
1309384246548475906,110622.5,0.0003,Buy,2025-05-22 09:50:52,BTCUSDT,33.186749999999996,9,2025-05-22
1309384246544281613,110622.5,0.0028,Buy,2025-05-22 09:50:52,BTCUSDT,309.743,9,2025-05-22
1309384246544281608,110622.5,0.0012,Buy,2025-05-22 09:50:52,BTCUSDT,132.74699999999999,9,2025-05-22
1309384246544281606,110618.4,0.0025,Buy,2025-05-22 09:50:52,BTCUSDT,276.546,9,2025-05-22
1309384246540087307,110618.4,0.0019,Buy,2025-05-22 09:50:52,BTCUSDT,210.17496,9,2025-05-22
1309384246535892996,110618.4,0.0019,Buy,2025-05-22 09:50:52,BTCUSDT,210.17496,9,2025-05-22
1309384245650894851,110618.3,0.01,Sell,2025-05-22 09:50:52,BTCUSDT,1106.183,9,2025-05-22
1309384243503411201,110618.3,0.0035,Sell,2025-05-22 09:50:51,BTCUSDT,387.16405000000003,9,2025-05-22
1309384242857488389,110618.4,0.0013,Buy,2025-05-22 09:50:51,BTCUSDT,143.80391999999998,9,2025-05-22
1309384238147284995,110612.4,0.0053,Buy,2025-05-22 09:50:50,BTCUSDT,586.24572,9,2025-05-22
1309384234523406352,110607.6,0.1236,Buy,2025-05-22 09:50:49,BTCUSDT,13671.09936,9,2025-05-22
1309384234523406350,110607.6,0.0018,Buy,2025-05-22 09:50:49,BTCUSDT,199.09368,9,2025-05-22
1309384234523406348,110607.6,0.0034,Buy,2025-05-22 09:50:49,BTCUSDT,376.06584,9,2025-05-22
1309384234523406346,110607.6,0.0076,Buy,2025-05-22 09:50:49,BTCUSDT,840.6177600000001,9,2025-05-22
1309384234523406344,110607.6,0.0041,Buy,2025-05-22 09:50:49,BTCUSDT,453.49116000000004,9,2025-05-22
1309384234523406342,110607.6,0.07,Buy,2025-05-22 09:50:49,BTCUSDT,7742.532000000001,9,2025-05-22
1309384234523406339,110607.6,0.03,Buy,2025-05-22 09:50:49,BTCUSDT,3318.228,9,2025-05-22
1309384234523406337,110607.6,0.029,Buy,2025-05-22 09:50:49,BTCUSDT,3207.6204000000002,9,2025-05-22
1309384233084760065,110607.6,0.001,Buy,2025-05-22 09:50:49,BTCUSDT,110.6076,9,2025-05-22
1309384228282281986,110607.6,3.484,Buy,2025-05-22 09:50:47,BTCUSDT,385356.87840000005,9,2025-05-22
1309384226134798340,110607.5,0.0076,Sell,2025-05-22 09:50:47,BTCUSDT,840.617,9,2025-05-22
1309384224905867267,110610.0,0.0003,Buy,2025-05-22 09:50:47,BTCUSDT,33.183,9,2025-05-22
1309384217591001092,110614.1,0.0018,Sell,2025-05-22 09:50:45,BTCUSDT,199.10538,9,2025-05-22
1309384216118800388,110614.1,0.0249,Sell,2025-05-22 09:50:44,BTCUSDT,2754.29109,9,2025-05-22
1309384212817883136,110614.1,0.004,Sell,2025-05-22 09:50:44,BTCUSDT,442.45640000000003,9,2025-05-22
1309384211496677378,110614.1,0.0538,Sell,2025-05-22 09:50:43,BTCUSDT,5951.03858,9,2025-05-22
1309384210561347585,110614.1,0.0013,Sell,2025-05-22 09:50:43,BTCUSDT,143.79833,9,2025-05-22
1309384200155279375,110614.2,0.1821,Buy,2025-05-22 09:50:41,BTCUSDT,20142.845820000002,9,2025-05-22
1309384200155279373,110610.0,0.0792,Buy,2025-05-22 09:50:41,BTCUSDT,8760.312,9,2025-05-22
1309384200155279370,110600.0,0.0011,Buy,2025-05-22 09:50:41,BTCUSDT,121.66000000000001,9,2025-05-22
1309384200155279368,110600.0,0.2376,Buy,2025-05-22 09:50:41,BTCUSDT,26278.56,9,2025-05-22
1309384197051494401,110600.0,0.0009,Buy,2025-05-22 09:50:40,BTCUSDT,99.53999999999999,9,2025-05-22
1309384196883722247,110600.0,0.0001,Buy,2025-05-22 09:50:40,BTCUSDT,11.06,9,2025-05-22
1309384196871139334,110600.0,0.003,Buy,2025-05-22 09:50:40,BTCUSDT,331.8,9,2025-05-22
1309384196858556417,110600.0,0.0021,Buy,2025-05-22 09:50:40,BTCUSDT,232.26,9,2025-05-22
1309384196845973530,110600.0,0.0037,Buy,2025-05-22 09:50:40,BTCUSDT,409.22,9,2025-05-22
1309384196845973525,110600.0,0.0012,Buy,2025-05-22 09:50:40,BTCUSDT,132.72,9,2025-05-22
1309384196845973514,110600.0,0.0026,Buy,2025-05-22 09:50:40,BTCUSDT,287.56,9,2025-05-22
1309384196829196313,110600.0,0.0037,Buy,2025-05-22 09:50:40,BTCUSDT,409.22,9,2025-05-22
1309384196829196297,110600.0,0.0015,Buy,2025-05-22 09:50:40,BTCUSDT,165.9,9,2025-05-22
1309384196820807745,110600.0,0.0008,Buy,2025-05-22 09:50:40,BTCUSDT,88.48,9,2025-05-22
1309384196799836204,110600.0,0.0031,Buy,2025-05-22 09:50:40,BTCUSDT,342.86,9,2025-05-22
1309384196778864663,110600.0,0.0037,Buy,2025-05-22 09:50:40,BTCUSDT,409.22,9,2025-05-22
1309384196778864644,110600.0,0.0034,Buy,2025-05-22 09:50:40,BTCUSDT,376.03999999999996,9,2025-05-22
1309384196770476035,110600.0,0.0017,Buy,2025-05-22 09:50:40,BTCUSDT,188.01999999999998,9,2025-05-22
1309384196766281742,110600.0,0.0001,Buy,2025-05-22 09:50:40,BTCUSDT,11.06,9,2025-05-22
1309384196762087431,110600.0,0.0025,Buy,2025-05-22 09:50:40,BTCUSDT,276.5,9,2025-05-22
1309384196757893129,110600.0,0.0084,Buy,2025-05-22 09:50:40,BTCUSDT,929.04,9,2025-05-22
1309384196753698823,110600.0,0.0018,Buy,2025-05-22 09:50:40,BTCUSDT,199.07999999999998,9,2025-05-22
1309384196749504521,110600.0,0.0037,Buy,2025-05-22 09:50:40,BTCUSDT,409.22,9,2025-05-22
1309384196745310211,110600.0,0.0022,Buy,2025-05-22 09:50:40,BTCUSDT,243.32000000000002,9,2025-05-22
1309384196736921604,110600.0,0.0021,Buy,2025-05-22 09:50:40,BTCUSDT,232.26,9,2025-05-22
1309384196694978561,110600.0,0.0019,Buy,2025-05-22 09:50:40,BTCUSDT,210.14,9,2025-05-22
1309384194392305665,110600.0,0.0222,Buy,2025-05-22 09:50:39,BTCUSDT,2455.32,9,2025-05-22
1309384194149036033,110600.0,0.0006,Buy,2025-05-22 09:50:39,BTCUSDT,66.36,9,2025-05-22
1309384189799542787,110599.9,0.0223,Sell,2025-05-22 09:50:38,BTCUSDT,2466.37777,9,2025-05-22
1309384189799542785,110599.9,0.1078,Sell,2025-05-22 09:50:38,BTCUSDT,11922.66922,9,2025-05-22
1309384188629331973,110600.0,0.0002,Buy,2025-05-22 09:50:38,BTCUSDT,22.12,9,2025-05-22
1309384187878551555,110599.9,0.0315,Sell,2025-05-22 09:50:38,BTCUSDT,3483.8968499999996,9,2025-05-22
1309384187878551553,110599.9,0.0067,Sell,2025-05-22 09:50:38,BTCUSDT,741.01933,9,2025-05-22
1309384185877868546,110599.9,0.0256,Sell,2025-05-22 09:50:37,BTCUSDT,2831.3574399999998,9,2025-05-22
1309384182832803841,110600.0,0.0006,Buy,2025-05-22 09:50:37,BTCUSDT,66.36,9,2025-05-22
1309384182744723458,110599.9,0.0714,Sell,2025-05-22 09:50:37,BTCUSDT,7896.83286,9,2025-05-22
1309384177510232065,110600.0,6.4692,Buy,2025-05-22 09:50:35,BTCUSDT,715493.52,9,2025-05-22
1309384171738869761,110599.9,0.02,Sell,2025-05-22 09:50:34,BTCUSDT,2211.998,9,2025-05-22
1309384171638206465,110599.9,0.02,Sell,2025-05-22 09:50:34,BTCUSDT,2211.998,9,2025-05-22
1309384167624257542,110594.4,0.0014,Buy,2025-05-22 09:50:33,BTCUSDT,154.83216,9,2025-05-22
1309384167624257539,110594.4,0.0059,Buy,2025-05-22 09:50:33,BTCUSDT,652.5069599999999,9,2025-05-22
1309384165153812487,110594.4,0.0016,Buy,2025-05-22 09:50:32,BTCUSDT,176.95104,9,2025-05-22
1309384163669028869,110594.4,0.0107,Buy,2025-05-22 09:50:32,BTCUSDT,1183.36008,9,2025-05-22
1309384163669028867,110593.4,0.0029,Buy,2025-05-22 09:50:32,BTCUSDT,320.72085999999996,9,2025-05-22
1309384161882255364,110591.2,0.001,Sell,2025-05-22 09:50:32,BTCUSDT,110.5912,9,2025-05-22
1309384157427904518,110591.3,0.0023,Buy,2025-05-22 09:50:30,BTCUSDT,254.35999,9,2025-05-22
1309384156794564609,110591.2,0.0034,Sell,2025-05-22 09:50:30,BTCUSDT,376.01007999999996,9,2025-05-22
1309384153049051140,110589.0,0.0207,Sell,2025-05-22 09:50:29,BTCUSDT,2289.1923,9,2025-05-22
1309384149945266179,110589.1,0.0008,Buy,2025-05-22 09:50:29,BTCUSDT,88.47128000000001,9,2025-05-22
1309384148938633223,110589.1,0.0297,Buy,2025-05-22 09:50:28,BTCUSDT,3284.49627,9,2025-05-22
1309384139585335340,110589.0,0.0032,Sell,2025-05-22 09:50:26,BTCUSDT,353.88480000000004,9,2025-05-22
1309384138226380803,110589.0,0.0069,Sell,2025-05-22 09:50:26,BTCUSDT,763.0640999999999,9,2025-05-22
1309384133591674908,110589.0,0.0049,Sell,2025-05-22 09:50:25,BTCUSDT,541.8860999999999,9,2025-05-22
1309384133516177412,110589.0,0.1,Sell,2025-05-22 09:50:25,BTCUSDT,11058.900000000001,9,2025-05-22
1309384132891226113,110589.1,0.0031,Buy,2025-05-22 09:50:25,BTCUSDT,342.82621,9,2025-05-22
1309384130328506369,110589.1,0.0015,Buy,2025-05-22 09:50:24,BTCUSDT,165.88365000000002,9,2025-05-22
1309384128810168321,110589.1,2.9616,Buy,2025-05-22 09:50:24,BTCUSDT,327520.67856,9,2025-05-22
1309384122543878150,110589.1,0.0023,Buy,2025-05-22 09:50:22,BTCUSDT,254.35493,9,2025-05-22
1309384122543878148,110589.1,0.0035,Buy,2025-05-22 09:50:22,BTCUSDT,387.06185000000005,9,2025-05-22
1309384122153807873,110589.0,0.0501,Sell,2025-05-22 09:50:22,BTCUSDT,5540.5089,9,2025-05-22
1309384120731938823,110589.0,0.0656,Sell,2025-05-22 09:50:22,BTCUSDT,7254.638400000001,9,2025-05-22
1309384120731938821,110589.0,0.0001,Sell,2025-05-22 09:50:22,BTCUSDT,11.058900000000001,9,2025-05-22
1309384120731938819,110589.0,0.0039,Sell,2025-05-22 09:50:22,BTCUSDT,431.2971,9,2025-05-22
1309384118311825411,110589.0,0.0003,Sell,2025-05-22 09:50:21,BTCUSDT,33.1767,9,2025-05-22
1309384111546413060,110589.1,0.0002,Buy,2025-05-22 09:50:20,BTCUSDT,22.117820000000002,9,2025-05-22
1309384111546413058,110589.1,0.0006,Buy,2025-05-22 09:50:20,BTCUSDT,66.35346,9,2025-05-22
1309384110212624388,110589.0,0.0006,Sell,2025-05-22 09:50:19,BTCUSDT,66.3534,9,2025-05-22
1309384110212624386,110589.0,0.009,Sell,2025-05-22 09:50:19,BTCUSDT,995.3009999999999,9,2025-05-22
1309384108375519242,110589.0,0.2072,Sell,2025-05-22 09:50:19,BTCUSDT,22914.0408,9,2025-05-22
1309384108375519240,110589.0,0.0333,Sell,2025-05-22 09:50:19,BTCUSDT,3682.6137000000003,9,2025-05-22
1309384106500665349,110579.7,0.2236,Sell,2025-05-22 09:50:18,BTCUSDT,24725.620919999998,9,2025-05-22
1309384106500665347,110579.7,0.0438,Sell,2025-05-22 09:50:18,BTCUSDT,4843.3908599999995,9,2025-05-22
1309384102843232260,110579.7,0.0029,Sell,2025-05-22 09:50:17,BTCUSDT,320.68113,9,2025-05-22
1309384100100157441,110579.7,0.0207,Sell,2025-05-22 09:50:17,BTCUSDT,2288.99979,9,2025-05-22
1309384099605229569,110579.7,0.0132,Sell,2025-05-22 09:50:17,BTCUSDT,1459.65204,9,2025-05-22
1309384099101913092,110579.7,0.0012,Sell,2025-05-22 09:50:17,BTCUSDT,132.69564,9,2025-05-22
1309384099059970088,110579.8,0.01,Buy,2025-05-22 09:50:17,BTCUSDT,1105.798,9,2025-05-22
1309384098892197905,110579.8,0.0016,Buy,2025-05-22 09:50:17,BTCUSDT,176.92768,9,2025-05-22
1309384097763930112,110579.8,0.0002,Buy,2025-05-22 09:50:16,BTCUSDT,22.11596,9,2025-05-22
1309384096325283841,110579.7,0.0001,Sell,2025-05-22 09:50:16,BTCUSDT,11.057970000000001,9,2025-05-22
1309384096262369283,110579.7,0.0573,Sell,2025-05-22 09:50:16,BTCUSDT,6336.21681,9,2025-05-22
1309384096186871809,110579.7,0.0001,Sell,2025-05-22 09:50:16,BTCUSDT,11.057970000000001,9,2025-05-22
1309384094756614147,110579.8,0.0002,Buy,2025-05-22 09:50:16,BTCUSDT,22.11596,9,2025-05-22
1309384089366933510,110579.8,0.0195,Buy,2025-05-22 09:50:14,BTCUSDT,2156.3061000000002,9,2025-05-22
1309384089366933508,110576.9,0.0005,Buy,2025-05-22 09:50:14,BTCUSDT,55.28845,9,2025-05-22
1309384088179945476,110573.7,0.0167,Sell,2025-05-22 09:50:14,BTCUSDT,1846.58079,9,2025-05-22
1309384088150585346,110573.7,0.0011,Sell,2025-05-22 09:50:14,BTCUSDT,121.63107000000001,9,2025-05-22
